Workbook

Sheet PAR tracking 2023
A1: Location (drop-down) | B1: Location ID | C1: # | D1: PAR # | E1: PAR type | F1: BRIEF DESCRIPTION OF PAR if VOID: Location, type, details (initials, date) | G1: PAR initialized date | H1: QA team member initials | I1: Date closed | J1: Area (Ops, Lab, Misc., PT) (drop-down) | K1: Projected Improvement | L1: Action taken | M1: Notes
A2: Tampa, FL | B2: =VLOOKUP(Table24[[#This Row],[Location (drop-down)]],'List source'!D$2:E$59,2,FALSE) -> 126 | C2: 001 | D2: ="P" & C2 & "-" & B2 & "-" & "23" -> P001-126-23 | E2: PT | F2: PT: JF2207; D1322 - Smoke Point, Man | G2: 44937 | H2: JN | I2: 45099 | J2: PT | K2: To minimize future PT outliers and improve lab accuracy. | L2: Ensure techs are properly trained
A3: Tampa, FL | B3: =VLOOKUP(Table24[[#This Row],[Location (drop-down)]],'List source'!D$2:E$59,2,FALSE) -> 126 | C3: 002 | D3: ="P" & C3 & "-" & B3 & "-" & "23" -> P002-126-23 | E3: PT | F3: PT: JF2207; D6045 - Color, Auto, as D156 Saybolt | G3: 44937 | H3: JN | I3: 45099 | J3: PT | K3: To minimize future PT outliers and improve lab accuracy. | L3: Ensure techs are properly trained
A4: Los Angeles (Signal Hill), CA | B4: 130 | C4: 003 | D4: ="P" & C4 & "-" & B4 & "-" & "23" -> P003-130-23 | E4: PT | F4: PT: JF2207; D56 - Flash Point, TAG, Corrected | G4: 44937 | H4: JN | I4: 45295 | J4: PT
A5: Los Angeles (Signal Hill), CA | B5: 130 | C5: 004 | D5: ="P" & C5 & "-" & B5 & "-" & "23" -> P004-130-23 | E5: PT | F5: PT: JF2207; D1840 - Napthalenes, by UVS, Proc A | G5: 44937 | H5: JN | I5: 45295 | J5: PT
A6: Bellingham (Ferndale), WA | B6: =VLOOKUP(Table24[[#This Row],[Location (drop-down)]],'List source'!D$2:E$59,2,FALSE) -> 132 | C6: 005 | D6: ="P" & C6 & "-" & B6 & "-" & "23" -> P005-132-23 | E6: PT | F6: PT: JF2207; D86 - Distillation, Auto, IBP | G6: 44937 | H6: JN | I6: 45295 | J6: PT
A7: Bellingham (Ferndale), WA | B7: =VLOOKUP(Table24[[#This Row],[Location (drop-down)]],'List source'!D$2:E$59,2,FALSE) -> 132 | C7: 006 | D7: ="P" & C7 & "-" & B7 & "-" & "23" -> P006-132-23 | E7: PT | F7: PT: JF2207; D1319 - HC Type, Olefins, Oxy-Free | G7: 44937 | H7: JN | I7: 45307 | J7: PT | K7: To minimize future PT outliers and improve lab accuracy. | L7: N/A
A8: Bellingham (Ferndale), WA | B8: =VLOOKUP(Table24[[#This Row],[Location (drop-down)]],'List source'!D$2:E$59,2,FALSE) -> 132 | C8: 007 | D8: ="P" & C8 & "-" & B8 & "-" & "23" -> P007-132-23 | E8: PT | F8: PT: R-1328; D2699 - Octane Number, Research | G8: 44937 | H8: JN | I8: 45372 | J8: PT | K8: Technicians to be throughly trained to improve future Z-scores. | L8: Training
A9: Brownsville, TX | B9: =VLOOKUP(Table24[[#This Row],[Location (drop-down)]],'List source'!D$2:E$59,2,FALSE) -> 158 | C9: 008 | D9: ="P" & C9 & "-" & B9 & "-" & "23" -> P008-158-23 | E9: PT | F9: PT: MG2208; D1319 - HC Type, Aromatics, Corrected & Oxy-Free | G9: 44937 | H9: JN | I9: 45217 | J9: PT
A10: Brownsville, TX | B10: =VLOOKUP(Table24[[#This Row],[Location (drop-down)]],'List source'!D$2:E$59,2,FALSE) -> 158 | C10: 009 | D10: ="P" & C10 & "-" & B10 & "-" & "23" -> P009-158-23 | E10: PT | F10: PT: MG2208; D5453 - Sulfur, by UVF | G10: 44937 | H10: JN | I10: 45022 | J10: PT
A11: Halifax (Dartmouth), NS | B11: =VLOOKUP(Table24[[#This Row],[Location (drop-down)]],'List source'!D$2:E$59,2,FALSE) -> 198 | C11: 010 | D11: ="P" & C11 & "-" & B11 & "-" & "23" -> P010-198-23 | E11: PT | F11: PT: JF2207; D3242 - Acidity | G11: 44937 | H11: JN | I11: 45581 | J11: PT
A12: Halifax (Dartmouth), NS | B12: =VLOOKUP(Table24[[#This Row],[Location (drop-down)]],'List source'!D$2:E$59,2,FALSE) -> 198 | C12: 011 | D12: ="P" & C12 & "-" & B12 & "-" & "23" -> P011-198-23 | E12: PT | F12: PT: JF2207; D3338 - Net Heat of Combustion | G12: 44937 | H12: JN | I12: 45581 | J12: PT
A13: Bahamas (Freeport), GBI | B13: =VLOOKUP(Table24[[#This Row],[Location (drop-down)]],'List source'!D$2:E$59,2,FALSE) -> 215 | C13: 012 | D13: ="P" & C13 & "-" & B13 & "-" & "23" -> P012-215-23 | E13: PT | F13: PT: JF2207; D2622 - Sulfur by WDXRF | G13: 44937 | H13: JN | I13: VOID | J13: PT | M13: oided per local MOC 132 due to lab fire on 11/2/24.
A14: Cape Canaveral, FL | B14: =VLOOKUP(Table24[[#This Row],[Location (drop-down)]],'List source'!D$2:E$59,2,FALSE) -> 127 | C14: 013 | D14: ="P" & C14 & "-" & B14 & "-" & "23" -> P013-127-23 | E14: PT | F14: PT: RFG2210; D5769 - Aromatics, Total, by GC/MS (EPA) | G14: 44937 | H14: JN | I14: 44942 | J14: PT | K14: To minmize PT outliers and improve lab competency | L14: N/A, original results within ASTM test method reproducibility
A15: Corpus Christi, TX | B15: =VLOOKUP(Table24[[#This Row],[Location (drop-down)]],'List source'!D$2:E$59,2,FALSE) -> 155 | C15: 014 | D15: ="P" & C15 & "-" & B15 & "-" & "23" -> P014-155-23 | E15: PT | F15: PT: TM10C-22; D2700 - Motor Octane Number | G15: 44938 | H15: JN | I15: 44978 | J15: PT | K15: To monitor method performance
A16: Houston (HTC), TX | B16: =VLOOKUP(Table24[[#This Row],[Location (drop-down)]],'List source'!D$2:E$59,2,FALSE) -> 120 | C16: 015 | D16: ="P" & C16 & "-" & B16 & "-" & "23" -> P015-120-23 | E16: PT | F16: PT: RFG2210; D8071 - HC Type, Naphthenes, GC-VUV | G16: 44956 | H16: JN | I16: 45083 | J16: PT | K16: Monitor testing performance and improve accuracy | L16: Cross reference GC methods before reporting results
A17: Lake Charles (Sulfur), LA | B17: =VLOOKUP(Table24[[#This Row],[Location (drop-down)]],'List source'!D$2:E$59,2,FALSE) -> 165 | C17: 016 | D17: ="P" & C17 & "-" & B17 & "-" & "23" -> P016-165-23 | E17: PT | F17: PT: RFG2211; D6839 - HC Type/Oxy, Aromatics, Benzene, & Saturates, by M-D GC | G17: 44956 | H17: JN | I17: 44957 | J17: PT | K17: To minmize PT outliers and improve lab competency | L17: N/A, original results within ASTM test method reproducibility
A18: Lake Charles (Sulfur), LA | B18: =VLOOKUP(Table24[[#This Row],[Location (drop-down)]],'List source'!D$2:E$59,2,FALSE) -> 165 | C18: 017 | D18: ="P" & C18 & "-" & B18 & "-" & "23" -> P017-165-23 | E18: PT | F18: PT: RFG2211; D3606 - Toluene, by GC, Proc B & EPA | G18: 44956 | H18: JN | I18: 44964 | J18: PT | K18: To minmize PT outliers and improve lab competency | L18: retraining
A19: Montreal, QC | B19: =VLOOKUP(Table24[[#This Row],[Location (drop-down)]],'List source'!D$2:E$59,2,FALSE) -> 197 | C19: 018 | D19: ="P" & C19 & "-" & B19 & "-" & "23" -> P018-197-23 | E19: PT | F19: PT: RFG2211; D5453 - Sulfur, by UVF | G19: 44957 | H19: JN | I19: 45539 | J19: PT
A20: Mickleton (Philly), NJ | B20: =VLOOKUP(Table24[[#This Row],[Location (drop-down)]],'List source'!D$2:E$59,2,FALSE) -> 180 | C20: 019 | D20: ="P" & C20 & "-" & B20 & "-" & "23" -> P019-180-23 | E20: PT | F20: PT: NP2210; D1159 - Bromine Number, titration | G20: 44957 | H20: JN | I20: 44973 | J20: PT | K20: To monitor method performance | L20: Retraining (email to all techs)
A21: Boston (Everett), MA | B21: =VLOOKUP(Table24[[#This Row],[Location (drop-down)]],'List source'!D$2:E$59,2,FALSE) -> 141 | C21: 020 | D21: ="P" & C21 & "-" & B21 & "-" & "23" -> P020-141-23 | E21: PT | F21: PT: AT-351; D2699 - Research Octane Number | G21: 44960 | H21: JN | I21: 44967 | J21: PT | K21: To ensure proper instrument function and decrease NC results | L21: Calibration / verification schedule established
A22: Lake Charles (Sulfur), LA | B22: =VLOOKUP(Table24[[#This Row],[Location (drop-down)]],'List source'!D$2:E$59,2,FALSE) -> 165 | C22: 021 | D22: ="P" & C22 & "-" & B22 & "-" & "23" -> P021-165-23 | E22: PT | F22: PT: DF22210; D86 - Distillation, Auto, IBP | G22: 44960 | H22: JN | I22: 44998 | J22: PT | K22: To monitor method performance | L22: Within method R
A23: St Croix, USVI | B23: =VLOOKUP(Table24[[#This Row],[Location (drop-down)]],'List source'!D$2:E$59,2,FALSE) -> 210 | C23: 022 | D23: ="P" & C23 & "-" & B23 & "-" & "23" -> P022-210-23 | E23: PT | F23: PT: RFG2211; D1319 - HC Type, Aromatics, Corrected (EPA) | G23: 44965 | H23: JN | I23: 45152 | J23: PT | K23: To minmize PT outliers and improve lab competency | L23: TMA and retraining
A24: Lake Charles (Sulfur), LA | B24: =VLOOKUP(Table24[[#This Row],[Location (drop-down)]],'List source'!D$2:E$59,2,FALSE) -> 165 | C24: 023 | D24: ="P" & C24 & "-" & B24 & "-" & "23" -> P023-165-23 | E24: PT | F24: PT: RFG2212; D1319 19(EPA) & -20a - HC Type, Olefins, Corrected & Oxy-Free | G24: 44965 | H24: JN | I24: 44998 | J24: PT | K24: To monitor method performance | L24: Within method R
A25: Boston (Everett), MA | B25: =VLOOKUP(Table24[[#This Row],[Location (drop-down)]],'List source'!D$2:E$59,2,FALSE) -> 141 | C25: 024 | D25: ="P" & C25 & "-" & B25 & "-" & "23" -> P024-141-23 | E25: Internal assessment (9001 & 17025) | F25: IA: Irving Flow Times SOP should be locally controlled | G25: 44986 | H25: ECC | I25: 45021 | J25: Lab | K25: To control all non-AmSpec SOPs | L25: Controlled SOP
A26: Boston (Everett), MA | B26: =VLOOKUP(Table24[[#This Row],[Location (drop-down)]],'List source'!D$2:E$59,2,FALSE) -> 141 | C26: 025 | D26: ="P" & C26 & "-" & B26 & "-" & "23" -> P025-141-23 | E26: Internal assessment (9001 & 17025) | F26: IA: Surrogate bottle RVP-03 has lost some liquid and will be redone | G26: 44986 | H26: ECC | I26: 45009 | J26: Lab | K26: Aid lab in observing correct volumes and temps | L26: Redo reference bottle
A27: Boston (Everett), MA | B27: =VLOOKUP(Table24[[#This Row],[Location (drop-down)]],'List source'!D$2:E$59,2,FALSE) -> 141 | C27: 026 | D27: ="P" & C27 & "-" & B27 & "-" & "23" -> P026-141-23 | E27: Internal assessment (9001 & 17025) | F27: IA: FL 15.3s do not record hours that oil was changed, no record of filter change | G27: 44986 | H27: ECC | I27: 45021 | J27: Lab | K27: To ensure record of maintenance is recorded | L27: Completed FL 15.3 for last oil/filter change
A28: Memphis, TN | B28: =VLOOKUP(Table24[[#This Row],[Location (drop-down)]],'List source'!D$2:E$59,2,FALSE) -> 191 | C28: 027 | D28: ="P" & C28 & "-" & B28 & "-" & "23" -> P027-191-23 | E28: PT | F28: PT: RFG2212; D86 - HC Type, Saturates, Corrected (EPA) | G28: 45016 | H28: JN | I28: 45035 | J28: PT | K28: To minimize future PT outliers and improve lab accuracy. | L28: Syringes have been uniquely identified. Controlled reference documented posted in D1319 area
A29: Collins (Purvis), MS | B29: =VLOOKUP(Table24[[#This Row],[Location (drop-down)]],'List source'!D$2:E$59,2,FALSE) -> 115 | C29: 028 | D29: ="P" & C29 & "-" & B29 & "-" & "23" -> P028-115-23 | E29: PT | F29: PT: CE501; D5769 - Total Aromatics | G29: 45016 | H29: JN | I29: 45204 | J29: PT
A30: Memphis, TN | B30: =VLOOKUP(Table24[[#This Row],[Location (drop-down)]],'List source'!D$2:E$59,2,FALSE) -> 191 | C30: 029 | D30: ="P" & C30 & "-" & B30 & "-" & "23" -> P029-191-23 | E30: PT | F30: PT: CE501; D2699 - Research Octane Number | G30: 45016 | H30: JN | I30: 45096 | J30: PT
A31: Memphis, TN | B31: =VLOOKUP(Table24[[#This Row],[Location (drop-down)]],'List source'!D$2:E$59,2,FALSE) -> 191 | C31: 030 | D31: ="P" & C31 & "-" & B31 & "-" & "23" -> P030-191-23 | E31: PT | F31: PT: CE501; D5769 - Total Aromatics | G31: 45016 | H31: JN | I31: 45051 | J31: PT | K31: To minimize future PT outliers and improve lab accuracy. | L31: Controlled SOP
A32: Montreal, QC | B32: =VLOOKUP(Table24[[#This Row],[Location (drop-down)]],'List source'!D$2:E$59,2,FALSE) -> 197 | C32: 031 | D32: ="P" & C32 & "-" & B32 & "-" & "23" -> P031-197-23 | E32: PT | F32: PT: DF22210; D4052 - API Gravity, Digital, 60 °F | G32: 45016 | H32: JN | I32: 45539 | J32: PT
A33: St Croix, USVI | B33: =VLOOKUP(Table24[[#This Row],[Location (drop-down)]],'List source'!D$2:E$59,2,FALSE) -> 210 | C33: 032 | D33: ="P" & C33 & "-" & B33 & "-" & "23" -> P032-210-23 | E33: PT | F33: PT: DF22210; D189 - Carbon Residue, Conradson | G33: 45016 | H33: JN | I33: 45160 | J33: PT | K33: To minimize future PT outliers and improve lab accuracy. | L33: transcription error
A34: Bellingham (Ferndale), WA | B34: =VLOOKUP(Table24[[#This Row],[Location (drop-down)]],'List source'!D$2:E$59,2,FALSE) -> 132 | C34: 033 | D34: ="P" & C34 & "-" & B34 & "-" & "23" -> P033-132-23 | E34: PT | F34: PT: RFG2212; D5188 - V/L Ratio Temp, Evac Chamber | G34: 45016 | H34: JN | I34: 45546 | J34: PT
A35: Ft Lauderdale (Davie), FL | B35: =VLOOKUP(Table24[[#This Row],[Location (drop-down)]],'List source'!D$2:E$59,2,FALSE) -> 125 | C35: 034 | D35: ="P" & C35 & "-" & B35 & "-" & "23" -> P034-125-23 | E35: Internal assessment (9001 & 17025) | F35: IA - QC | G35: 45026 | H35: RB | I35: 45128 | J35: Lab | K35: To ensure record of maintenance is recorded | L35: Completed RVP notes in QC Plus
A36: VOIDED ASSMT/CAR/PAR NO | B36: =VLOOKUP(Table24[[#This Row],[Location (drop-down)]],'List source'!D$2:E$59,2,FALSE) -> VOID | C36: 035 | D36: ="P" & C36 & "-" & B36 & "-" & "23" -> P035-VOID-23 | E36: VOID | F36: VOID: Ft. Lauderdale, IA - Equipment Maintenance (RB) | G36: VOID | H36: VOID | I36: VOID | J36: VOID | K36: VOID | L36: VOID
A37: Ft Lauderdale (Davie), FL | B37: =VLOOKUP(Table24[[#This Row],[Location (drop-down)]],'List source'!D$2:E$59,2,FALSE) -> 125 | C37: 036 | D37: ="P" & C37 & "-" & B37 & "-" & "23" -> P036-125-23 | E37: Internal assessment (9001 & 17025) | F37: IA - TMA D445 | G37: 45026 | H37: RB | I37: 45070 | J37: Lab | K37: To ensure proper instrument function and decrease NC results | L37: Thermometer placement
A38: Ft Lauderdale (Davie), FL | B38: =VLOOKUP(Table24[[#This Row],[Location (drop-down)]],'List source'!D$2:E$59,2,FALSE) -> 125 | C38: 037 | D38: ="P" & C38 & "-" & B38 & "-" & "23" -> P037-125-23 | E38: Internal assessment (9001 & 17025) | F38: IA - TMA D5769 | G38: 45026 | H38: RB | I38: 45070 | J38: Lab | K38: Improve results | L38: Method review
A39: Ft Lauderdale (Davie), FL | B39: =VLOOKUP(Table24[[#This Row],[Location (drop-down)]],'List source'!D$2:E$59,2,FALSE) -> 125 | C39: 038 | D39: ="P" & C39 & "-" & B39 & "-" & "23" -> P038-125-23 | E39: Internal assessment (9001 & 17025) | F39: IA - PT | G39: 45026 | H39: RB | I39: 45070 | J39: Lab | K39: Improve PT program | L39: Enroll in additional programs
A40: Ft Lauderdale (Davie), FL | B40: =VLOOKUP(Table24[[#This Row],[Location (drop-down)]],'List source'!D$2:E$59,2,FALSE) -> 125 | C40: 039 | D40: ="P" & C40 & "-" & B40 & "-" & "23" -> P039-125-23 | E40: Internal assessment (9001 & 17025) | F40: IA - Purchasing | G40: 45026 | H40: RB | I40: 45070 | J40: Operations | K40: PO Compliance | L40: Quality statement
A41: Ft Lauderdale (Davie), FL | B41: =VLOOKUP(Table24[[#This Row],[Location (drop-down)]],'List source'!D$2:E$59,2,FALSE) -> 125 | C41: 040 | D41: ="P" & C41 & "-" & B41 & "-" & "23" -> P040-125-23 | E41: Internal assessment (9001 & 17025) | F41: IA - Quality & Safety Meetings | G41: 45026 | H41: RB | I41: 45070 | J41: Operations | K41: Emp knowledge | L41: Review policies
A42: Ft Lauderdale (Davie), FL | B42: =VLOOKUP(Table24[[#This Row],[Location (drop-down)]],'List source'!D$2:E$59,2,FALSE) -> 125 | C42: 041 | D42: ="P" & C42 & "-" & B42 & "-" & "23" -> P041-125-23 | E42: Internal assessment (9001 & 17025) | F42: IA - Outsourcing | G42: 45026 | H42: RB | I42: 45070 | J42: Lab | K42: Corp form usage | L42: Remove older version
A43: Houston (HTC), TX | B43: 120 | C43: 042 | D43: ="P" & C43 & "-" & B43 & "-" & "23" -> P042-120-23 | E43: Customer audit | F43: Management Of Change | G43: 45033 | H43: HB | I43: 45033 | J43: Lab
A44: Houston (HTC), TX | B44: =VLOOKUP(Table24[[#This Row],[Location (drop-down)]],'List source'!D$2:E$59,2,FALSE) -> 120 | C44: 043 | D44: ="P" & C44 & "-" & B44 & "-" & "23" -> P043-120-23 | E44: Customer audit | F44: TMA record for ASTM D 1838 Copper corrosion and IMPCA -03 Appearance of methanol during 2020 are not available. | G44: 45033 | H44: HB | I44: 45033 | J44: Lab
A45: Houston (HTC), TX | B45: =VLOOKUP(Table24[[#This Row],[Location (drop-down)]],'List source'!D$2:E$59,2,FALSE) -> 120 | C45: 044 | D45: ="P" & C45 & "-" & B45 & "-" & "23" -> P044-120-23 | E45: Customer audit | F45: Corrections to the handwritten entries not traceable in 3 out of 12 examples e.g. 120-2210588, 120-21-10371, 120-2301583-009. | G45: 45033 | H45: HB | I45: 45033 | J45: Lab
A46: Houston (HTC), TX | B46: =VLOOKUP(Table24[[#This Row],[Location (drop-down)]],'List source'!D$2:E$59,2,FALSE) -> 120 | C46: 045 | D46: ="P" & C46 & "-" & B46 & "-" & "23" -> P045-120-23 | E46: Customer audit | F46: ASTM D5453-19a during TMA, it was observed that syringe drive rate was 0.01 micorl/s instead of 1microl/s, furnace oxygen flowmeter settings are to be within 450ml/min to 500ml/min however it was 447 ml/min actual. | G46: 45033 | H46: HB | I46: 45033 | J46: Lab
A47: Chicago, IL | B47: =VLOOKUP(Table24[[#This Row],[Location (drop-down)]],'List source'!D$2:E$59,2,FALSE) -> 136 | C47: 046 | D47: ="P" & C47 & "-" & B47 & "-" & "23" -> P046-136-23 | E47: PT | F47: PT: DF22210; D1319 - HC Type, Olefins, Oxy-Free | G47: 45034 | H47: JN | J47: PT
A48: Port Arthur (Beaumont), TX | B48: =VLOOKUP(Table24[[#This Row],[Location (drop-down)]],'List source'!D$2:E$59,2,FALSE) -> 160 | C48: 047 | D48: ="P" & C48 & "-" & B48 & "-" & "23" -> P047-160-23 | E48: PT | F48: PT: DF22210; D86 - Distillation, Auto, 50%, 60%, & 90% | G48: 45034 | H48: JN | I48: 45345 | J48: PT
A49: San Francisco (Concord), CA | B49: =VLOOKUP(Table24[[#This Row],[Location (drop-down)]],'List source'!D$2:E$59,2,FALSE) -> 131 | C49: 048 | D49: ="P" & C49 & "-" & B49 & "-" & "23" -> P048-131-23 | E49: PT | F49: PT: RFG2301; D5769 - Aromatics, Total, by GC/MS | G49: 45034 | H49: JN | I49: 45061 | J49: PT | K49: To minimize future PT outliers and improve lab accuracy. | L49: Replaced septum
A50: Texas City, TX | B50: =VLOOKUP(Table24[[#This Row],[Location (drop-down)]],'List source'!D$2:E$59,2,FALSE) -> 150 | C50: 049 | D50: ="P" & C50 & "-" & B50 & "-" & "23" -> P049-150-23 | E50: PT | F50: PT: RFG2301; D86 - Distillation, Auto, IBP | G50: 45034 | H50: JN | I50: 45272 | J50: PT
A51: St Croix, USVI | B51: =VLOOKUP(Table24[[#This Row],[Location (drop-down)]],'List source'!D$2:E$59,2,FALSE) -> 210 | C51: 050 | D51: ="P" & C51 & "-" & B51 & "-" & "23" -> P050-210-23 | E51: PT | F51: PT: RFG2301; D5188 - V/L Ratio Temp, Evac Chamber | G51: 45034 | H51: JN | I51: 45100 | J51: PT | K51: To minimize future PT outliers and improve lab accuracy. | L51: Method review
A52: Lake Charles (Sulfur), LA | B52: =VLOOKUP(Table24[[#This Row],[Location (drop-down)]],'List source'!D$2:E$59,2,FALSE) -> 165 | C52: 051 | D52: ="P" & C52 & "-" & B52 & "-" & "23" -> P051-165-23 | E52: PT | F52: PT: JF2211; D1840 - Napthalenes, by UVS, Proc B | G52: 45034 | H52: JN | I52: 45062 | J52: PT | K52: avoid outlier | L52: none. Bad sample
A53: St Croix, USVI | B53: =VLOOKUP(Table24[[#This Row],[Location (drop-down)]],'List source'!D$2:E$59,2,FALSE) -> 210 | C53: 052 | D53: ="P" & C53 & "-" & B53 & "-" & "23" -> P052-210-23 | E53: Internal assessment (9001 & 17025) | F53: IA: Document Control | G53: 45021 | H53: CS | I53: 45041 | J53: Lab | K53: Document Control
A54: St Croix, USVI | B54: =VLOOKUP(Table24[[#This Row],[Location (drop-down)]],'List source'!D$2:E$59,2,FALSE) -> 210 | C54: 053 | D54: ="P" & C54 & "-" & B54 & "-" & "23" -> P053-210-23 | E54: Internal assessment (9001 & 17025) | F54: IA: Octane Engines Not on Top Dead Center | G54: 45021 | H54: CS | I54: 45041 | J54: Lab | K54: Preventive Maintenance
A55: St Croix, USVI | B55: =VLOOKUP(Table24[[#This Row],[Location (drop-down)]],'List source'!D$2:E$59,2,FALSE) -> 210 | C55: 054 | D55: ="P" & C55 & "-" & B55 & "-" & "23" -> P054-210-23 | E55: Internal assessment (9001 & 17025) | F55: IA: Document Control | G55: 45021 | H55: CS | I55: 45041 | J55: Lab | K55: Document Control
A56: Los Angeles (Signal Hill), CA | B56: =VLOOKUP(Table24[[#This Row],[Location (drop-down)]],'List source'!D$2:E$59,2,FALSE) -> 130 | C56: 055 | D56: ="P" & C56 & "-" & B56 & "-" & "23" -> P055-130-23 | E56: Customer audit | F56: Chevron - Safety Observations | G56: 44956 | H56: RB | I56: 45218 | J56: Operations | K56: Safe working enviroment | L56: F Hood verification / Monthly safety review with inspectors | M56: Inscal 04,05 Monthly safety mtg
A57: San Francisco (Concord), CA | B57: =VLOOKUP(Table24[[#This Row],[Location (drop-down)]],'List source'!D$2:E$59,2,FALSE) -> 131 | C57: 056 | D57: ="P" & C57 & "-" & B57 & "-" & "23" -> P056-131-23 | E57: PT | F57: PT: D-1190; D613 - Cetane Number | G57: 45044 | H57: JN | I57: 45156 | J57: PT | K57: To minimize future PT outliers and improve lab accuracy. | L57: Refresher training, impact study
A58: St Croix, USVI | B58: =VLOOKUP(Table24[[#This Row],[Location (drop-down)]],'List source'!D$2:E$59,2,FALSE) -> 210 | C58: 057 | D58: ="P" & C58 & "-" & B58 & "-" & "23" -> P057-210-23 | E58: PT | F58: PT: OC2212; D2700 - Octane Number, Motor | G58: 45044 | H58: JN | I58: 45097 | J58: PT | K58: To ensure proper instrument function and decrease NC results | L58: Octane Engine maintenance
A59: Montreal, QC | B59: =VLOOKUP(Table24[[#This Row],[Location (drop-down)]],'List source'!D$2:E$59,2,FALSE) -> 197 | C59: 058 | D59: ="P" & C59 & "-" & B59 & "-" & "23" -> P058-197-23 | E59: PT | F59: PT: ETOH2212; D5501 - Ethanol, By GC | G59: 45044 | H59: JN | I59: 45539 | J59: PT
A60: Portland, ME | B60: =VLOOKUP(Table24[[#This Row],[Location (drop-down)]],'List source'!D$2:E$59,2,FALSE) -> 142 | C60: 059 | D60: ="P" & C60 & "-" & B60 & "-" & "23" -> P059-142-23 | E60: PT | F60: PT: ETOH2212; D5501 - Methanol, By GC | G60: 45047 | H60: JN | I60: 45104 | J60: PT | K60: To minimize future PT outliers and improve lab accuracy. | L60: Added component to QC schedule
A61: Portland, ME | B61: =VLOOKUP(Table24[[#This Row],[Location (drop-down)]],'List source'!D$2:E$59,2,FALSE) -> 142 | C61: 060 | D61: ="P" & C61 & "-" & B61 & "-" & "23" -> P060-142-23 | E61: PT | F61: PT: ETOH2212; D5453 - Sulfur, by UVF | G61: 45047 | H61: JN | I61: 45112 | J61: PT | K61: To minimize future PT outliers and improve lab accuracy. | L61: Refresher training, impact study
A62: San Francisco (Concord), CA | B62: =VLOOKUP(Table24[[#This Row],[Location (drop-down)]],'List source'!D$2:E$59,2,FALSE) -> 131 | C62: 061 | D62: ="P" & C62 & "-" & B62 & "-" & "23" -> P061-131-23 | E62: PT | F62: PT: RFG2303; D1319-19 (EPA) & D1319-20a - HC Type, Olefins, Corrected & D1319-20a - HC Type, Olefins, Oxy-free | G62: 45049 | H62: JN | I62: 45076 | J62: PT | K62: To minimize future PT outliers and improve lab accuracy. | L62: Proper storage for Silica gel
A63: St Croix, USVI | B63: =VLOOKUP(Table24[[#This Row],[Location (drop-down)]],'List source'!D$2:E$59,2,FALSE) -> 210 | C63: 062 | D63: ="P" & C63 & "-" & B63 & "-" & "23" -> P062-210-23 | E63: PT | F63: PT: RFG2302; D5191, Vapor Pressure, DVPE, 1L (EPA) | G63: 45049 | H63: JN | I63: 45097 | J63: PT | K63: To minimize human error and improve the ability to produce consistent accurate results | L63: Method review
A64: St Croix, USVI | B64: =VLOOKUP(Table24[[#This Row],[Location (drop-down)]],'List source'!D$2:E$59,2,FALSE) -> 210 | C64: 063 | D64: ="P" & C64 & "-" & B64 & "-" & "23" -> P063-210-23 | E64: PT | F64: PT: CO2211; D4007 - Water and Sediment, Centrifuge | G64: 45049 | H64: JN | I64: 45099 | J64: PT | K64: To minimize future PT outliers and improve lab accuracy. | L64: Method review
A65: Lake Charles (Sulfur), LA | B65: =VLOOKUP(Table24[[#This Row],[Location (drop-down)]],'List source'!D$2:E$59,2,FALSE) -> 165 | C65: 064 | D65: ="P" & C65 & "-" & B65 & "-" & "23" -> P064-165-23 | E65: PT | F65: PT: F62209; D97 - Pour Point, Residual Fuels | G65: 45050 | H65: JN | I65: 45223 | J65: PT
A66: Lake Charles (Sulfur), LA | B66: =VLOOKUP(Table24[[#This Row],[Location (drop-down)]],'List source'!D$2:E$59,2,FALSE) -> 165 | C66: 065 | D66: ="P" & C66 & "-" & B66 & "-" & "23" -> P065-165-23 | E66: PT | F66: PT: F62209; D473 - Sediment | G66: 45050 | H66: JN | I66: 45223 | J66: PT
A67: Avenel (NYH), NJ | B67: =VLOOKUP(Table24[[#This Row],[Location (drop-down)]],'List source'!D$2:E$59,2,FALSE) -> 110 | C67: 066 | D67: ="P" & C67 & "-" & B67 & "-" & "23" -> P066-110-23 | E67: PT | F67: PT: F62009; D482 - Ash | G67: 45050 | H67: JN | I67: 45610 | J67: PT | K67: To minimize future PT outliers and improve lab accuracy. | L67: Method review
A68: San Francisco (Concord), CA | B68: =VLOOKUP(Table24[[#This Row],[Location (drop-down)]],'List source'!D$2:E$59,2,FALSE) -> 131 | C68: 067 | D68: ="P" & C68 & "-" & B68 & "-" & "23" -> P067-131-23 | E68: PT | F68: PT: F62209; D93 - Flash Point, PMCC, Proc B, corr | G68: 45050 | H68: JN | I68: 45076 | J68: PT | K68: To minimize future PT outliers and improve lab accuracy. | L68: Apparatus performance
A69: Memphis, TN | B69: =VLOOKUP(Table24[[#This Row],[Location (drop-down)]],'List source'!D$2:E$59,2,FALSE) -> 191 | C69: 068 | D69: ="P" & C69 & "-" & B69 & "-" & "23" -> P068-191-23 | E69: PT | F69: PT: F62209; D93 - Flash Point, PMCC, Proc B, corr | G69: 45050 | H69: JN | I69: 45100 | J69: PT
A70: Pecos (West Texas), TX | B70: =VLOOKUP(Table24[[#This Row],[Location (drop-down)]],'List source'!D$2:E$59,2,FALSE) -> 156 | C70: 069 | D70: ="P" & C70 & "-" & B70 & "-" & "23" -> P069-156-23 | E70: PT | F70: PT: CO2211; D7169 - BP Dist by HT-GC, Cut 8, 720C (1328F) | G70: 45050 | H70: JN | I70: 45153 | J70: PT | K70: To minimize future PT outliers and improve lab accuracy. | L70: Review SOP/training
A71: Puerto Rico | B71: =VLOOKUP(Table24[[#This Row],[Location (drop-down)]],'List source'!D$2:E$59,2,FALSE) -> 192 | C71: 070 | D71: ="P" & C71 & "-" & B71 & "-" & "23" -> P070-192-23 | E71: PT | F71: PT: F62209; D473 - Sediment | G71: 45055 | H71: JN | I71: 45110 | J71: PT | K71: To minimize future PT outliers and improve lab accuracy. | L71: Refresher training, reference document for lab staff
A72: Mickleton (Philly), NJ | B72: =VLOOKUP(Table24[[#This Row],[Location (drop-down)]],'List source'!D$2:E$59,2,FALSE) -> 180 | C72: 071 | D72: ="P" & C72 & "-" & B72 & "-" & "23" -> P071-180-23 | E72: PT | F72: PT: JF2211; D3338 - Net Heat of Combustion | G72: 45055 | H72: JN | I72: 45061 | J72: PT | K72: To monitor method performance and technician capabilities | L72: Retraining
A73: Montreal, QC | B73: =VLOOKUP(Table24[[#This Row],[Location (drop-down)]],'List source'!D$2:E$59,2,FALSE) -> 197 | C73: 072 | D73: ="P" & C73 & "-" & B73 & "-" & "23" -> P072-197-23 | E73: PT | F73: PT: JF2211; D93 - Flash Point, TAG, Corrected | G73: 45055 | H73: JN | I73: 45539 | J73: PT
A74: Montreal, QC | B74: =VLOOKUP(Table24[[#This Row],[Location (drop-down)]],'List source'!D$2:E$59,2,FALSE) -> 197 | C74: 073 | D74: ="P" & C74 & "-" & B74 & "-" & "23" -> P073-197-23 | E74: PT | F74: PT: JF2211; D2386 - Freeze Point | G74: 45055 | H74: JN | I74: 45539 | J74: PT
A75: Avenel (NYH), NJ | B75: =VLOOKUP(Table24[[#This Row],[Location (drop-down)]],'List source'!D$2:E$59,2,FALSE) -> 110 | C75: 074 | D75: ="P" & C75 & "-" & B75 & "-" & "23" -> P074-110-23 | E75: PT | F75: PT: JF2211; D3227 - Mercaptan Sulfur, Potentiometric | G75: 45055 | H75: JN | I75: 45223 | J75: PT
A76: St Croix, USVI | B76: =VLOOKUP(Table24[[#This Row],[Location (drop-down)]],'List source'!D$2:E$59,2,FALSE) -> 210 | C76: 075 | D76: ="P" & C76 & "-" & B76 & "-" & "23" -> P075-210-23 | E76: PT | F76: PT: JF2211; D1319 - HC Type, Aromatics, Oxy-Free | G76: 45057 | H76: JN | I76: 45109 | J76: PT | K76: To minimize future PT outliers and improve lab accuracy. | L76: Retraining
A77: Corpus Christi, TX | B77: =VLOOKUP(Table24[[#This Row],[Location (drop-down)]],'List source'!D$2:E$59,2,FALSE) -> 155 | C77: 076 | D77: ="P" & C77 & "-" & B77 & "-" & "23" -> P076-155-23 | E77: PT | F77: PT: JF2211; D2887 - BP Distribution, GC, Proc B, 20% & 70% | G77: 45057 | H77: JN | I77: 45077 | J77: PT | K77: To improve method performance | L77: Results within method R
A78: Chicago, IL | B78: =VLOOKUP(Table24[[#This Row],[Location (drop-down)]],'List source'!D$2:E$59,2,FALSE) -> 136 | C78: 077 | D78: ="P" & C78 & "-" & B78 & "-" & "23" -> P077-136-23 | E78: PT | F78: PT: CE504; D1319 - Olefins (Oxy-Free) | G78: 45058 | H78: JN | I78: 45100 | J78: PT | K78: To improve results
A79: Los Angeles (Signal Hill), CA | B79: =VLOOKUP(Table24[[#This Row],[Location (drop-down)]],'List source'!D$2:E$59,2,FALSE) -> 130 | C79: 078 | D79: ="P" & C79 & "-" & B79 & "-" & "23" -> P078-130-23 | E79: PT | F79: PT: R-1334; Gravity, API at 60oF | G79: 45062 | H79: JN | I79: 45278 | J79: PT | K79: To improve data integrity | L79: Refresher training
A80: San Francisco (Concord), CA | B80: =VLOOKUP(Table24[[#This Row],[Location (drop-down)]],'List source'!D$2:E$59,2,FALSE) -> 131 | C80: 079 | D80: ="P" & C80 & "-" & B80 & "-" & "23" -> P079-131-23 | E80: PT | F80: PT: R-1331 & R-1332; D2700 - Motor Octane Number | G80: 45062 | H80: JN | I80: 45156 | J80: PT | K80: To improve data integrity | L80: Implement D2700 QC
A81: Memphis, TN | B81: =VLOOKUP(Table24[[#This Row],[Location (drop-down)]],'List source'!D$2:E$59,2,FALSE) -> 191 | C81: 080 | D81: ="P" & C81 & "-" & B81 & "-" & "23" -> P080-191-23 | E81: PT | F81: PT: JF2211; D3227 - Mercaptan Sulfur, Potentiometric | G81: 45063 | H81: JN | I81: 45096 | J81: PT
A82: Memphis, TN | B82: =VLOOKUP(Table24[[#This Row],[Location (drop-down)]],'List source'!D$2:E$59,2,FALSE) -> 191 | C82: 081 | D82: ="P" & C82 & "-" & B82 & "-" & "23" -> P081-191-23 | E82: PT | F82: PT: JF2211; D3338 - Net Heat of Combustion | G82: 45063 | H82: JN | I82: 45083 | J82: PT | K82: To improve method performance | L82: transcription error
A83: Mickleton (Philly), NJ | B83: =VLOOKUP(Table24[[#This Row],[Location (drop-down)]],'List source'!D$2:E$59,2,FALSE) -> 180 | C83: 082 | D83: ="P" & C83 & "-" & B83 & "-" & "23" -> P082-180-23 | E83: Other (QC, customer alert, improper procedure) | F83: Lab Improvement - D1159 Bromine number | G83: 45069 | H83: RB | I83: 45083 | J83: Lab | K83: To minimize human error and improve the ability to produce consistent accurate results | L83: Reinstall D1159 program
A84: Tampa, FL | B84: =VLOOKUP(Table24[[#This Row],[Location (drop-down)]],'List source'!D$2:E$59,2,FALSE) -> 126 | C84: 083 | D84: ="P" & C84 & "-" & B84 & "-" & "23" -> P083-126-23 | E84: Internal assessment (9001 & 17025) | F84: AOC - USCBP Signatory | G84: 45071 | H84: RB | I84: 45149 | J84: Lab | K84: Comply CBP COA requirements | L84: Format COAs
A85: Tampa, FL | B85: =VLOOKUP(Table24[[#This Row],[Location (drop-down)]],'List source'!D$2:E$59,2,FALSE) -> 126 | C85: 084 | D85: ="P" & C85 & "-" & B85 & "-" & "23" -> P084-126-23 | E85: Internal assessment (9001 & 17025) | F85: AOC - MOC for Agri relocation | G85: 45071 | H85: RB | I85: 45204 | J85: Lab | K85: Improve accuracy of equipment list | L85: MOC for instrument transfer to Agri
A86: Tampa, FL | B86: =VLOOKUP(Table24[[#This Row],[Location (drop-down)]],'List source'!D$2:E$59,2,FALSE) -> 126 | C86: 085 | D86: ="P" & C86 & "-" & B86 & "-" & "23" -> P085-126-23 | E86: Internal assessment (9001 & 17025) | F86: AOC - Chemical inventory | G86: 45071 | H86: RB | I86: 45120 | J86: Lab | K86: To improve method performance
A87: Tampa, FL | B87: =VLOOKUP(Table24[[#This Row],[Location (drop-down)]],'List source'!D$2:E$59,2,FALSE) -> 126 | C87: 086 | D87: ="P" & C87 & "-" & B87 & "-" & "23" -> P086-126-23 | E87: Internal assessment (9001 & 17025) | F87: AOC - Laboratory training | G87: 45071 | H87: RB | I87: 45170 | J87: Lab | K87: Document Control | L87: New TMA matrix/all LSOP1s signed
A88: Tampa, FL | B88: =VLOOKUP(Table24[[#This Row],[Location (drop-down)]],'List source'!D$2:E$59,2,FALSE) -> 126 | C88: 087 | D88: ="P" & C88 & "-" & B88 & "-" & "23" -> P087-126-23 | E88: Internal assessment (9001 & 17025) | F88: AOC - Lab Equipment Maintenance | G88: 45071 | H88: RB | I88: 45121 | J88: Lab | K88: To improve data integrity | L88: FL 24, glassware cooler, Cal schedule
A89: Tampa, FL | B89: =VLOOKUP(Table24[[#This Row],[Location (drop-down)]],'List source'!D$2:E$59,2,FALSE) -> 126 | C89: 088 | D89: ="P" & C89 & "-" & B89 & "-" & "23" -> P088-126-23 | E89: Internal assessment (9001 & 17025) | F89: OFI - PAR Log | G89: 45071 | H89: RB | I89: 45154 | J89: Lab | K89: Document control | L89: Compile PAR Log
A90: Tampa, FL | B90: =VLOOKUP(Table24[[#This Row],[Location (drop-down)]],'List source'!D$2:E$59,2,FALSE) -> 126 | C90: 089 | D90: ="P" & C90 & "-" & B90 & "-" & "23" -> P089-126-23 | E90: Internal assessment (9001 & 17025) | F90: OFI - Equipment Maintenance / Consolidate working thermometer verification dates | G90: 45071 | H90: RB | I90: 45109 | J90: Lab | K90: Reduce verification dates | L90: Consolidate working therm verification dates
A91: Bellingham (Ferndale), WA | B91: =VLOOKUP(Table24[[#This Row],[Location (drop-down)]],'List source'!D$2:E$59,2,FALSE) -> 132 | C91: 090 | D91: ="P" & C91 & "-" & B91 & "-" & "23" -> P090-132-23 | E91: PT | F91: PT: F62209; D93 - Flash Point, PMCC, Proc B, corr | G91: 45072 | H91: JN | I91: 45323 | J91: PT
A92: Bellingham (Ferndale), WA | B92: =VLOOKUP(Table24[[#This Row],[Location (drop-down)]],'List source'!D$2:E$59,2,FALSE) -> 132 | C92: 091 | D92: ="P" & C92 & "-" & B92 & "-" & "23" -> P091-132-23 | E92: PT | F92: PT: F62209; D4294 - Sulfur, by EDXRF | G92: 45072 | H92: JN | I92: 45317 | J92: PT | K92: To minimize future PT outliers and improve lab accuracy.
A93: Brownsville, TX | B93: =VLOOKUP(Table24[[#This Row],[Location (drop-down)]],'List source'!D$2:E$59,2,FALSE) -> 158 | C93: 092 | D93: ="P" & C93 & "-" & B93 & "-" & "23" -> P092-158-23 | E93: PT | F93: PT: F62209; D473 - Sediment | G93: 45072 | H93: JN | I93: 45331 | J93: PT
A94: Port Arthur (Beaumont), TX | B94: =VLOOKUP(Table24[[#This Row],[Location (drop-down)]],'List source'!D$2:E$59,2,FALSE) -> 160 | C94: 093 | D94: ="P" & C94 & "-" & B94 & "-" & "23" -> P093-160-23 | E94: PT | F94: PT: F62209; D482 - Ash | G94: 45072 | H94: JN | I94: 45384 | J94: PT
A95: Bellingham (Ferndale), WA | B95: =VLOOKUP(Table24[[#This Row],[Location (drop-down)]],'List source'!D$2:E$59,2,FALSE) -> 132 | C95: 094 | D95: ="P" & C95 & "-" & B95 & "-" & "23" -> P094-132-23 | E95: PT | F95: PT: D-1189; D445 - Viscosity at 40°C | G95: 45072 | H95: JN | I95: 45328 | J95: PT | K95: To minimize future PT outliers and improve lab accuracy. | L95: Cleaning procedure implemented
A96: Tampa, FL | B96: =VLOOKUP(Table24[[#This Row],[Location (drop-down)]],'List source'!D$2:E$59,2,FALSE) -> 126 | C96: 095 | D96: ="P" & C96 & "-" & B96 & "-" & "23" -> P095-126-23 | E96: PT | F96: PT: ETOH2212; D5501 - Methanol, By GC | G96: 45082 | H96: JN | I96: 45120 | J96: PT | K96: To improve results | L96: Recalibration with all 5 levels for Methanol curve
A97: Tampa, FL | B97: =VLOOKUP(Table24[[#This Row],[Location (drop-down)]],'List source'!D$2:E$59,2,FALSE) -> 126 | C97: 096 | D97: ="P" & C97 & "-" & B97 & "-" & "23" -> P096-126-23 | E97: PT | F97: PT: ETOH2212; pHe | G97: 45082 | H97: JN | I97: 45121 | J97: PT | K97: To improve D6423 pHe results | L97: Replaced probe
A98: Memphis, TN | B98: =VLOOKUP(Table24[[#This Row],[Location (drop-down)]],'List source'!D$2:E$59,2,FALSE) -> 191 | C98: 097 | D98: ="P" & C98 & "-" & B98 & "-" & "23" -> P097-191-23 | E98: PT | F98: PT: ETOH2212; D5501 - Methanol, By GC | G98: 45082 | H98: JN | I98: 45243 | J98: PT | K98: To minimize future PT outliers and improve lab accuracy. | L98: reference document developed for lab techs
A99: Los Angeles (Signal Hill), CA | B99: =VLOOKUP(Table24[[#This Row],[Location (drop-down)]],'List source'!D$2:E$59,2,FALSE) -> 130 | C99: 098 | D99: ="P" & C99 & "-" & B99 & "-" & "23" -> P098-130-23 | E99: PT | F99: PT: D-1190; D613 - Cetane Number | G99: 45083 | H99: JN | I99: 45282 | J99: PT | K99: To minimize future PT outliers and improve lab accuracy.
A100: Los Angeles (Signal Hill), CA | B100: =VLOOKUP(Table24[[#This Row],[Location (drop-down)]],'List source'!D$2:E$59,2,FALSE) -> 130 | C100: 099 | D100: ="P" & C100 & "-" & B100 & "-" & "23" -> P099-130-23 | E100: PT | F100: PT: CO2211; D5762 - Nitrogen, Boat-Inlet Chemilum | G100: 45086 | H100: JN | I100: 45294 | J100: PT | K100: To minimize future PT outliers and improve lab accuracy.
...

Sheet CAR tracking 2023
A1: Location (drop-down) | B1: Location ID | C1: # | D1: CAR # | E1: Area | F1: CAR Type | G1: BRIEF DESCRIPTION OF NC if VOID: "VOID, Location, type, details (initials, date)" | H1: CAR initialized date | I1: QA team member initials | J1: Date Corrective Action completed | K1: Effectiveness Review & date deemed effective | L1: Area (Lab, Ops, PT, Misc.) (drop-down) | M1: Types of Deficiency (drop-down) | N1: Types of Root Cause (drop-down) | O1: Notes
A2: Tampa, FL | B2: =VLOOKUP(Table2[[#This Row],[Location (drop-down)]],'List source'!D$2:E$59,2,FALSE) -> 126 | C2: 001 | D2: ="C" & C2 & "-" & B2 & "-" & "23" -> C001-126-23 | E2: =VLOOKUP(Table2[[#This Row],[Location (drop-down)]],Table1[#All],3,FALSE) -> SE & Caribbean | F2: PT | G2: PT: JF2207; D2386 - Freeze Point, Z-Score = -8.00 | H2: 44937 | I2: JN | J2: Closed | K2: 45100 | L2: PT | M2: PT | N2: Training/ competency
A3: Tampa, FL | B3: =VLOOKUP(Table2[[#This Row],[Location (drop-down)]],'List source'!D$2:E$59,2,FALSE) -> 126 | C3: 002 | D3: ="C" & C3 & "-" & B3 & "-" & "23" -> C002-126-23 | E3: =VLOOKUP(Table2[[#This Row],[Location (drop-down)]],Table1[#All],3,FALSE) -> SE & Caribbean | F3: PT | G3: PT: JF2207; D445 - Viscosity, Kinematic, -20 °C, Z-Score = -14.91 | H3: 44937 | I3: JN | J3: Closed | K3: 45100 | L3: PT | M3: PT | N3: Training/ competency
A4: Bellingham (Ferndale), WA | B4: =VLOOKUP(Table2[[#This Row],[Location (drop-down)]],'List source'!D$2:E$59,2,FALSE) -> 132 | C4: 003 | D4: ="C" & C4 & "-" & B4 & "-" & "23" -> C003-132-23 | E4: =VLOOKUP(Table2[[#This Row],[Location (drop-down)]],Table1[#All],3,FALSE) -> USWC | F4: PT | G4: PT: CO2207; D4294 - Sulfur, by EDXRF, Z-Score = 3.18 | H4: 44937 | I4: JN | J4: Closed | K4: 45777 | L4: PT | M4: PT
A5: Bellingham (Ferndale), WA | B5: =VLOOKUP(Table2[[#This Row],[Location (drop-down)]],'List source'!D$2:E$59,2,FALSE) -> 132 | C5: 004 | D5: ="C" & C5 & "-" & B5 & "-" & "23" -> C004-132-23 | E5: =VLOOKUP(Table2[[#This Row],[Location (drop-down)]],Table1[#All],3,FALSE) -> USWC | F5: PT | G5: PT: D-1187; D445 - Viscosity at 40°C, Z-Score = -6.54 | H5: 44937 | I5: JN | J5: Closed | K5: 45686 | L5: PT | M5: PT
A6: New Haven, CT | B6: =VLOOKUP(Table2[[#This Row],[Location (drop-down)]],'List source'!D$2:E$59,2,FALSE) -> 145 | C6: 005 | D6: ="C" & C6 & "-" & B6 & "-" & "23" -> C005-145-23 | E6: =VLOOKUP(Table2[[#This Row],[Location (drop-down)]],Table1[#All],3,FALSE) -> USNE, USMW & Canada | F6: PT | G6: PT: ULSD2210; D5453 - Sulfur by UVF, Z-Score = 3.02 | H6: 44937 | I6: JN | J6: 45001 | K6: 45004 | L6: PT | M6: PT | N6: Normal statistics variance - no CA
A7: Brownsville, TX | B7: =VLOOKUP(Table2[[#This Row],[Location (drop-down)]],'List source'!D$2:E$59,2,FALSE) -> 158 | C7: 006 | D7: ="C" & C7 & "-" & B7 & "-" & "23" -> C006-158-23 | E7: =VLOOKUP(Table2[[#This Row],[Location (drop-down)]],Table1[#All],3,FALSE) -> USGC | F7: PT | G7: PT: MG2208; D3227 - Mercaptan Sulfur, Potentiometric, Z-Score = 4.70 | H7: 44937 | I7: JN | J7: Closed | K7: 45127 | L7: PT | M7: PT
A8: Halifax (Dartmouth), NS | B8: =VLOOKUP(Table2[[#This Row],[Location (drop-down)]],'List source'!D$2:E$59,2,FALSE) -> 198 | C8: 007 | D8: ="C" & C8 & "-" & B8 & "-" & "23" -> C007-198-23 | E8: =VLOOKUP(Table2[[#This Row],[Location (drop-down)]],Table1[#All],3,FALSE) -> USNE, USMW & Canada | F8: PT | G8: PT: JF2207; D86 - Distillation, Auto, IBP, Z-Score = -5.07 | H8: 44937 | I8: JN | J8: Closed | K8: 45001 | L8: PT | M8: PT | N8: Training/ competency
A9: Halifax (Dartmouth), NS | B9: =VLOOKUP(Table2[[#This Row],[Location (drop-down)]],'List source'!D$2:E$59,2,FALSE) -> 198 | C9: 008 | D9: ="C" & C9 & "-" & B9 & "-" & "23" -> C008-198-23 | E9: =VLOOKUP(Table2[[#This Row],[Location (drop-down)]],Table1[#All],3,FALSE) -> USNE, USMW & Canada | F9: PT | G9: PT: JF2207; D1319 - HC Type, Aromatics, Olefins, & Saturates, Oxy-Free, Z-Scores = -4.80, 15.14, & -4.40 | H9: 44937 | I9: JN | J9: Closed | K9: 44998 | L9: PT | M9: PT | N9: Equipment/ calibration
A10: Halifax (Dartmouth), NS | B10: =VLOOKUP(Table2[[#This Row],[Location (drop-down)]],'List source'!D$2:E$59,2,FALSE) -> 198 | C10: 009 | D10: ="C" & C10 & "-" & B10 & "-" & "23" -> C009-198-23 | E10: =VLOOKUP(Table2[[#This Row],[Location (drop-down)]],Table1[#All],3,FALSE) -> USNE, USMW & Canada | F10: PT | G10: PT: JF2207; D1840 - Napthalenes, by UVS, Proc A, Z-Score = 9.60 | H10: 44937 | I10: JN | J10: Closed | K10: 45006 | L10: PT | M10: PT | N10: Equipment/ calibration
A11: Bahamas (Freeport), GBI | B11: =VLOOKUP(Table2[[#This Row],[Location (drop-down)]],'List source'!D$2:E$59,2,FALSE) -> 215 | C11: 010 | D11: ="C" & C11 & "-" & B11 & "-" & "23" -> C010-215-23 | E11: =VLOOKUP(Table2[[#This Row],[Location (drop-down)]],Table1[#All],3,FALSE) -> SE & Caribbean | F11: PT | G11: PT: JF2207; D7039 - Sulfur by MWDXRF, Z-Score = -4.40 | H11: 44937 | I11: JN | J11: Closed | K11: 45275 | L11: PT | M11: PT
A12: St Croix, USVI | B12: =VLOOKUP(Table2[[#This Row],[Location (drop-down)]],'List source'!D$2:E$59,2,FALSE) -> 210 | C12: 011 | D12: ="C" & C12 & "-" & B12 & "-" & "23" -> C011-210-23 | E12: =VLOOKUP(Table2[[#This Row],[Location (drop-down)]],Table1[#All],3,FALSE) -> SE & Caribbean | F12: PT | G12: PT: JF2207; D4052 - API Gravity, Digital, 60°F, Z-Score = 6.30 | H12: 44937 | I12: JN | J12: Closed | K12: 45238 | L12: PT | M12: PT
A13: St Croix, USVI | B13: =VLOOKUP(Table2[[#This Row],[Location (drop-down)]],'List source'!D$2:E$59,2,FALSE) -> 210 | C13: 012 | D13: ="C" & C13 & "-" & B13 & "-" & "23" -> C012-210-23 | E13: =VLOOKUP(Table2[[#This Row],[Location (drop-down)]],Table1[#All],3,FALSE) -> SE & Caribbean | F13: PT | G13: PT: JF2207; D1298 - Density, by Hydrometer, 15 °C, Z-Score = -4.95 | H13: 44937 | I13: JN | J13: 45167 | K13: 45170 | L13: PT | M13: PT | N13: Negligence (typo, no review)
A14: St Croix, USVI | B14: =VLOOKUP(Table2[[#This Row],[Location (drop-down)]],'List source'!D$2:E$59,2,FALSE) -> 210 | C14: 013 | D14: ="C" & C14 & "-" & B14 & "-" & "23" -> C013-210-23 | E14: =VLOOKUP(Table2[[#This Row],[Location (drop-down)]],Table1[#All],3,FALSE) -> SE & Caribbean | F14: PT | G14: PT: JF2207; D86 - Distillation, Auto 60%, 70%, 80%, & 90%, Z-scores = -2.74, -3.02, -2.63, & -2.38 | H14: 44937 | I14: JN | J14: Closed | K14: 45100 | L14: PT | M14: PT
A15: St Croix, USVI | B15: =VLOOKUP(Table2[[#This Row],[Location (drop-down)]],'List source'!D$2:E$59,2,FALSE) -> 210 | C15: 014 | D15: ="C" & C15 & "-" & B15 & "-" & "23" -> C014-210-23 | E15: =VLOOKUP(Table2[[#This Row],[Location (drop-down)]],Table1[#All],3,FALSE) -> SE & Caribbean | F15: PT | G15: PT: JF2207; D2386 - Freeze Point, Z-Score = -4.00 | H15: 44937 | I15: JN | J15: Closed | K15: 45239 | L15: PT | M15: PT | N15: Training/ competency
A16: St Croix, USVI | B16: =VLOOKUP(Table2[[#This Row],[Location (drop-down)]],'List source'!D$2:E$59,2,FALSE) -> 210 | C16: 015 | D16: ="C" & C16 & "-" & B16 & "-" & "23" -> C015-210-23 | E16: =VLOOKUP(Table2[[#This Row],[Location (drop-down)]],Table1[#All],3,FALSE) -> SE & Caribbean | F16: PT | G16: PT: JF2207; D3227 - Mercaptan Sulfur, Potentiometric, Z-Score = 3.44 | H16: 44937 | I16: JN | J16: Closed | K16: 45287 | L16: PT | M16: PT | N16: Training/ competency
A17: St Croix, USVI | B17: =VLOOKUP(Table2[[#This Row],[Location (drop-down)]],'List source'!D$2:E$59,2,FALSE) -> 210 | C17: 016 | D17: ="C" & C17 & "-" & B17 & "-" & "23" -> C016-210-23 | E17: =VLOOKUP(Table2[[#This Row],[Location (drop-down)]],Table1[#All],3,FALSE) -> SE & Caribbean | F17: PT | G17: PT: JF2207; D2622 - Sulfur by WDXRF, Z-Score = -7.87 | H17: 44937 | I17: JN | J17: Closed | K17: 45156 | L17: PT | M17: PT | N17: Training/ competency
A18: St Croix, USVI | B18: =VLOOKUP(Table2[[#This Row],[Location (drop-down)]],'List source'!D$2:E$59,2,FALSE) -> 210 | C18: 017 | D18: ="C" & C18 & "-" & B18 & "-" & "23" -> C017-210-23 | E18: =VLOOKUP(Table2[[#This Row],[Location (drop-down)]],Table1[#All],3,FALSE) -> SE & Caribbean | F18: PT | G18: PT: JF2207; D4294 - Sulfur by EDXRF, Z-Score = 6.20 | H18: 44937 | I18: JN | J18: Closed | K18: 45184 | L18: PT | M18: PT | N18: Equipment/ calibration
A19: St Croix, USVI | B19: =VLOOKUP(Table2[[#This Row],[Location (drop-down)]],'List source'!D$2:E$59,2,FALSE) -> 210 | C19: 018 | D19: ="C" & C19 & "-" & B19 & "-" & "23" -> C018-210-23 | E19: =VLOOKUP(Table2[[#This Row],[Location (drop-down)]],Table1[#All],3,FALSE) -> SE & Caribbean | F19: PT | G19: PT: JF2207; D445 - Viscosity, Kinematic, -20 °C, Z-Score = 6.74 | H19: 44937 | I19: JN | J19: Closed | K19: 45154 | L19: PT | M19: PT | N19: Training/ competency
A20: St Croix, USVI | B20: =VLOOKUP(Table2[[#This Row],[Location (drop-down)]],'List source'!D$2:E$59,2,FALSE) -> 210 | C20: 019 | D20: ="C" & C20 & "-" & B20 & "-" & "23" -> C019-210-23 | E20: =VLOOKUP(Table2[[#This Row],[Location (drop-down)]],Table1[#All],3,FALSE) -> SE & Caribbean | F20: PT | G20: PT: JF2207; D7042 - Viscosity, Stabinger, Kin, -20 °C, Z-Score = 3.32 | H20: 44937 | I20: JN | J20: Closed | K20: 45184 | L20: PT | M20: PT | N20: Training/ competency
A21: Corpus Christi, TX | B21: =VLOOKUP(Table2[[#This Row],[Location (drop-down)]],'List source'!D$2:E$59,2,FALSE) -> 155 | C21: 020 | D21: ="C" & C21 & "-" & B21 & "-" & "23" -> C020-155-23 | E21: =VLOOKUP(Table2[[#This Row],[Location (drop-down)]],Table1[#All],3,FALSE) -> USGC | F21: PT | G21: PT: RFG2210; D1319 - HC Type, Aromatics, Corrected & Oxy Free, 20a & 19, Z-Scores = 4.41, 3.03, & 4.84 | H21: 44937 | I21: JN | J21: Closed | K21: 44993 | L21: PT | M21: PT | N21: Training/ competency
A22: Mickleton (Philly), NJ | B22: =VLOOKUP(Table2[[#This Row],[Location (drop-down)]],'List source'!D$2:E$59,2,FALSE) -> 180 | C22: 021 | D22: ="C" & C22 & "-" & B22 & "-" & "23" -> C021-180-23 | E22: =VLOOKUP(Table2[[#This Row],[Location (drop-down)]],Table1[#All],3,FALSE) -> SE & Caribbean | F22: PT | G22: PT: RFG2210; D5191 - Vapor Pressure, TVP, 1L (EPA), Z-Score = 3.02 | H22: 44937 | I22: JN | J22: Closed | K22: 44957 | L22: PT | M22: PT | N22: Normal statistics variance - no CA
A23: Bellingham (Ferndale), WA | B23: =VLOOKUP(Table2[[#This Row],[Location (drop-down)]],'List source'!D$2:E$59,2,FALSE) -> 132 | C23: 022 | D23: ="C" & C23 & "-" & B23 & "-" & "23" -> C022-132-23 | E23: =VLOOKUP(Table2[[#This Row],[Location (drop-down)]],Table1[#All],3,FALSE) -> USWC | F23: PT | G23: PT: RFG2210; D5580 - Total Aromatics, Benzene & Toluene, by GC, Z-Scores = 7.94, 14.14, & 20.50 | H23: 44938 | I23: JN | J23: Closed | K23: 45302 | L23: PT | M23: PT | N23: Negligence (typo, no review)
A24: Memphis, TN | B24: =VLOOKUP(Table2[[#This Row],[Location (drop-down)]],'List source'!D$2:E$59,2,FALSE) -> 191 | C24: 023 | D24: ="C" & C24 & "-" & B24 & "-" & "23" -> C023-191-23 | E24: =VLOOKUP(Table2[[#This Row],[Location (drop-down)]],Table1[#All],3,FALSE) -> SE & Caribbean | F24: PT | G24: PT: RFG2210; D1319 - HC Type, Saturates, Corrected (EPA), Z-Score = 5.75 | H24: 44938 | I24: JN | J24: Closed | K24: 45097 | L24: PT | M24: PT
A25: Halifax (Dartmouth), NS | B25: =VLOOKUP(Table2[[#This Row],[Location (drop-down)]],'List source'!D$2:E$59,2,FALSE) -> 198 | C25: 024 | D25: ="C" & C25 & "-" & B25 & "-" & "23" -> C024-198-23 | E25: =VLOOKUP(Table2[[#This Row],[Location (drop-down)]],Table1[#All],3,FALSE) -> USNE, USMW & Canada | F25: PT | G25: PT: D329; D86 - Distillation, Loss, Z-Score = 4.43 | H25: 44938 | I25: JN | J25: Closed | K25: 45006 | L25: PT | M25: PT | N25: Training/ competency
A26: Los Angeles (Signal Hill), CA | B26: =VLOOKUP(Table2[[#This Row],[Location (drop-down)]],'List source'!D$2:E$59,2,FALSE) -> 130 | C26: 025 | D26: ="C" & C26 & "-" & B26 & "-" & "23" -> C025-130-23 | E26: =VLOOKUP(Table2[[#This Row],[Location (drop-down)]],Table1[#All],3,FALSE) -> USWC | F26: PT | G26: PT: RFG2211; D86 - Distillation, Auto, % Loss (EPA), Z-Score = -5.30 | H26: 44938 | I26: JN | J26: Closed | K26: 45214 | L26: PT | M26: PT | N26: Training/ competency
A27: Corpus Christi, TX | B27: =VLOOKUP(Table2[[#This Row],[Location (drop-down)]],'List source'!D$2:E$59,2,FALSE) -> 155 | C27: 026 | D27: ="C" & C27 & "-" & B27 & "-" & "23" -> C026-155-23 | E27: =VLOOKUP(Table2[[#This Row],[Location (drop-down)]],Table1[#All],3,FALSE) -> USGC | F27: PT | G27: PT: RFG2211; D86 - Distillation, Auto, 70%, °F (EPA), Z-Score = -8.55 | H27: 44938 | I27: JN | J27: Closed | K27: 44993 | L27: PT | M27: PT | N27: Training/ competency
A28: Houston (HTC), TX | B28: =VLOOKUP(Table2[[#This Row],[Location (drop-down)]],'List source'!D$2:E$59,2,FALSE) -> 120 | C28: 027 | D28: ="C" & C28 & "-" & B28 & "-" & "23" -> C027-120-23 | E28: =VLOOKUP(Table2[[#This Row],[Location (drop-down)]],Table1[#All],3,FALSE) -> USGC | F28: Complaint | G28: Vitol - Silicon result off spec | H28: 44942 | I28: RB | J28: Closed | K28: 44960 | L28: Lab | M28: Technical (Calibration/ Verification/ Maintenance/ PT/ method deviation) | N28: Equipment/ calibration | O28: Internal standard
A29: Corpus Christi, TX | B29: =VLOOKUP(Table2[[#This Row],[Location (drop-down)]],'List source'!D$2:E$59,2,FALSE) -> 155 | C29: 028 | D29: ="C" & C29 & "-" & B29 & "-" & "23" -> C028-155-23 | E29: =VLOOKUP(Table2[[#This Row],[Location (drop-down)]],Table1[#All],3,FALSE) -> USGC | F29: Internal assessment (9001 & 17025) | G29: IA - QC – Job file 155-22-03771 | H29: 44946 | I29: RB | J29: Closed | K29: 45061 | L29: Lab | M29: Traceability and records (SR-1, raw data) | N29: Ineffective/ Lack system/ procedure
A30: Corpus Christi, TX | B30: =VLOOKUP(Table2[[#This Row],[Location (drop-down)]],'List source'!D$2:E$59,2,FALSE) -> 155 | C30: 029 | D30: ="C" & C30 & "-" & B30 & "-" & "23" -> C029-155-23 | E30: =VLOOKUP(Table2[[#This Row],[Location (drop-down)]],Table1[#All],3,FALSE) -> USGC | F30: Internal assessment (9001 & 17025) | G30: IA - File review: Operations | H30: 44946 | I30: RB | J30: Closed | K30: 44960 | L30: Operations | M30: Traceability and records (SR-1, raw data) | N30: Training/ competency
A31: Corpus Christi, TX | B31: =VLOOKUP(Table2[[#This Row],[Location (drop-down)]],'List source'!D$2:E$59,2,FALSE) -> 155 | C31: 030 | D31: ="C" & C31 & "-" & B31 & "-" & "23" -> C030-155-23 | E31: =VLOOKUP(Table2[[#This Row],[Location (drop-down)]],Table1[#All],3,FALSE) -> USGC | F31: Internal assessment (9001 & 17025) | G31: IA - 2022 Test Method Assessments (TMA) are not completed per schedule | H31: 44946 | I31: RB | J31: Closed | K31: 44973 | L31: Lab | M31: Traceability and records (SR-1, raw data) | N31: Ineffective/ Lack system/ procedure
A32: Corpus Christi, TX | B32: =VLOOKUP(Table2[[#This Row],[Location (drop-down)]],'List source'!D$2:E$59,2,FALSE) -> 155 | C32: 031 | D32: ="C" & C32 & "-" & B32 & "-" & "23" -> C031-155-23 | E32: =VLOOKUP(Table2[[#This Row],[Location (drop-down)]],Table1[#All],3,FALSE) -> USGC | F32: Internal assessment (9001 & 17025) | G32: IA - Training Record | H32: 44946 | I32: RB | J32: Closed | K32: 44971 | L32: Lab | M32: Training (include quality, safety, ethics) | N32: Training/ competency
A33: Corpus Christi, TX | B33: =VLOOKUP(Table2[[#This Row],[Location (drop-down)]],'List source'!D$2:E$59,2,FALSE) -> 155 | C33: 032 | D33: ="C" & C33 & "-" & B33 & "-" & "23" -> C032-155-23 | E33: =VLOOKUP(Table2[[#This Row],[Location (drop-down)]],Table1[#All],3,FALSE) -> USGC | F33: Internal assessment (9001 & 17025) | G33: IA - Clause 6.2.3 Staff Competency | H33: 44946 | I33: RB | J33: Closed | K33: 44984 | L33: Lab | M33: Training (include quality, safety, ethics) | N33: Training/ competency
A34: Corpus Christi, TX | B34: =VLOOKUP(Table2[[#This Row],[Location (drop-down)]],'List source'!D$2:E$59,2,FALSE) -> 155 | C34: 033 | D34: ="C" & C34 & "-" & B34 & "-" & "23" -> C033-155-23 | E34: =VLOOKUP(Table2[[#This Row],[Location (drop-down)]],Table1[#All],3,FALSE) -> USGC | F34: Internal assessment (9001 & 17025) | G34: IA - Clause 7.2.1.2 and Clause 8.3 Equipment manual use for PCS HFRR lubricity operating, maintenance, calibration, verification is not controlled. | H34: 44946 | I34: RB | J34: Closed | K34: 44974 | L34: Lab | M34: Traceability and records (SR-1, raw data) | N34: Ineffective/ Lack system/ procedure
A35: Corpus Christi, TX | B35: =VLOOKUP(Table2[[#This Row],[Location (drop-down)]],'List source'!D$2:E$59,2,FALSE) -> 155 | C35: 034 | D35: ="C" & C35 & "-" & B35 & "-" & "23" -> C034-155-23 | E35: =VLOOKUP(Table2[[#This Row],[Location (drop-down)]],Table1[#All],3,FALSE) -> USGC | F35: Internal assessment (9001 & 17025) | G35: IA - Clause 7.5.1 Technical records | H35: 44946 | I35: RB | J35: Closed | K35: 44988 | L35: Lab | M35: Traceability and records (SR-1, raw data) | N35: Ineffective/ Lack system/ procedure
A36: Corpus Christi, TX | B36: =VLOOKUP(Table2[[#This Row],[Location (drop-down)]],'List source'!D$2:E$59,2,FALSE) -> 155 | C36: 035 | D36: ="C" & C36 & "-" & B36 & "-" & "23" -> C035-155-23 | E36: =VLOOKUP(Table2[[#This Row],[Location (drop-down)]],Table1[#All],3,FALSE) -> USGC | F36: Internal assessment (9001 & 17025) | G36: IA - Clause 7.8.1.2 Test Report General Requirements | H36: 44946 | I36: RB | J36: Closed | K36: 45020 | L36: Lab | M36: Traceability and records (SR-1, raw data) | N36: Training/ competency
A37: Corpus Christi, TX | B37: =VLOOKUP(Table2[[#This Row],[Location (drop-down)]],'List source'!D$2:E$59,2,FALSE) -> 155 | C37: 036 | D37: ="C" & C37 & "-" & B37 & "-" & "23" -> C036-155-23 | E37: =VLOOKUP(Table2[[#This Row],[Location (drop-down)]],Table1[#All],3,FALSE) -> USGC | F37: Internal assessment (9001 & 17025) | G37: IA - Clause 7.8.3.1 (e) Specific Information required by method | H37: 44946 | I37: RB | J37: Closed | K37: 44964 | L37: Lab | M37: Traceability and records (SR-1, raw data) | N37: Training/ competency
A38: Corpus Christi, TX | B38: =VLOOKUP(Table2[[#This Row],[Location (drop-down)]],'List source'!D$2:E$59,2,FALSE) -> 155 | C38: 037 | D38: ="C" & C38 & "-" & B38 & "-" & "23" -> C037-155-23 | E38: =VLOOKUP(Table2[[#This Row],[Location (drop-down)]],Table1[#All],3,FALSE) -> USGC | F38: Internal assessment (9001 & 17025) | G38: IA - Clause 7.8.2.1 (p) Test outsources are not identified in the following test reports. | H38: 44946 | I38: RB | J38: Closed | K38: 44988 | L38: Lab | M38: Traceability and records (SR-1, raw data) | N38: Ineffective/ Lack system/ procedure
A39: Mobile, AL | B39: =VLOOKUP(Table2[[#This Row],[Location (drop-down)]],'List source'!D$2:E$59,2,FALSE) -> 146 | C39: 038 | D39: ="C" & C39 & "-" & B39 & "-" & "23" -> C038-146-23 | E39: =VLOOKUP(Table2[[#This Row],[Location (drop-down)]],Table1[#All],3,FALSE) -> SE & Caribbean | F39: Customer audit | G39: CHESM - Inspectors cell phone rang while sampling the BATTLE AMY | H39: 44943 | I39: RB | J39: Closed | K39: 44960 | L39: Operations | M39: Safety | N39: Training/ competency | O39: CHESM Field Audit
A40: Boston (Everett), MA | B40: =VLOOKUP(Table2[[#This Row],[Location (drop-down)]],'List source'!D$2:E$59,2,FALSE) -> 141 | C40: 039 | D40: ="C" & C40 & "-" & B40 & "-" & "23" -> C039-141-23 | E40: =VLOOKUP(Table2[[#This Row],[Location (drop-down)]],Table1[#All],3,FALSE) -> USNE, USMW & Canada | F40: Other (QC, customer alert, improper procedure) | G40: QC - D6379 Improper Sample Handling | H40: 44950 | I40: ECC | J40: 44985 | K40: 44987 | L40: Lab | M40: Technical (Calibration/ Verification/ Maintenance/ PT/ method deviation) | N40: Training/ competency
A41: Baton Rouge (Gonzales), LA | B41: =VLOOKUP(Table2[[#This Row],[Location (drop-down)]],'List source'!D$2:E$59,2,FALSE) -> 190 | C41: 040 | D41: ="C" & C41 & "-" & B41 & "-" & "23" -> C040-190-23 | E41: =VLOOKUP(Table2[[#This Row],[Location (drop-down)]],Table1[#All],3,FALSE) -> SE & Caribbean | F41: Complaint | G41: Methanex - Sample submitted not labeled | H41: 44945 | I41: DA | J41: Closed | K41: 45019 | L41: Operations | M41: Training (include quality, safety, ethics) | N41: Ineffective/ Lack system/ procedure
A42: Corpus Christi, TX | B42: =VLOOKUP(Table2[[#This Row],[Location (drop-down)]],'List source'!D$2:E$59,2,FALSE) -> 155 | C42: 041 | D42: ="C" & C42 & "-" & B42 & "-" & "23" -> C041-155-23 | E42: =VLOOKUP(Table2[[#This Row],[Location (drop-down)]],Table1[#All],3,FALSE) -> USGC | F42: Complaint | G42: Petroineos - Failure to meet client expectations. | H42: 44953 | I42: RB | J42: Closed | K42: 44960 | L42: Operations | M42: Traceability and records (SR-1, raw data) | N42: Training/ competency | O42: MV approved 1 30 23
A43: Pittsburgh, PA | B43: =VLOOKUP(Table2[[#This Row],[Location (drop-down)]],'List source'!D$2:E$59,2,FALSE) -> 178 | C43: 042 | D43: ="C" & C43 & "-" & B43 & "-" & "23" -> C042-178-23 | E43: =VLOOKUP(Table2[[#This Row],[Location (drop-down)]],Table1[#All],3,FALSE) -> SE & Caribbean | F43: Internal assessment (9001 & 17025) | G43: IA - File review | H43: 44956 | I43: RB | J43: Closed | K43: 44957 | L43: Lab | M43: Traceability and records (SR-1, raw data) | N43: Ineffective/ Lack system/ procedure
A44: Pittsburgh, PA | B44: =VLOOKUP(Table2[[#This Row],[Location (drop-down)]],'List source'!D$2:E$59,2,FALSE) -> 178 | C44: 043 | D44: ="C" & C44 & "-" & B44 & "-" & "23" -> C043-178-23 | E44: =VLOOKUP(Table2[[#This Row],[Location (drop-down)]],Table1[#All],3,FALSE) -> SE & Caribbean | F44: Internal assessment (9001 & 17025) | G44: IA - Inspectors FIT Test | H44: 44956 | I44: RB | J44: Closed | K44: 44985 | L44: Operations | M44: Traceability and records (SR-1, raw data) | N44: Communication
A45: Mobile, AL | B45: =VLOOKUP(Table2[[#This Row],[Location (drop-down)]],'List source'!D$2:E$59,2,FALSE) -> 146 | C45: 044 | D45: ="C" & C45 & "-" & B45 & "-" & "23" -> C044-146-23 | E45: =VLOOKUP(Table2[[#This Row],[Location (drop-down)]],Table1[#All],3,FALSE) -> SE & Caribbean | F45: PT | G45: PT: RFG2210; D86 - Distillation, Auto, % Resid (EPA), Z-Score = -4.36 | H45: 44956 | I45: JN | J45: Closed | K45: 45050 | L45: PT | M45: PT | N45: Training/ competency
A46: Lake Charles (Sulfur), LA | B46: =VLOOKUP(Table2[[#This Row],[Location (drop-down)]],'List source'!D$2:E$59,2,FALSE) -> 165 | C46: 045 | D46: ="C" & C46 & "-" & B46 & "-" & "23" -> C045-165-23 | E46: =VLOOKUP(Table2[[#This Row],[Location (drop-down)]],Table1[#All],3,FALSE) -> USGC | F46: PT | G46: PT: RFG2210; D86 - Distillation, Auto, 95%, Z-Score = -3.01 | H46: 44956 | I46: JN | J46: Closed | K46: 44957 | L46: PT | M46: PT | N46: Normal statistics variance - no CA
A47: Los Angeles (Signal Hill), CA | B47: =VLOOKUP(Table2[[#This Row],[Location (drop-down)]],'List source'!D$2:E$59,2,FALSE) -> 130 | C47: 046 | D47: ="C" & C47 & "-" & B47 & "-" & "23" -> C046-130-23 | E47: =VLOOKUP(Table2[[#This Row],[Location (drop-down)]],Table1[#All],3,FALSE) -> USWC | F47: PT | G47: PT: D-1188; D445 - Viscosity at 40°C, Z-Score = 10.08 | H47: 44956 | I47: JN | J47: Closed | K47: 45214 | L47: PT | M47: PT | N47: Training/ competency
A48: VOIDED ASSMT/CAR/PAR NO | B48: =VLOOKUP(Table2[[#This Row],[Location (drop-down)]],'List source'!D$2:E$59,2,FALSE) -> VOID | C48: 047 | D48: ="C" & C48 & "-" & B48 & "-" & "23" -> C047-VOID-23 | E48: =VLOOKUP(Table2[[#This Row],[Location (drop-down)]],Table1[#All],3,FALSE) -> VOID | F48: VOID | G48: VOID | H48: VOID | I48: VOID | J48: VOID | K48: VOID | L48: VOID | M48: VOID | N48: VOID | O48: See P
A49: Marcus Hook, PA | B49: =VLOOKUP(Table2[[#This Row],[Location (drop-down)]],'List source'!D$2:E$59,2,FALSE) -> 179 | C49: 048 | D49: ="C" & C49 & "-" & B49 & "-" & "23" -> C048-179-23 | E49: =VLOOKUP(Table2[[#This Row],[Location (drop-down)]],Table1[#All],3,FALSE) -> SE & Caribbean | F49: Internal assessment (9001 & 17025) | G49: IA: Notations on methods ##, **, * do not have explanations at bottom of COA | H49: 44956 | I49: KA | J49: Closed | K49: 45016 | L49: Lab | M49: Traceability and records (SR-1, raw data)
A50: Marcus Hook, PA | B50: =VLOOKUP(Table2[[#This Row],[Location (drop-down)]],'List source'!D$2:E$59,2,FALSE) -> 179 | C50: 049 | D50: ="C" & C50 & "-" & B50 & "-" & "23" -> C049-179-23 | E50: =VLOOKUP(Table2[[#This Row],[Location (drop-down)]],Table1[#All],3,FALSE) -> SE & Caribbean | F50: Internal assessment (9001 & 17025) | G50: IA: S. Ayoub - no retraining since 2018 | H50: 44956 | I50: KA | J50: Closed | K50: 45132 | L50: Lab | M50: Training (include quality, safety, ethics) | N50: Training/ competency
A51: San Francisco (Concord), CA | B51: =VLOOKUP(Table2[[#This Row],[Location (drop-down)]],'List source'!D$2:E$59,2,FALSE) -> 131 | C51: 050 | D51: ="C" & C51 & "-" & B51 & "-" & "23" -> C050-131-23 | E51: =VLOOKUP(Table2[[#This Row],[Location (drop-down)]],Table1[#All],3,FALSE) -> USWC | F51: Internal assessment (9001 & 17025) | G51: INSCAL not current / missing | H51: 44956 | I51: MT | J51: Closed | K51: 45198 | L51: Operations | M51: Traceability and records (SR-1, raw data) | N51: Training/ competency
A52: San Francisco (Concord), CA | B52: =VLOOKUP(Table2[[#This Row],[Location (drop-down)]],'List source'!D$2:E$59,2,FALSE) -> 131 | C52: 051 | D52: ="C" & C52 & "-" & B52 & "-" & "23" -> C051-131-23 | E52: =VLOOKUP(Table2[[#This Row],[Location (drop-down)]],Table1[#All],3,FALSE) -> USWC | F52: Internal assessment (9001 & 17025) | G52: Weekly storage area inspection not completed | H52: 44956 | I52: MT | J52: Closed | K52: 45049 | L52: Lab
A53: San Francisco (Concord), CA | B53: =VLOOKUP(Table2[[#This Row],[Location (drop-down)]],'List source'!D$2:E$59,2,FALSE) -> 131 | C53: 052 | D53: ="C" & C53 & "-" & B53 & "-" & "23" -> C052-131-23 | E53: =VLOOKUP(Table2[[#This Row],[Location (drop-down)]],Table1[#All],3,FALSE) -> USWC | F53: Internal assessment (9001 & 17025) | G53: Inspector training records | H53: 44956 | I53: MT | J53: Closed | K53: 45202 | L53: Operations | M53: Traceability and records (SR-1, raw data) | N53: Training/ competency
A54: San Francisco (Concord), CA | B54: =VLOOKUP(Table2[[#This Row],[Location (drop-down)]],'List source'!D$2:E$59,2,FALSE) -> 131 | C54: 053 | D54: ="C" & C54 & "-" & B54 & "-" & "23" -> C053-131-23 | E54: =VLOOKUP(Table2[[#This Row],[Location (drop-down)]],Table1[#All],3,FALSE) -> USWC | F54: Internal assessment (9001 & 17025) | G54: Clause 6.2.3 Test witnessing / review | H54: 44956 | I54: MT | J54: Closed | K54: 45009 | L54: Lab
A55: San Francisco (Concord), CA | B55: =VLOOKUP(Table2[[#This Row],[Location (drop-down)]],'List source'!D$2:E$59,2,FALSE) -> 131 | C55: 054 | D55: ="C" & C55 & "-" & B55 & "-" & "23" -> C054-131-23 | E55: =VLOOKUP(Table2[[#This Row],[Location (drop-down)]],Table1[#All],3,FALSE) -> USWC | F55: Internal assessment (9001 & 17025) | G55: Clause 6.2.5 c Lab Training Record | H55: 44956 | I55: MT | J55: Closed | K55: 45121 | L55: Lab
A56: San Francisco (Concord), CA | B56: =VLOOKUP(Table2[[#This Row],[Location (drop-down)]],'List source'!D$2:E$59,2,FALSE) -> 131 | C56: 055 | D56: ="C" & C56 & "-" & B56 & "-" & "23" -> C055-131-23 | E56: =VLOOKUP(Table2[[#This Row],[Location (drop-down)]],Table1[#All],3,FALSE) -> USWC | F56: Internal assessment (9001 & 17025) | G56: Clause 6.4.7 Equipment | H56: 44956 | I56: MT | J56: Closed | K56: 45205 | L56: Lab | M56: Traceability and records (SR-1, raw data) | N56: Ineffective/ Lack system/ procedure
A57: San Francisco (Concord), CA | B57: =VLOOKUP(Table2[[#This Row],[Location (drop-down)]],'List source'!D$2:E$59,2,FALSE) -> 131 | C57: 056 | D57: ="C" & C57 & "-" & B57 & "-" & "23" -> C056-131-23 | E57: =VLOOKUP(Table2[[#This Row],[Location (drop-down)]],Table1[#All],3,FALSE) -> USWC | F57: Internal assessment (9001 & 17025) | G57: Clause 6.5 Metrological traceability | H57: 44956 | I57: MT | J57: Closed | K57: 45138 | L57: Lab
A58: San Francisco (Concord), CA | B58: =VLOOKUP(Table2[[#This Row],[Location (drop-down)]],'List source'!D$2:E$59,2,FALSE) -> 131 | C58: 057 | D58: ="C" & C58 & "-" & B58 & "-" & "23" -> C057-131-23 | E58: =VLOOKUP(Table2[[#This Row],[Location (drop-down)]],Table1[#All],3,FALSE) -> USWC | F58: Internal assessment (9001 & 17025) | G58: Clause 7.5.1 Technical Record | H58: 44956 | I58: MT | J58: Closed | K58: 45008 | L58: Lab
A59: San Francisco (Concord), CA | B59: =VLOOKUP(Table2[[#This Row],[Location (drop-down)]],'List source'!D$2:E$59,2,FALSE) -> 131 | C59: 058 | D59: ="C" & C59 & "-" & B59 & "-" & "23" -> C058-131-23 | E59: =VLOOKUP(Table2[[#This Row],[Location (drop-down)]],Table1[#All],3,FALSE) -> USWC | F59: Internal assessment (9001 & 17025) | G59: Clause 7.8.1.1 Job review | H59: 44956 | I59: MT | J59: Closed | K59: 45271 | L59: Lab | M59: Traceability and records (SR-1, raw data) | N59: Ineffective/ Lack system/ procedure
A60: San Francisco (Concord), CA | B60: =VLOOKUP(Table2[[#This Row],[Location (drop-down)]],'List source'!D$2:E$59,2,FALSE) -> 131 | C60: 059 | D60: ="C" & C60 & "-" & B60 & "-" & "23" -> C059-131-23 | E60: =VLOOKUP(Table2[[#This Row],[Location (drop-down)]],Table1[#All],3,FALSE) -> USWC | F60: Internal assessment (9001 & 17025) | G60: Clause 7.8.1.2 & 7.8.3.1 Test reports | H60: 44956 | I60: MT | J60: Closed | K60: 45089 | L60: Lab
A61: San Francisco (Concord), CA | B61: =VLOOKUP(Table2[[#This Row],[Location (drop-down)]],'List source'!D$2:E$59,2,FALSE) -> 131 | C61: 060 | D61: ="C" & C61 & "-" & B61 & "-" & "23" -> C060-131-23 | E61: =VLOOKUP(Table2[[#This Row],[Location (drop-down)]],Table1[#All],3,FALSE) -> USWC | F61: Internal assessment (9001 & 17025) | G61: Clause 8.8.2 d Timeliness of Corrective actions | H61: 44956 | I61: MT | J61: Closed | K61: 45050 | L61: Lab
A62: Cape Canaveral, FL | B62: =VLOOKUP(Table2[[#This Row],[Location (drop-down)]],'List source'!D$2:E$59,2,FALSE) -> 127 | C62: 061 | D62: ="C" & C62 & "-" & B62 & "-" & "23" -> C061-127-23 | E62: =VLOOKUP(Table2[[#This Row],[Location (drop-down)]],Table1[#All],3,FALSE) -> SE & Caribbean | F62: Internal assessment (9001 & 17025) | G62: Test method witnessing (D130, IP540 / D381, D3606, D86, GC standards). | H62: 44957 | I62: AH | J62: Closed | K62: 45062 | L62: Lab | M62: Technical (Calibration/ Verification/ Maintenance/ PT/ method deviation) | N62: Training/ competency
A63: Cape Canaveral, FL | B63: =VLOOKUP(Table2[[#This Row],[Location (drop-down)]],'List source'!D$2:E$59,2,FALSE) -> 127 | C63: 062 | D63: ="C" & C63 & "-" & B63 & "-" & "23" -> C062-127-23 | E63: =VLOOKUP(Table2[[#This Row],[Location (drop-down)]],Table1[#All],3,FALSE) -> SE & Caribbean | F63: Internal assessment (9001 & 17025) | G63: Expired H2S cylinder | H63: 44957 | I63: AH | J63: Closed | K63: 45062 | L63: Operations | M63: Equipment & Reagent status | N63: Ineffective/ Lack system/ procedure
A64: Cape Canaveral, FL | B64: =VLOOKUP(Table2[[#This Row],[Location (drop-down)]],'List source'!D$2:E$59,2,FALSE) -> 127 | C64: 063 | D64: ="C" & C64 & "-" & B64 & "-" & "23" -> C063-127-23 | E64: =VLOOKUP(Table2[[#This Row],[Location (drop-down)]],Table1[#All],3,FALSE) -> SE & Caribbean | F64: Internal assessment (9001 & 17025) | G64: No review of COAs for lab reference materials | H64: 44957 | I64: AH | J64: Closed | K64: 45062 | L64: Lab | M64: Traceability and records (SR-1, raw data) | N64: Training/ competency
A65: Los Angeles (Signal Hill), CA | B65: =VLOOKUP(Table2[[#This Row],[Location (drop-down)]],'List source'!D$2:E$59,2,FALSE) -> 130 | C65: 064 | D65: ="C" & C65 & "-" & B65 & "-" & "23" -> C064-130-23 | E65: =VLOOKUP(Table2[[#This Row],[Location (drop-down)]],Table1[#All],3,FALSE) -> USWC | F65: PT | G65: PT: RFG2210; D5580 - Benzene, by GC, Z-Score = 3.38 | H65: 44957 | I65: JN | J65: Closed | K65: 45214 | L65: PT | M65: PT | N65: Training/ competency
A66: Los Angeles (Signal Hill), CA | B66: =VLOOKUP(Table2[[#This Row],[Location (drop-down)]],'List source'!D$2:E$59,2,FALSE) -> 130 | C66: 065 | D66: ="C" & C66 & "-" & B66 & "-" & "23" -> C065-130-23 | E66: =VLOOKUP(Table2[[#This Row],[Location (drop-down)]],Table1[#All],3,FALSE) -> USWC | F66: PT | G66: PT: RFG2210; D5188 - V/L Ratio Temp, Evac Chamber, Z-Score = -7.36 | H66: 44957 | I66: JN | J66: Closed | K66: 45214 | L66: PT | M66: PT | N66: Training/ competency
A67: Montreal, QC | B67: =VLOOKUP(Table2[[#This Row],[Location (drop-down)]],'List source'!D$2:E$59,2,FALSE) -> 197 | C67: 066 | D67: ="C" & C67 & "-" & B67 & "-" & "23" -> C066-197-23 | E67: =VLOOKUP(Table2[[#This Row],[Location (drop-down)]],Table1[#All],3,FALSE) -> USNE, USMW & Canada | F67: PT | G67: PT: RFG2211; D2622 - Sulfur by WDXRF, Z-Score = -3.31 | H67: 44957 | I67: JN | J67: Closed | K67: 45036 | L67: PT | M67: PT | N67: Negligence (typo, no review)
A68: Montreal, QC | B68: =VLOOKUP(Table2[[#This Row],[Location (drop-down)]],'List source'!D$2:E$59,2,FALSE) -> 197 | C68: 067 | D68: ="C" & C68 & "-" & B68 & "-" & "23" -> C067-197-23 | E68: =VLOOKUP(Table2[[#This Row],[Location (drop-down)]],Table1[#All],3,FALSE) -> USNE, USMW & Canada | F68: PT | G68: PT: RFG2211; D7039 - Sulfur, by MWDXRF, Z-Score = -4.46 | H68: 44957 | I68: JN | J68: Closed | K68: 45007 | L68: PT | M68: PT | N68: Negligence (typo, no review)
A69: Chicago, IL | B69: =VLOOKUP(Table2[[#This Row],[Location (drop-down)]],'List source'!D$2:E$59,2,FALSE) -> 136 | C69: 068 | D69: ="C" & C69 & "-" & B69 & "-" & "23" -> C068-136-23 | E69: =VLOOKUP(Table2[[#This Row],[Location (drop-down)]],Table1[#All],3,FALSE) -> SE & Caribbean | F69: PT | G69: PT: RFG2210; D1319 - HC Type, Aromatics & Olefins, Corrected & Oxy Free(EPA), Z-Scores = 6.78, 7.57, -4.97, & -6.47 | H69: 44958 | I69: JN | J69: Closed | K69: 45533 | L69: PT | M69: PT | N69: Unmanaged risks
A70: Boston (Everett), MA | B70: =VLOOKUP(Table2[[#This Row],[Location (drop-down)]],'List source'!D$2:E$59,2,FALSE) -> 141 | C70: 069 | D70: ="C" & C70 & "-" & B70 & "-" & "23" -> C069-141-23 | E70: =VLOOKUP(Table2[[#This Row],[Location (drop-down)]],Table1[#All],3,FALSE) -> USNE, USMW & Canada | F70: Complaint | G70: Irving Oil - Inspectors did not arrive to the terminal prior to the barge docking. | H70: 44958 | I70: RB | J70: Closed | K70: 44967 | L70: Operations | M70: Training (include quality, safety, ethics) | N70: Communication
A71: Los Angeles (Signal Hill), CA | B71: =VLOOKUP(Table2[[#This Row],[Location (drop-down)]],'List source'!D$2:E$59,2,FALSE) -> 130 | C71: 070 | D71: ="C" & C71 & "-" & B71 & "-" & "23" -> C070-130-23 | E71: =VLOOKUP(Table2[[#This Row],[Location (drop-down)]],Table1[#All],3,FALSE) -> USWC | F71: Customer audit | G71: P66 - Billing cycle exceeds 30 days | H71: 44959 | I71: RB | J71: Closed | K71: 45215 | L71: Misc | M71: Management (CQI, Quality Policy posting, PO, AVL, CAR/PAR) | N71: Ineffective/ Lack system/ procedure | O71: A137-130-22
A72: Corpus Christi, TX | B72: =VLOOKUP(Table2[[#This Row],[Location (drop-down)]],'List source'!D$2:E$59,2,FALSE) -> 155 | C72: 071 | D72: ="C" & C72 & "-" & B72 & "-" & "23" -> C071-155-23 | E72: =VLOOKUP(Table2[[#This Row],[Location (drop-down)]],Table1[#All],3,FALSE) -> USGC | F72: Complaint | G72: Valero - The inspectors sampling the Seaways Skopelos which loaded two segreagations and failed to sample the Reformate cargo. | H72: 44959 | I72: RB | J72: Closed | K72: 44967 | L72: Operations | M72: Training (include quality, safety, ethics) | N72: Communication | O72: CAF004
A73: Boston (Everett), MA | B73: =VLOOKUP(Table2[[#This Row],[Location (drop-down)]],'List source'!D$2:E$59,2,FALSE) -> 141 | C73: 072 | D73: ="C" & C73 & "-" & B73 & "-" & "23" -> C072-141-23 | E73: =VLOOKUP(Table2[[#This Row],[Location (drop-down)]],Table1[#All],3,FALSE) -> USNE, USMW & Canada | F73: PT | G73: PT: AT-351; D2700 - Motor Octane Number, Z-Score = 4.35 | H73: 44960 | I73: JN | J73: 44965 | K73: 44967 | L73: PT | M73: PT | N73: Training/ competency
A74: Mickleton (Philly), NJ | B74: =VLOOKUP(Table2[[#This Row],[Location (drop-down)]],'List source'!D$2:E$59,2,FALSE) -> 180 | C74: 073 | D74: ="C" & C74 & "-" & B74 & "-" & "23" -> C073-180-23 | E74: =VLOOKUP(Table2[[#This Row],[Location (drop-down)]],Table1[#All],3,FALSE) -> SE & Caribbean | F74: PT | G74: PT: AT-351; GC-MS Aromatics, Z-Score = -8.51 | H74: 44960 | I74: JN | J74: Closed | K74: 44972 | L74: PT | M74: PT | N74: Negligence (typo, no review)
A75: St Croix, USVI | B75: =VLOOKUP(Table2[[#This Row],[Location (drop-down)]],'List source'!D$2:E$59,2,FALSE) -> 210 | C75: 074 | D75: ="C" & C75 & "-" & B75 & "-" & "23" -> C074-210-23 | E75: =VLOOKUP(Table2[[#This Row],[Location (drop-down)]],Table1[#All],3,FALSE) -> SE & Caribbean | F75: PT | G75: PT: CET2210; D1319 - HC Type, Olefins, Oxy-Free, Z-Score = 20.24 | H75: 44960 | I75: JN | J75: Closed | K75: 45239 | L75: PT | M75: PT | N75: Training/ competency
A76: St Croix, USVI | B76: =VLOOKUP(Table2[[#This Row],[Location (drop-down)]],'List source'!D$2:E$59,2,FALSE) -> 210 | C76: 075 | D76: ="C" & C76 & "-" & B76 & "-" & "23" -> C075-210-23 | E76: =VLOOKUP(Table2[[#This Row],[Location (drop-down)]],Table1[#All],3,FALSE) -> SE & Caribbean | F76: PT | G76: PT: CET2210; D2622 - Sulfur by WDXRF, Z-Score = -4.74 | H76: 44960 | I76: JN | J76: Closed | K76: 45287 | L76: PT | M76: PT | N76: Training/ competency
A77: St Croix, USVI | B77: =VLOOKUP(Table2[[#This Row],[Location (drop-down)]],'List source'!D$2:E$59,2,FALSE) -> 210 | C77: 076 | D77: ="C" & C77 & "-" & B77 & "-" & "23" -> C076-210-23 | E77: =VLOOKUP(Table2[[#This Row],[Location (drop-down)]],Table1[#All],3,FALSE) -> SE & Caribbean | F77: PT | G77: PT: CET2210; D445 - Viscosity, Kinematic, 40 °C, Z-Score = 8.97 | H77: 44960 | I77: JN | J77: Closed | K77: 45154 | L77: PT | M77: PT | N77: Training/ competency
A78: Lake Charles (Sulfur), LA | B78: =VLOOKUP(Table2[[#This Row],[Location (drop-down)]],'List source'!D$2:E$59,2,FALSE) -> 165 | C78: 077 | D78: ="C" & C78 & "-" & B78 & "-" & "23" -> C077-165-23 | E78: =VLOOKUP(Table2[[#This Row],[Location (drop-down)]],Table1[#All],3,FALSE) -> USGC | F78: PT | G78: PT: DF22210; D97 - Pour Point, Z-Score = -3.00 | H78: 44960 | I78: JN | J78: Closed | K78: 44998 | L78: PT | M78: PT | N78: Normal statistics variance - no CA
A79: Savannah, GA / Charleston, SC | B79: =VLOOKUP(Table2[[#This Row],[Location (drop-down)]],'List source'!D$2:E$59,2,FALSE) -> 144 | C79: 078 | D79: ="C" & C79 & "-" & B79 & "-" & "23" -> C078-144-23 | E79: =VLOOKUP(Table2[[#This Row],[Location (drop-down)]],Table1[#All],3,FALSE) -> SE & Caribbean | F79: Complaint | G79: AmSpec - Failure to follow existing protocols | H79: 44960 | I79: RB | J79: Closed | K79: 44967 | L79: Operations
A80: Bellingham (Ferndale), WA | B80: =VLOOKUP(Table2[[#This Row],[Location (drop-down)]],'List source'!D$2:E$59,2,FALSE) -> 132 | C80: 079 | D80: ="C" & C80 & "-" & B80 & "-" & "23" -> C079-132-23 | E80: =VLOOKUP(Table2[[#This Row],[Location (drop-down)]],Table1[#All],3,FALSE) -> USWC | F80: Complaint | G80: Phillips 66 - Intransit Discrepancy | H80: 44952 | I80: RB | J80: Closed | K80: 44967 | L80: Operations | M80: Traceability and records (SR-1, raw data) | N80: Communication
A81: St Croix, USVI | B81: =VLOOKUP(Table2[[#This Row],[Location (drop-down)]],'List source'!D$2:E$59,2,FALSE) -> 210 | C81: 080 | D81: ="C" & C81 & "-" & B81 & "-" & "23" -> C080-210-23 | E81: =VLOOKUP(Table2[[#This Row],[Location (drop-down)]],Table1[#All],3,FALSE) -> SE & Caribbean | F81: PT | G81: PT: RFG2210; D2622 - Sulfur by WDXRF & EPA, Z-Scores = -6.54 & -6.48 | H81: 44965 | I81: JN | J81: Closed | K81: 45289 | L81: PT | M81: PT | N81: Training/ competency
A82: St Croix, USVI | B82: =VLOOKUP(Table2[[#This Row],[Location (drop-down)]],'List source'!D$2:E$59,2,FALSE) -> 210 | C82: 081 | D82: ="C" & C82 & "-" & B82 & "-" & "23" -> C081-210-23 | E82: =VLOOKUP(Table2[[#This Row],[Location (drop-down)]],Table1[#All],3,FALSE) -> SE & Caribbean | F82: PT | G82: PT: RFG2211; D86 - Distillation, Auto, 10%, 20%, 30%, 40%, 70%, 80%, & E300, °F (EPA), Z-Scores = Multiple Outliers | H82: 44965 | I82: JN | J82: Closed | K82: 45203 | L82: PT | M82: PT | N82: Equipment/ calibration
A83: St Croix, USVI | B83: =VLOOKUP(Table2[[#This Row],[Location (drop-down)]],'List source'!D$2:E$59,2,FALSE) -> 210 | C83: 082 | D83: ="C" & C83 & "-" & B83 & "-" & "23" -> C082-210-23 | E83: =VLOOKUP(Table2[[#This Row],[Location (drop-down)]],Table1[#All],3,FALSE) -> SE & Caribbean | F83: PT | G83: PT: RFG2211; D2622 - Sulfur by WDXRF, Z-Score = -9.05 | H83: 44965 | I83: JN | J83: Closed | K83: 45289 | L83: PT | M83: PT | N83: Training/ competency
A84: Montreal, QC | B84: =VLOOKUP(Table2[[#This Row],[Location (drop-down)]],'List source'!D$2:E$59,2,FALSE) -> 197 | C84: 083 | D84: ="C" & C84 & "-" & B84 & "-" & "23" -> C083-197-23 | E84: =VLOOKUP(Table2[[#This Row],[Location (drop-down)]],Table1[#All],3,FALSE) -> USNE, USMW & Canada | F84: PT | G84: PT: RFG2212; D4052 - Density, Digital, 15 °C, Z-Score = 146.38 | H84: 44965 | I84: JN | J84: Closed | K84: 45036 | L84: PT | M84: PT | N84: Training/ competency
A85: Houston (HTC), TX | B85: =VLOOKUP(Table2[[#This Row],[Location (drop-down)]],'List source'!D$2:E$59,2,FALSE) -> 120 | C85: 084 | D85: ="C" & C85 & "-" & B85 & "-" & "23" -> C084-120-23 | E85: =VLOOKUP(Table2[[#This Row],[Location (drop-down)]],Table1[#All],3,FALSE) -> USGC | F85: PT | G85: PT: BIOD2211; D482 - Ash, Z-Score = 12.31 | H85: 44965 | I85: JN | J85: Closed | K85: 45072 | L85: PT | M85: PT
A86: Houston (HTC), TX | B86: =VLOOKUP(Table2[[#This Row],[Location (drop-down)]],'List source'!D$2:E$59,2,FALSE) -> 120 | C86: 085 | D86: ="C" & C86 & "-" & B86 & "-" & "23" -> C085-120-23 | E86: =VLOOKUP(Table2[[#This Row],[Location (drop-down)]],Table1[#All],3,FALSE) -> USGC | F86: PT | G86: PT: BIOD2211; D7501 - Fuel Filter Blocking by CSFT, Z-Score = -4.10 | H86: 44965 | I86: JN | J86: Closed | K86: 45216 | L86: PT | M86: PT
A87: Houston (HTC), TX | B87: =VLOOKUP(Table2[[#This Row],[Location (drop-down)]],'List source'!D$2:E$59,2,FALSE) -> 120 | C87: 086 | D87: ="C" & C87 & "-" & B87 & "-" & "23" -> C086-120-23 | E87: =VLOOKUP(Table2[[#This Row],[Location (drop-down)]],Table1[#All],3,FALSE) -> USGC | F87: PT | G87: PT: BIOD2211; D7321 - Particulates, Lab Filtration, Z-Score = 4.26 | H87: 44965 | I87: JN | J87: Closed | K87: 45097 | L87: PT | M87: PT
A88: Avenel (NYH), NJ | B88: =VLOOKUP(Table2[[#This Row],[Location (drop-down)]],'List source'!D$2:E$59,2,FALSE) -> 110 | C88: 087 | D88: ="C" & C88 & "-" & B88 & "-" & "23" -> C087-110-23 | E88: =VLOOKUP(Table2[[#This Row],[Location (drop-down)]],Table1[#All],3,FALSE) -> USNE, USMW & Canada | F88: PT | G88: PT: CET2210; D86 - Distillation, Auto, 40%, 50%, 60%, & 95%, Z-Scores = 2.34, 2.86, 2.53, & 7.01 | H88: 44965 | I88: JN | J88: Closed | K88: 45425 | L88: PT | M88: PT
A89: Memphis, TN | B89: =VLOOKUP(Table2[[#This Row],[Location (drop-down)]],'List source'!D$2:E$59,2,FALSE) -> 191 | C89: 088 | D89: ="C" & C89 & "-" & B89 & "-" & "23" -> C088-191-23 | E89: =VLOOKUP(Table2[[#This Row],[Location (drop-down)]],Table1[#All],3,FALSE) -> SE & Caribbean | F89: 3rd party audit (DNV, A2LA, AASHTO…) | G89: Clause 7.2.1.2 Doc control | H89: 44966 | I89: MT | J89: Closed | K89: 44972 | L89: Lab | M89: Management (CQI, Quality Policy posting, PO, AVL, CAR/PAR) | N89: Training/ competency
A90: Memphis, TN | B90: =VLOOKUP(Table2[[#This Row],[Location (drop-down)]],'List source'!D$2:E$59,2,FALSE) -> 191 | C90: 089 | D90: ="C" & C90 & "-" & B90 & "-" & "23" -> C089-191-23 | E90: =VLOOKUP(Table2[[#This Row],[Location (drop-down)]],Table1[#All],3,FALSE) -> SE & Caribbean | F90: 3rd party audit (DNV, A2LA, AASHTO…) | G90: Clause 6.4.1 Equipment OOS | H90: 44966 | I90: MT | J90: Closed | K90: 45001 | L90: Lab | M90: Technical (Calibration/ Verification/ Maintenance/ PT/ method deviation) | N90: Equipment/ calibration
A91: Memphis, TN | B91: =VLOOKUP(Table2[[#This Row],[Location (drop-down)]],'List source'!D$2:E$59,2,FALSE) -> 191 | C91: 090 | D91: ="C" & C91 & "-" & B91 & "-" & "23" -> C090-191-23 | E91: =VLOOKUP(Table2[[#This Row],[Location (drop-down)]],Table1[#All],3,FALSE) -> SE & Caribbean | F91: 3rd party audit (DNV, A2LA, AASHTO…) | G91: Clause 6.4.13 a firmware | H91: 44966 | I91: MT | J91: Closed | K91: 44972 | L91: Lab | M91: Traceability and records (SR-1, raw data) | N91: Training/ competency
A92: Mickleton (Philly), NJ | B92: =VLOOKUP(Table2[[#This Row],[Location (drop-down)]],'List source'!D$2:E$59,2,FALSE) -> 180 | C92: 091 | D92: ="C" & C92 & "-" & B92 & "-" & "23" -> C091-180-23 | E92: =VLOOKUP(Table2[[#This Row],[Location (drop-down)]],Table1[#All],3,FALSE) -> SE & Caribbean | F92: Complaint | G92: PBF - Off specification Nitrogen result | H92: 44967 | I92: RB | J92: Closed | K92: 44995 | L92: Lab | M92: Technical (Calibration/ Verification/ Maintenance/ PT/ method deviation) | N92: Training/ competency
A93: Texas City, TX | B93: =VLOOKUP(Table2[[#This Row],[Location (drop-down)]],'List source'!D$2:E$59,2,FALSE) -> 150 | C93: 092 | D93: ="C" & C93 & "-" & B93 & "-" & "23" -> C092-150-23 | E93: =VLOOKUP(Table2[[#This Row],[Location (drop-down)]],Table1[#All],3,FALSE) -> USGC | F93: Internal assessment (9001 & 17025) | G93: Ops packing list | H93: 44981 | I93: MT | J93: Closed | K93: 45029 | L93: Operations | M93: Traceability and records (SR-1, raw data) | N93: Ineffective/ Lack system/ procedure
A94: Texas City, TX | B94: =VLOOKUP(Table2[[#This Row],[Location (drop-down)]],'List source'!D$2:E$59,2,FALSE) -> 150 | C94: 093 | D94: ="C" & C94 & "-" & B94 & "-" & "23" -> C093-150-23 | E94: =VLOOKUP(Table2[[#This Row],[Location (drop-down)]],Table1[#All],3,FALSE) -> USGC | F94: Internal assessment (9001 & 17025) | G94: Inspection raw data | H94: 44981 | I94: MT | J94: Closed | K94: 45239 | L94: Operations
A95: Texas City, TX | B95: =VLOOKUP(Table2[[#This Row],[Location (drop-down)]],'List source'!D$2:E$59,2,FALSE) -> 150 | C95: 094 | D95: ="C" & C95 & "-" & B95 & "-" & "23" -> C094-150-23 | E95: =VLOOKUP(Table2[[#This Row],[Location (drop-down)]],Table1[#All],3,FALSE) -> USGC | F95: Internal assessment (9001 & 17025) | G95: Operation/Inspector training | H95: 44981 | I95: MT | J95: Closed | K95: 45106 | L95: Operations | M95: Traceability and records (SR-1, raw data) | N95: Ineffective/ Lack system/ procedure
A96: Texas City, TX | B96: =VLOOKUP(Table2[[#This Row],[Location (drop-down)]],'List source'!D$2:E$59,2,FALSE) -> 150 | C96: 095 | D96: ="C" & C96 & "-" & B96 & "-" & "23" -> C095-150-23 | E96: =VLOOKUP(Table2[[#This Row],[Location (drop-down)]],Table1[#All],3,FALSE) -> USGC | F96: Internal assessment (9001 & 17025) | G96: SCBA recertification | H96: 44981 | I96: MT | J96: Closed | K96: 45106 | L96: Operations | M96: Traceability and records (SR-1, raw data) | N96: Ineffective/ Lack system/ procedure | O96: 45021
A97: Texas City, TX | B97: =VLOOKUP(Table2[[#This Row],[Location (drop-down)]],'List source'!D$2:E$59,2,FALSE) -> 150 | C97: 096 | D97: ="C" & C97 & "-" & B97 & "-" & "23" -> C096-150-23 | E97: =VLOOKUP(Table2[[#This Row],[Location (drop-down)]],Table1[#All],3,FALSE) -> USGC | F97: Internal assessment (9001 & 17025) | G97: Clause 6.2.5 training | H97: 44981 | I97: MT | J97: Closed | K97: 45135 | L97: Lab | M97: Training (include quality, safety, ethics) | N97: Ineffective/ Lack system/ procedure
A98: Texas City, TX | B98: =VLOOKUP(Table2[[#This Row],[Location (drop-down)]],'List source'!D$2:E$59,2,FALSE) -> 150 | C98: 097 | D98: ="C" & C98 & "-" & B98 & "-" & "23" -> C097-150-23 | E98: =VLOOKUP(Table2[[#This Row],[Location (drop-down)]],Table1[#All],3,FALSE) -> USGC | F98: Internal assessment (9001 & 17025) | G98: Clause 6.2.3 Staff competency | H98: 44981 | I98: MT | J98: Closed | K98: 45035 | L98: Lab | M98: Technical (Calibration/ Verification/ Maintenance/ PT/ method deviation) | N98: Training/ competency
A99: Texas City, TX | B99: =VLOOKUP(Table2[[#This Row],[Location (drop-down)]],'List source'!D$2:E$59,2,FALSE) -> 150 | C99: 098 | D99: ="C" & C99 & "-" & B99 & "-" & "23" -> C098-150-23 | E99: =VLOOKUP(Table2[[#This Row],[Location (drop-down)]],Table1[#All],3,FALSE) -> USGC | F99: Internal assessment (9001 & 17025) | G99: Clause 6.4.5 & 6.4.10 equipment | H99: 44981 | I99: MT | J99: Closed | K99: 45001 | L99: Lab | M99: Technical (Calibration/ Verification/ Maintenance/ PT/ method deviation) | N99: Training/ competency
A100: Texas City, TX | B100: =VLOOKUP(Table2[[#This Row],[Location (drop-down)]],'List source'!D$2:E$59,2,FALSE) -> 150 | C100: 099 | D100: ="C" & C100 & "-" & B100 & "-" & "23" -> C099-150-23 | E100: =VLOOKUP(Table2[[#This Row],[Location (drop-down)]],Table1[#All],3,FALSE) -> USGC | F100: Internal assessment (9001 & 17025) | G100: Clause 7.5.1 technical record | H100: 44981 | I100: MT | J100: Closed | K100: 45006 | L100: Lab | M100: Traceability and records (SR-1, raw data) | N100: Training/ competency
...

Sheet Assessment tracking 2023
A1: Location (drop-down) | B1: Location ID | C1: # | D1: Assessment # | E1: Start Date | F1: End Date | G1: Report Issued | H1: Type of Assessment (drop-down) | I1: Scope of Assessment (drop-down) | J1: QA In Charge (Get a copy of assessment report or summary) | K1: Assessor(s) / Auditor(s) name(s) | L1: Assessor's company | M1: Agency Type (Regulatory / certification / accreditation agency) (drop-down) | N1: Brief description of assessment scope
A2: Cape Canaveral, FL | B2: =VLOOKUP(Table245[[#This Row],[Location (drop-down)]],'List source'!D$2:E$59,2,FALSE) -> 127 | C2: 001 | D2: ="A" & C2 & "-" & B2 & "-" & "23" -> A001-127-23 | E2: 44935 | F2: 44938 | G2: 44957 | H2: Internal | I2: Inspection & Laboratory | J2: AH | K2: AH | L2: AmSpec | N2: Annual internal quality systems assessment (ISO 9001)
A3: Corpus Christi, TX | B3: =VLOOKUP(Table245[[#This Row],[Location (drop-down)]],'List source'!D$2:E$59,2,FALSE) -> 155 | C3: 002 | D3: ="A" & C3 & "-" & B3 & "-" & "23" -> A002-155-23 | E3: 44935 | F3: 44938 | G3: 44946 | H3: Internal | I3: Inspection & Laboratory | J3: RB | K3: RB, MT | L3: AmSpec | N3: Annual internal quality systems assessment (ISO 9001)
A4: Corpus Christi, TX | B4: =VLOOKUP(Table245[[#This Row],[Location (drop-down)]],'List source'!D$2:E$59,2,FALSE) -> 155 | C4: 003 | D4: ="A" & C4 & "-" & B4 & "-" & "23" -> A003-155-23 | E4: 44935 | F4: 44938 | G4: 44946 | H4: Internal | I4: Laboratory | J4: RB | K4: RB, MT | L4: AmSpec | N4: Annual internal quality systems assessment (ISO 17025)
A5: San Francisco (Concord), CA | B5: =VLOOKUP(Table245[[#This Row],[Location (drop-down)]],'List source'!D$2:E$59,2,FALSE) -> 131 | C5: 004 | D5: ="A" & C5 & "-" & B5 & "-" & "23" -> A004-131-23 | E5: 44949 | F5: 44952 | G5: 44956 | H5: Internal | I5: Inspection & Laboratory | K5: KA, MT | L5: AmSpec | N5: Annual internal quality systems assessment (ISO 9001)
A6: San Francisco (Concord), CA | B6: =VLOOKUP(Table245[[#This Row],[Location (drop-down)]],'List source'!D$2:E$59,2,FALSE) -> 131 | C6: 005 | D6: ="A" & C6 & "-" & B6 & "-" & "23" -> A005-131-23 | E6: 44949 | F6: 44952 | G6: 44956 | H6: Internal | I6: Laboratory | K6: KA, MT | L6: AmSpec | N6: Annual internal quality systems assessment (ISO 17025)
A7: Avenel (NYH), NJ | B7: =VLOOKUP(Table245[[#This Row],[Location (drop-down)]],'List source'!D$2:E$59,2,FALSE) -> 110 | C7: 006 | D7: ="A" & C7 & "-" & B7 & "-" & "23" -> A006-110-23 | E7: 44937 | F7: 44937 | G7: 44938 | H7: Certifications | I7: Laboratory | J7: KA | K7: Linda Zatkalik | L7: NBAC | N7: BQ-9000 24 month surveillance audit (Year 2)
A8: Mobile, AL | B8: =VLOOKUP(Table245[[#This Row],[Location (drop-down)]],'List source'!D$2:E$59,2,FALSE) -> 146 | C8: 007 | D8: ="A" & C8 & "-" & B8 & "-" & "23" -> A007-146-23 | E8: 44937 | F8: 44937 | G8: 44943 | H8: Customer | I8: Inspection | J8: RB | K8: Brandon Gray | L8: CHESM
A9: Marcus Hook, PA | B9: =VLOOKUP(Table245[[#This Row],[Location (drop-down)]],'List source'!D$2:E$59,2,FALSE) -> 179 | C9: 008 | D9: ="A" & C9 & "-" & B9 & "-" & "23" -> A008-179-23 | E9: 44943 | F9: 44944 | G9: 44956 | H9: Internal | I9: Inspection & Laboratory | J9: KA | K9: KA | L9: AmSpec | N9: Annual internal quality systems assessment (ISO 9001)
A10: Pittsburgh, PA | B10: =VLOOKUP(Table245[[#This Row],[Location (drop-down)]],'List source'!D$2:E$59,2,FALSE) -> 178 | C10: 009 | D10: ="A" & C10 & "-" & B10 & "-" & "23" -> A009-178-23 | E10: 44951 | F10: 44952 | G10: 44956 | H10: Internal | I10: Inspection & Laboratory | J10: RB | K10: RB | L10: AmSpec | N10: Annual internal quality systems assessment (ISO 9001)
A11: Los Angeles (Signal Hill), CA | B11: =VLOOKUP(Table245[[#This Row],[Location (drop-down)]],'List source'!D$2:E$59,2,FALSE) -> 130 | C11: 010 | D11: ="A" & C11 & "-" & B11 & "-" & "23" -> A010-130-23 | E11: 44943 | F11: 44943 | G11: 44956 | H11: Customer | I11: Inspection & Laboratory | J11: RB | K11: Samuel Dapaah | L11: Chevron | N11: Assess Hazards Assessment Safeguards
A12: Texas City, TX | B12: =VLOOKUP(Table245[[#This Row],[Location (drop-down)]],'List source'!D$2:E$59,2,FALSE) -> 150 | C12: 011 | D12: ="A" & C12 & "-" & B12 & "-" & "23" -> A011-150-23 | E12: 44963 | F12: 44966 | G12: 44978 | H12: Internal | I12: Inspection & Laboratory | J12: RB | K12: RB/KA/MT | L12: AmSpec | N12: Annual internal quality systems assessment (ISO 9001)
A13: Texas City, TX | B13: =VLOOKUP(Table245[[#This Row],[Location (drop-down)]],'List source'!D$2:E$59,2,FALSE) -> 150 | C13: 012 | D13: ="A" & C13 & "-" & B13 & "-" & "23" -> A012-150-23 | E13: 44963 | F13: 44966 | G13: 44978 | H13: Internal | I13: Laboratory | J13: RB | K13: RB/KA/MT | L13: AmSpec | N13: Annual internal quality systems assessment (ISO 17025)
A14: Seabrook (Chemicals), TX | B14: =VLOOKUP(Table245[[#This Row],[Location (drop-down)]],'List source'!D$2:E$59,2,FALSE) -> 121 | C14: 013 | D14: ="A" & C14 & "-" & B14 & "-" & "23" -> A013-121-23 | E14: 44965 | F14: 44965 | G14: 44971 | H14: Internal | I14: Inspection | J14: RB | K14: RB | L14: AmSpec | N14: Annual internal quality systems assessment (ISO 9001)
A15: Baton Rouge (Gonzales), LA | B15: =VLOOKUP(Table245[[#This Row],[Location (drop-down)]],'List source'!D$2:E$59,2,FALSE) -> 190 | C15: 014 | D15: ="A" & C15 & "-" & B15 & "-" & "23" -> A014-190-23 | E15: 44963 | F15: 44966 | G15: 44987 | H15: Internal | I15: Inspection & Laboratory | J15: AH | K15: AH | L15: AmSpec | N15: Annual internal quality systems assessment (ISO 9001)
A16: Baton Rouge (Gonzales), LA | B16: =VLOOKUP(Table245[[#This Row],[Location (drop-down)]],'List source'!D$2:E$59,2,FALSE) -> 190 | C16: 015 | D16: ="A" & C16 & "-" & B16 & "-" & "23" -> A015-190-23 | E16: 44963 | F16: 44966 | G16: 44987 | H16: Internal | I16: Laboratory | J16: AH | K16: AH | L16: AmSpec | N16: Annual internal quality systems assessment (ISO 17025)
A17: New Orleans (Destrehan), LA | B17: =VLOOKUP(Table245[[#This Row],[Location (drop-down)]],'List source'!D$2:E$59,2,FALSE) -> 170 | C17: 016 | D17: ="A" & C17 & "-" & B17 & "-" & "23" -> A016-170-23 | E17: 44966 | F17: 44966 | G17: 44966 | H17: Certifications | I17: Laboratory | J17: AH | K17: Chris Garth | L17: NBAC | M17: Certifications | N17: BQ-9000 24 month surveillance audit (Year 2)
A18: Tampa, FL | B18: =VLOOKUP(Table245[[#This Row],[Location (drop-down)]],'List source'!D$2:E$59,2,FALSE) -> 126 | C18: 017 | D18: ="A" & C18 & "-" & B18 & "-" & "23" -> A017-126-23 | E18: 44931 | F18: 44931 | G18: 44935 | H18: Internal | I18: Inspection & Laboratory | J18: RB | K18: Louis Buisson | L18: AmSpec | N18: AmSpec HSSE
A19: Memphis, TN | B19: =VLOOKUP(Table245[[#This Row],[Location (drop-down)]],'List source'!D$2:E$59,2,FALSE) -> 191 | C19: 018 | D19: ="A" & C19 & "-" & B19 & "-" & "23" -> A018-191-23 | E19: 44949 | F19: 44950 | G19: 44952 | H19: Certifications | I19: Laboratory | J19: MT | K19: M. Cahill | L19: A2LA | M19: Accredited agency | N19: A2LA renewal assessment (ISO 17025)
A20: Tampa, FL | B20: =VLOOKUP(Table245[[#This Row],[Location (drop-down)]],'List source'!D$2:E$59,2,FALSE) -> 126 | C20: 019 | D20: ="A" & C20 & "-" & B20 & "-" & "23" -> A019-126-23 | E20: 44977 | F20: 44980 | G20: 44986 | H20: Internal | I20: Inspection & Laboratory | J20: RB | K20: RB | L20: AmSpec | N20: Annual internal quality systems assessment (ISO 9001)
A21: Brownsville, TX | B21: =VLOOKUP(Table245[[#This Row],[Location (drop-down)]],'List source'!D$2:E$59,2,FALSE) -> 158 | C21: 020 | D21: ="A" & C21 & "-" & B21 & "-" & "23" -> A020-158-23 | E21: 44977 | F21: 44980 | G21: 44988 | H21: Internal | I21: Inspection & Laboratory | J21: MT | K21: MT/AH | L21: AmSpec | N21: Annual internal quality systems assessment (ISO 9001)
A22: Brownsville, TX | B22: =VLOOKUP(Table245[[#This Row],[Location (drop-down)]],'List source'!D$2:E$59,2,FALSE) -> 158 | C22: 021 | D22: ="A" & C22 & "-" & B22 & "-" & "23" -> A021-158-23 | E22: 44977 | F22: 44980 | G22: 45008 | H22: Internal | I22: Laboratory | J22: MT | K22: MT/AH | L22: AmSpec | N22: Annual internal quality systems assessment (ISO 17025)
A23: Boston (Everett), MA | B23: =VLOOKUP(Table245[[#This Row],[Location (drop-down)]],'List source'!D$2:E$59,2,FALSE) -> 141 | C23: 022 | D23: ="A" & C23 & "-" & B23 & "-" & "23" -> A022-141-23 | E23: 44978 | F23: 44980 | G23: 44986 | H23: Internal | I23: Inspection & Laboratory | J23: KA | K23: KA | L23: AmSpec | N23: Annual internal quality systems assessment (ISO 9001)
A24: Mobile, AL | B24: =VLOOKUP(Table245[[#This Row],[Location (drop-down)]],'List source'!D$2:E$59,2,FALSE) -> 146 | C24: 023 | D24: ="A" & C24 & "-" & B24 & "-" & "23" -> A023-146-23 | E24: 44977 | F24: 44979 | G24: 44981 | H24: Certifications | I24: Laboratory | J24: RB | K24: M. Cahill | L24: A2LA | M24: Certifications | N24: A2LA initial scope assessment (ISO 17025)
A25: Houston (HTC), TX | B25: =VLOOKUP(Table245[[#This Row],[Location (drop-down)]],'List source'!D$2:E$59,2,FALSE) -> 120 | C25: 024 | D25: ="A" & C25 & "-" & B25 & "-" & "23" -> A024-120-23 | E25: 44977 | F25: 44981 | G25: 44981 | H25: Certifications | I25: Laboratory | J25: MT | K25: A. Lathrop & S. Lerman | L25: A2LA | M25: Certifications | N25: A2LA renewal assessment (ISO 17025)
A26: Puerto Rico | B26: =VLOOKUP(Table245[[#This Row],[Location (drop-down)]],'List source'!D$2:E$59,2,FALSE) -> 192 | C26: 025 | D26: ="A" & C26 & "-" & B26 & "-" & "23" -> A025-192-23 | E26: 44985 | F26: 44985 | G26: 45021 | H26: Internal | I26: Inspection & Laboratory | J26: CS | K26: CS | L26: AmSpec | N26: Annual internal quality systems assessment (ISO 9001)
A27: Puerto Rico | B27: =VLOOKUP(Table245[[#This Row],[Location (drop-down)]],'List source'!D$2:E$59,2,FALSE) -> 192 | C27: 026 | D27: ="A" & C27 & "-" & B27 & "-" & "23" -> A026-192-23 | E27: 44966 | F27: 44967 | G27: 44978 | H27: Customer | I27: Inspection & Laboratory | J27: EC | K27: K. Byrd & S. Anthony | L27: Shell Oil | N27: Inspection, sampling, and laboratory areas assessed
A28: St Croix, USVI | B28: =VLOOKUP(Table245[[#This Row],[Location (drop-down)]],'List source'!D$2:E$59,2,FALSE) -> 210 | C28: 027 | D28: ="A" & C28 & "-" & B28 & "-" & "23" -> A027-210-23 | E28: 44970 | F28: 44971 | G28: 44986 | H28: Regulatory | I28: Inspection & Laboratory | J28: RB | K28: Arlene Badillo | L28: USCBP | M28: Certifications | N28: Operations / Inspection / Lab
A29: Houston (HTC), TX | B29: =VLOOKUP(Table245[[#This Row],[Location (drop-down)]],'List source'!D$2:E$59,2,FALSE) -> 120 | C29: 028 | D29: ="A" & C29 & "-" & B29 & "-" & "23" -> A028-120-23 | E29: 44959 | F29: 44960 | G29: uploaded | H29: Customer | I29: Laboratory | J29: HB | K29: Kiran Vibhandik | L29: ExxonMobil | N29: QP&G Lab
A30: Houston (HTC), TX | B30: =VLOOKUP(Table245[[#This Row],[Location (drop-down)]],'List source'!D$2:E$59,2,FALSE) -> 120 | C30: 029 | D30: ="A" & C30 & "-" & B30 & "-" & "23" -> A029-120-23 | E30: 44978 | F30: 44978 | G30: uploaded | H30: Customer | I30: Laboratory | J30: HB | K30: Maria Fernandez | L30: Citgo
A31: Houston (HTC), TX | B31: =VLOOKUP(Table245[[#This Row],[Location (drop-down)]],'List source'!D$2:E$59,2,FALSE) -> 120 | C31: 030 | D31: ="A" & C31 & "-" & B31 & "-" & "23" -> A030-120-23 | E31: 44965 | F31: 44965 | G31: uploaded | H31: Customer | I31: Laboratory | J31: HB | K31: Charalambos Papaioannou | L31: BP Air
A32: Houston (HTC), TX | B32: =VLOOKUP(Table245[[#This Row],[Location (drop-down)]],'List source'!D$2:E$59,2,FALSE) -> 120 | C32: 031 | D32: ="A" & C32 & "-" & B32 & "-" & "23" -> A031-120-23 | E32: 44986 | F32: 44986 | G32: uploaded | H32: Customer | I32: Laboratory | J32: HB | K32: Krashod Byrd, Scott Anthony, and Umit Ayna | L32: Shell Distillate
A33: New Orleans (Destrehan), LA | B33: =VLOOKUP(Table245[[#This Row],[Location (drop-down)]],'List source'!D$2:E$59,2,FALSE) -> 170 | C33: 032 | D33: ="A" & C33 & "-" & B33 & "-" & "23" -> A032-170-23 | E33: 44991 | F33: 44994 | G33: 45009 | H33: Internal | I33: Inspection & Laboratory | J33: AH | K33: MT/AH/RB | L33: AmSpec | N33: Annual internal quality systems assessment (ISO 9001)
A34: New Orleans (Destrehan), LA | B34: =VLOOKUP(Table245[[#This Row],[Location (drop-down)]],'List source'!D$2:E$59,2,FALSE) -> 170 | C34: 033 | D34: ="A" & C34 & "-" & B34 & "-" & "23" -> A033-170-23 | E34: 44991 | F34: 44994 | G34: 45009 | H34: Internal | I34: Laboratory | J34: AH | K34: MT/AH/RB | L34: AmSpec | N34: Annual internal quality systems assessment (ISO 17025)
A35: New Orleans (Destrehan), LA | B35: =VLOOKUP(Table245[[#This Row],[Location (drop-down)]],'List source'!D$2:E$59,2,FALSE) -> 170 | C35: 034 | D35: ="A" & C35 & "-" & B35 & "-" & "23" -> A034-170-23 | E35: 44991 | F35: 44994 | G35: 45009 | H35: Internal | I35: Laboratory | J35: AH | K35: MT/AH/RB | L35: AmSpec | N35: Annual internal quality systems assessment (BQ-9000)
A36: HOFTI / Channelview, TX | B36: =VLOOKUP(Table245[[#This Row],[Location (drop-down)]],'List source'!D$2:E$59,2,FALSE) -> 128 | C36: 035 | D36: ="A" & C36 & "-" & B36 & "-" & "23" -> A035-128-23 | E36: 45005 | F36: 45006 | G36: 45019 | H36: Internal | I36: Inspection & Laboratory | J36: AH | K36: AH | L36: AmSpec | N36: Annual internal quality systems assessment (ISO 9001)
A37: Freeport, TX | B37: =VLOOKUP(Table245[[#This Row],[Location (drop-down)]],'List source'!D$2:E$59,2,FALSE) -> 157 | C37: 036 | D37: ="A" & C37 & "-" & B37 & "-" & "23" -> A036-157-23 | E37: 45007 | F37: 45008 | G37: 45026 | H37: Internal | I37: Inspection & Laboratory | J37: AH | K37: AH/MT | L37: AmSpec | N37: Annual internal quality systems assessment (ISO 9001)
A38: Halifax (Dartmouth), NS | B38: =VLOOKUP(Table245[[#This Row],[Location (drop-down)]],'List source'!D$2:E$59,2,FALSE) -> 198 | C38: 037 | D38: ="A" & C38 & "-" & B38 & "-" & "23" -> A037-198-23 | E38: 45000 | F38: 45000 | G38: 45000 | H38: Customer | I38: Laboratory | J38: MT | K38: Matt Levis | L38: Irving | N38: D5452
A39: St Croix, USVI | B39: =VLOOKUP(Table245[[#This Row],[Location (drop-down)]],'List source'!D$2:E$59,2,FALSE) -> 210 | C39: 038 | D39: ="A" & C39 & "-" & B39 & "-" & "23" -> A038-210-23 | E39: 44999 | F39: 45000 | G39: 45021 | H39: Internal | I39: Inspection & Laboratory | J39: CS | K39: CS | L39: AmSpec | N39: Annual internal quality systems assessment (ISO 9001)
A40: Ft Lauderdale (Davie), FL | B40: =VLOOKUP(Table245[[#This Row],[Location (drop-down)]],'List source'!D$2:E$59,2,FALSE) -> 125 | C40: 039 | D40: ="A" & C40 & "-" & B40 & "-" & "23" -> A039-125-23 | E40: 45012 | F40: 45014 | G40: 45019 | H40: Internal | I40: Inspection & Laboratory | J40: RB | K40: RB | L40: AmSpec | N40: Annual internal quality systems assessment (ISO 9001)
A41: Cincinnati (Erlanger), OH | B41: =VLOOKUP(Table245[[#This Row],[Location (drop-down)]],'List source'!D$2:E$59,2,FALSE) -> 138 | C41: 040 | D41: ="A" & C41 & "-" & B41 & "-" & "23" -> A040-138-23 | E41: 45012 | F41: 45014 | G41: 45022 | H41: Internal | I41: Inspection & Laboratory | J41: KA | K41: KA | L41: AmSpec | N41: Annual internal quality systems assessment (ISO 9001)
A42: AGRI (HTC) | B42: =VLOOKUP(Table245[[#This Row],[Location (drop-down)]],'List source'!D$2:E$59,2,FALSE) -> 119 | C42: 041 | D42: ="A" & C42 & "-" & B42 & "-" & "23" -> A041-119-23 | E42: 45026 | F42: 45027 | G42: 45034 | H42: Internal | I42: Inspection & Laboratory | J42: KA | K42: AH/KA | L42: AmSpec | N42: Annual internal quality systems assessment (ISO 9001)
A43: Port Arthur (Beaumont), TX | B43: =VLOOKUP(Table245[[#This Row],[Location (drop-down)]],'List source'!D$2:E$59,2,FALSE) -> 160 | C43: 042 | D43: ="A" & C43 & "-" & B43 & "-" & "23" -> A042-160-23 | E43: 45054 | F43: 45057 | G43: 45071 | H43: Internal | I43: Inspection & Laboratory | J43: AH | K43: AH | L43: AmSpec | N43: Annual internal quality systems assessment (ISO 9001)
A44: Port Arthur (Beaumont), TX | B44: =VLOOKUP(Table245[[#This Row],[Location (drop-down)]],'List source'!D$2:E$59,2,FALSE) -> 160 | C44: 043 | D44: ="A" & C44 & "-" & B44 & "-" & "23" -> A043-160-23 | E44: 45054 | F44: 45057 | G44: 45071 | H44: Internal | I44: Laboratory | J44: AH | K44: AH | L44: AmSpec | N44: Annual internal quality systems assessment (ISO 17025)
A45: New Orleans (Destrehan), LA | B45: =VLOOKUP(Table245[[#This Row],[Location (drop-down)]],'List source'!D$2:E$59,2,FALSE) -> 170 | C45: 044 | D45: ="A" & C45 & "-" & B45 & "-" & "23" -> A044-170-23 | E45: 45021 | F45: 45021 | G45: 45021 | H45: Regulatory | I45: Laboratory | J45: AH | K45: J. Pate | L45: LA Dept. of Environmental Quality | M45: Regulatory | N45: Inspection and assessment x-ray equipment to meet local state requirements.
A46: St James, LA | B46: =VLOOKUP(Table245[[#This Row],[Location (drop-down)]],'List source'!D$2:E$59,2,FALSE) -> 171 | C46: 045 | D46: ="A" & C46 & "-" & B46 & "-" & "23" -> A045-171-23 | E46: 45056 | F46: 45056 | G46: N/A | H46: Regulatory | I46: Inspection & Laboratory | J46: RB | K46: Allison Blair | L46: USCBP | M46: Regulatory | N46: USCBP Triennial
A47: Belle Chasse, LA | B47: =VLOOKUP(Table245[[#This Row],[Location (drop-down)]],'List source'!D$2:E$59,2,FALSE) -> 116 | C47: 046 | D47: ="A" & C47 & "-" & B47 & "-" & "23" -> A046-116-23 | E47: 45057 | F47: 45057 | G47: N/A | H47: Regulatory | I47: Inspection & Laboratory | J47: RB | K47: Allison Blair | L47: USCBP | M47: Regulatory | N47: USCBP Triennial
A48: Kenai, AK | B48: =VLOOKUP(Table245[[#This Row],[Location (drop-down)]],'List source'!D$2:E$59,2,FALSE) -> 133 | C48: 047 | D48: ="A" & C48 & "-" & B48 & "-" & "23" -> A047-133-23 | E48: 45083 | F48: 45084 | G48: N/A | H48: Regulatory | I48: Inspection & Laboratory | J48: RB | K48: Raquel Hernandez-Andres | L48: USCBP | M48: Regulatory | N48: USCBP Triennial
A49: Yorktown (Norfolk), VA | B49: =VLOOKUP(Table245[[#This Row],[Location (drop-down)]],'List source'!D$2:E$59,2,FALSE) -> 185 | C49: 048 | D49: ="A" & C49 & "-" & B49 & "-" & "23" -> A048-185-23 | E49: 45027 | F49: 45029 | G49: 45035 | H49: Internal | I49: Inspection & Laboratory | J49: MT | K49: MT | L49: AmSpec | N49: Annual internal quality systems assessment (ISO 9001)
A50: Los Angeles (Signal Hill), CA | B50: =VLOOKUP(Table245[[#This Row],[Location (drop-down)]],'List source'!D$2:E$59,2,FALSE) -> 130 | C50: 049 | D50: ="A" & C50 & "-" & B50 & "-" & "23" -> A049-130-23 | E50: 45040 | F50: 45043 | G50: 45050 | H50: Internal | I50: Inspection & Laboratory | J50: KA | K50: KA / MT | L50: AmSpec | N50: Annual internal quality systems assessment (ISO 9001)
A51: Los Angeles (Signal Hill), CA | B51: =VLOOKUP(Table245[[#This Row],[Location (drop-down)]],'List source'!D$2:E$59,2,FALSE) -> 130 | C51: 050 | D51: ="A" & C51 & "-" & B51 & "-" & "23" -> A050-130-23 | E51: 45040 | F51: 45043 | G51: 45050 | H51: Internal | I51: Laboratory | J51: KA | K51: KA / MT | L51: AmSpec | N51: Annual internal quality systems assessment (ISO 17025)
A52: Los Angeles (Signal Hill), CA | B52: =VLOOKUP(Table245[[#This Row],[Location (drop-down)]],'List source'!D$2:E$59,2,FALSE) -> 130 | C52: 051 | D52: ="A" & C52 & "-" & B52 & "-" & "23" -> A051-130-23 | E52: 45040 | F52: 45043 | G52: 45050 | H52: Internal | I52: Laboratory | J52: KA | K52: KA / MT | L52: AmSpec | N52: Annual internal quality systems assessment (BQ-9000)
A53: Seabrook (Chemicals), TX | B53: =VLOOKUP(Table245[[#This Row],[Location (drop-down)]],'List source'!D$2:E$59,2,FALSE) -> 121 | C53: 052 | D53: ="A" & C53 & "-" & B53 & "-" & "23" -> A052-121-23 | E53: 45062 | F53: 45062 | G53: N/A | H53: Regulatory | I53: Inspection | J53: RB | K53: USCBP | L53: USCBP | M53: Regulatory | N53: USCBP Triennial
A54: Montreal, QC | B54: =VLOOKUP(Table245[[#This Row],[Location (drop-down)]],'List source'!D$2:E$59,2,FALSE) -> 197 | C54: 053 | D54: ="A" & C54 & "-" & B54 & "-" & "23" -> A053-197-23 | E54: 45096 | F54: 45096 | G54: 45137 | H54: Certifications | I54: Inspection & Laboratory | J54: RB | K54: Y. Patel | L54: DNV | M54: Certifications | N54: DNV ISO 9001 2023 audits
A55: VOIDED ASSMT/CAR/PAR NO | B55: =VLOOKUP(Table245[[#This Row],[Location (drop-down)]],'List source'!D$2:E$59,2,FALSE) -> VOID | C55: 054 | D55: ="A" & C55 & "-" & B55 & "-" & "23" -> A054-VOID-23 | E55: VOID | F55: VOID | G55: VOID | H55: VOID | I55: VOID | J55: VOID | K55: VOID | L55: VOID | M55: VOID | N55: VOID
A56: New Orleans (Destrehan), LA | B56: =VLOOKUP(Table245[[#This Row],[Location (drop-down)]],'List source'!D$2:E$59,2,FALSE) -> 170 | C56: 055 | D56: ="A" & C56 & "-" & B56 & "-" & "23" -> A055-170-23 | E56: 45098 | F56: 45098 | G56: 45098 | H56: Certifications | I56: Inspection & Laboratory | J56: RB | K56: S. Quirch | L56: DNV | M56: Certifications | N56: DNV ISO 9001 2023 audits
A57: Port Arthur (Beaumont), TX | B57: =VLOOKUP(Table245[[#This Row],[Location (drop-down)]],'List source'!D$2:E$59,2,FALSE) -> 160 | C57: 056 | D57: ="A" & C57 & "-" & B57 & "-" & "23" -> A056-160-23 | E57: 45100 | F57: 45100 | G57: 45137 | H57: Certifications | I57: Inspection & Laboratory | J57: RB | K57: D. Gilstrap | L57: DNV | M57: Certifications | N57: DNV ISO 9001 2023 audits
A58: Puerto Rico | B58: =VLOOKUP(Table245[[#This Row],[Location (drop-down)]],'List source'!D$2:E$59,2,FALSE) -> 192 | C58: 057 | D58: ="A" & C58 & "-" & B58 & "-" & "23" -> A057-192-23 | E58: 45114 | F58: 45114 | G58: 45137 | H58: Certifications | I58: Inspection & Laboratory | J58: RB | K58: T. Como | L58: DNV | M58: Certifications | N58: DNV ISO 9001 2023 audits
A59: Ft Lauderdale (Davie), FL | B59: =VLOOKUP(Table245[[#This Row],[Location (drop-down)]],'List source'!D$2:E$59,2,FALSE) -> 125 | C59: 058 | D59: ="A" & C59 & "-" & B59 & "-" & "23" -> A058-125-23 | E59: 45133 | F59: 45133 | G59: 45137 | H59: Certifications | I59: Inspection & Laboratory | J59: RB | K59: T. Como | L59: DNV | M59: Certifications | N59: DNV ISO 9001 2023 audits
A60: Chicago, IL | B60: =VLOOKUP(Table245[[#This Row],[Location (drop-down)]],'List source'!D$2:E$59,2,FALSE) -> 136 | C60: 059 | D60: ="A" & C60 & "-" & B60 & "-" & "23" -> A059-136-23 | E60: 45055 | F60: 45057 | G60: 45062 | H60: Internal | I60: Inspection & Laboratory | J60: KA | K60: KA / RB | L60: AmSpec | N60: Annual internal quality systems assessment (ISO 9001)
A61: Montreal, QC | B61: =VLOOKUP(Table245[[#This Row],[Location (drop-down)]],'List source'!D$2:E$59,2,FALSE) -> 197 | C61: 060 | D61: ="A" & C61 & "-" & B61 & "-" & "23" -> A060-197-23 | E61: 45069 | F61: 45071 | G61: 45099 | H61: Internal | I61: Inspection & Laboratory | J61: AH | K61: AH/MT | L61: AmSpec | N61: Annual internal quality systems assessment (ISO 9001)
A62: Montreal, QC | B62: =VLOOKUP(Table245[[#This Row],[Location (drop-down)]],'List source'!D$2:E$59,2,FALSE) -> 197 | C62: 061 | D62: ="A" & C62 & "-" & B62 & "-" & "23" -> A061-197-23 | E62: 45069 | F62: 45071 | G62: 45099 | H62: Internal | I62: Laboratory | J62: AH | K62: AH/MT | L62: AmSpec | N62: Annual internal quality systems assessment (ISO 17025)
A63: Chicago, IL | B63: =VLOOKUP(Table245[[#This Row],[Location (drop-down)]],'List source'!D$2:E$59,2,FALSE) -> 136 | C63: 062 | D63: ="A" & C63 & "-" & B63 & "-" & "23" -> A062-136-23 | E63: 45044 | F63: 45044 | G63: 45070 | H63: Customer | I63: Laboratory | J63: RB | K63: C. Papaioannou, K. Bower | L63: BP Air
A64: Chicago, IL | B64: =VLOOKUP(Table245[[#This Row],[Location (drop-down)]],'List source'!D$2:E$59,2,FALSE) -> 136 | C64: 063 | D64: ="A" & C64 & "-" & B64 & "-" & "23" -> A063-136-23 | E64: 45051 | F64: 45051 | G64: uploaded | H64: Customer | I64: Laboratory | J64: RB | L64: Citgo
A65: New Haven, CT | B65: =VLOOKUP(Table245[[#This Row],[Location (drop-down)]],'List source'!D$2:E$59,2,FALSE) -> 145 | C65: 064 | D65: ="A" & C65 & "-" & B65 & "-" & "23" -> A064-145-23 | E65: 45054 | F65: 45056 | G65: 45062 | H65: Internal | I65: Inspection & Laboratory | J65: MT | K65: MT | L65: AmSpec | N65: Annual internal quality systems assessment (ISO 9001)
A66: Montreal, QC | B66: =VLOOKUP(Table245[[#This Row],[Location (drop-down)]],'List source'!D$2:E$59,2,FALSE) -> 197 | C66: 065 | D66: ="A" & C66 & "-" & B66 & "-" & "23" -> A065-197-23 | E66: 45026 | F66: 45052 | G66: 45052 | H66: Customer | I66: Inspection & Laboratory | J66: AH | K66: S. Venkata Rao | L66: EMBSI | N66: Exxon Mobil Tier III assessment
A67: Montreal, QC | B67: =VLOOKUP(Table245[[#This Row],[Location (drop-down)]],'List source'!D$2:E$59,2,FALSE) -> 197 | C67: 066 | D67: ="A" & C67 & "-" & B67 & "-" & "23" -> A066-197-23 | E67: 45048 | F67: 45048 | G67: 45099 | H67: Customer | I67: Inspection & Laboratory | J67: AH | K67: A. Gee, M. Rahman, E. Franzmann | L67: Suncor | N67: Suncor Audit
A68: New Haven, CT | B68: =VLOOKUP(Table245[[#This Row],[Location (drop-down)]],'List source'!D$2:E$59,2,FALSE) -> 145 | C68: 067 | D68: ="A" & C68 & "-" & B68 & "-" & "23" -> A067-145-23 | E68: 45084 | F68: 45084 | G68: 45085 | H68: Regulatory | I68: Inspection & Laboratory | J68: RB | K68: Luis Quiñones | L68: USCBP | M68: Regulatory | N68: USCBP Triennial
A69: Kenai, AK | B69: =VLOOKUP(Table245[[#This Row],[Location (drop-down)]],'List source'!D$2:E$59,2,FALSE) -> 133 | C69: 068 | D69: ="A" & C69 & "-" & B69 & "-" & "23" -> A068-133-23 | E69: 45083 | F69: 45084 | G69: 45107 | H69: Internal | I69: Inspection & Laboratory | J69: RB | K69: RB | L69: AmSpec | N69: Annual internal quality systems assessment (ISO 9001)
A70: Port Arthur (Beaumont), TX | B70: =VLOOKUP(Table245[[#This Row],[Location (drop-down)]],'List source'!D$2:E$59,2,FALSE) -> 160 | C70: 069 | D70: ="A" & C70 & "-" & B70 & "-" & "23" -> A069-160-23 | E70: 45055 | F70: 45055 | G70: N/A | H70: Regulatory | I70: Inspection & Laboratory | J70: AH | K70: W. Booker | L70: USCBP | M70: Regulatory | N70: USCBP Triennial
A71: VOIDED ASSMT/CAR/PAR NO | B71: =VLOOKUP(Table245[[#This Row],[Location (drop-down)]],'List source'!D$2:E$59,2,FALSE) -> VOID | C71: 070 | D71: ="A" & C71 & "-" & B71 & "-" & "23" -> A070-VOID-23 | E71: VOID | F71: VOID | G71: VOID | H71: VOID | I71: VOID | J71: VOID | K71: VOID | L71: VOID | M71: VOID | N71: Duplicate number assigned to BP RIICs external assessment for Port Arthur - 07.03, A. Henry
A72: VOIDED ASSMT/CAR/PAR NO | B72: =VLOOKUP(Table245[[#This Row],[Location (drop-down)]],'List source'!D$2:E$59,2,FALSE) -> VOID | C72: 071 | D72: ="A" & C72 & "-" & B72 & "-" & "23" -> A071-VOID-23 | E72: VOID | F72: VOID | G72: VOID | H72: VOID | I72: VOID | J72: VOID | K72: VOID | L72: VOID
A73: Houston (HTC), TX | B73: =VLOOKUP(Table245[[#This Row],[Location (drop-down)]],'List source'!D$2:E$59,2,FALSE) -> 120 | C73: 072 | D73: ="A" & C73 & "-" & B73 & "-" & "23" -> A072-120-23 | E73: 45055 | F73: 45055 | G73: N/A | H73: Regulatory | I73: Inspection & Laboratory | J73: AH | K73: W. Booker | L73: USCBP | M73: Regulatory | N73: USCBP Triennial
A74: Levis (Quebec City), Quebec | B74: =VLOOKUP(Table245[[#This Row],[Location (drop-down)]],'List source'!D$2:E$59,2,FALSE) -> 194 | C74: 073 | D74: ="A" & C74 & "-" & B74 & "-" & "23" -> A073-194-23 | E74: 45096 | F74: 45099 | G74: 45107 | H74: Internal | I74: Inspection & Laboratory | J74: KA | K74: KA | L74: AmSpec | N74: Annual internal quality systems assessment (ISO 9001)
A75: Levis (Quebec City), Quebec | B75: =VLOOKUP(Table245[[#This Row],[Location (drop-down)]],'List source'!D$2:E$59,2,FALSE) -> 194 | C75: 074 | D75: ="A" & C75 & "-" & B75 & "-" & "23" -> A074-194-23 | E75: 45096 | F75: 45099 | G75: 45107 | H75: Internal | I75: Laboratory | J75: KA | K75: KA | L75: AmSpec | N75: Annual internal quality systems assessment (ISO 17025)
A76: Providence, RI | B76: =VLOOKUP(Table245[[#This Row],[Location (drop-down)]],'List source'!D$2:E$59,2,FALSE) -> 140 | C76: 075 | D76: ="A" & C76 & "-" & B76 & "-" & "23" -> A075-140-23 | E76: 45083 | F76: 45083 | G76: uploaded | H76: Customer | I76: Laboratory | J76: KA | K76: Shell | L76: Shell
A77: Collins (Purvis), MS | B77: =VLOOKUP(Table245[[#This Row],[Location (drop-down)]],'List source'!D$2:E$59,2,FALSE) -> 115 | C77: 076 | D77: ="A" & C77 & "-" & B77 & "-" & "23" -> A076-115-23 | E77: 45083 | F77: 45084 | G77: N/A | H77: Customer | I77: Laboratory | J77: AH | K77: J. Ward / WCS B. Bevan, C. Pry / Vitol | L77: Vitol, Ward Consulting Services
A78: Port Arthur (Beaumont), TX | B78: =VLOOKUP(Table245[[#This Row],[Location (drop-down)]],'List source'!D$2:E$59,2,FALSE) -> 160 | C78: 077 | D78: ="A" & C78 & "-" & B78 & "-" & "23" -> A077-160-23 | E78: 45090 | F78: 45092 | G78: 45458 | H78: Certifications | I78: Laboratory | J78: MT | K78: R. Pomaville | L78: A2LA | M78: Accredited agency | N78: A2LA renewal assessment (ISO 17025)
A79: Mickleton (Philly), NJ | B79: =VLOOKUP(Table245[[#This Row],[Location (drop-down)]],'List source'!D$2:E$59,2,FALSE) -> 180 | C79: 078 | D79: ="A" & C79 & "-" & B79 & "-" & "23" -> A078-180-23 | E79: 45085 | F79: 45086 | G79: 45119 | H79: Certifications | I79: Laboratory | J79: KA | K79: Melissa Angeles | L79: AASHTO | M79: Accredited agency | N79: Annual AASHTO audit
A80: Valdez, AK | B80: =VLOOKUP(Table245[[#This Row],[Location (drop-down)]],'List source'!D$2:E$59,2,FALSE) -> 129 | C80: 079 | D80: ="A" & C80 & "-" & B80 & "-" & "23" -> A079-129-23 | E80: 45085 | F80: 45085 | G80: N/A | H80: Regulatory | I80: Inspection & Laboratory | J80: RB | K80: R. H. Andrez | L80: USCBP | M80: Regulatory | N80: USCBP 1st Accreditation - Lab
A81: Valdez, AK | B81: =VLOOKUP(Table245[[#This Row],[Location (drop-down)]],'List source'!D$2:E$59,2,FALSE) -> 129 | C81: 080 | D81: ="A" & C81 & "-" & B81 & "-" & "23" -> A080-129-23 | E81: 45085 | F81: 45085 | G81: 45104 | H81: Internal | I81: Inspection & Laboratory | J81: RB | K81: RB | L81: AmSpec | N81: Annual internal quality systems assessment (ISO 9001)
A82: Mickleton (Philly), NJ | B82: =VLOOKUP(Table245[[#This Row],[Location (drop-down)]],'List source'!D$2:E$59,2,FALSE) -> 180 | C82: 081 | D82: ="A" & C82 & "-" & B82 & "-" & "23" -> A081-180-23 | E82: 45103 | F82: 45106 | G82: 45124 | H82: Internal | I82: Inspection & Laboratory | J82: AH | K82: AH | L82: AmSpec | N82: Annual internal quality systems assessment (ISO 9001)
A83: Mickleton (Philly), NJ | B83: =VLOOKUP(Table245[[#This Row],[Location (drop-down)]],'List source'!D$2:E$59,2,FALSE) -> 180 | C83: 082 | D83: ="A" & C83 & "-" & B83 & "-" & "23" -> A082-180-23 | E83: 45103 | F83: 45106 | G83: 45124 | H83: Internal | I83: Laboratory | J83: AH | K83: AH | L83: AmSpec | N83: Annual internal quality systems assessment (ISO 17025)
A84: Avenel (NYH), NJ | B84: =VLOOKUP(Table245[[#This Row],[Location (drop-down)]],'List source'!D$2:E$59,2,FALSE) -> 110 | C84: 083 | D84: ="A" & C84 & "-" & B84 & "-" & "23" -> A083-110-23 | E84: 45091 | F84: 45091 | G84: 45120 | H84: Customer | I84: Laboratory | J84: AH | K84: M. Fernandez, S. Manzano / Citgo | L84: Citgo | N84: Compliance audit for regulatory methods
A85: Bostco, TX | B85: =VLOOKUP(Table245[[#This Row],[Location (drop-down)]],'List source'!D$2:E$59,2,FALSE) -> 124 | C85: 084 | D85: ="A" & C85 & "-" & B85 & "-" & "23" -> A084-124-23 | E85: 45097 | F85: 45098 | G85: 45107 | H85: Internal | I85: Inspection & Laboratory | J85: RB | K85: RB / MT | L85: AmSpec | N85: Annual internal quality systems assessment (ISO 9001)
A86: Avenel (NYH), NJ | B86: =VLOOKUP(Table245[[#This Row],[Location (drop-down)]],'List source'!D$2:E$59,2,FALSE) -> 110 | C86: 085 | D86: ="A" & C86 & "-" & B86 & "-" & "23" -> A085-110-23 | E86: 45098 | F86: 45098 | G86: 45137 | H86: Certifications | I86: Inspection & Laboratory | J86: RB | K86: T Como | L86: DNV | M86: Certifications | N86: DNV ISO 9001 2023 audits
A87: Port Arthur (Beaumont), TX | B87: =VLOOKUP(Table245[[#This Row],[Location (drop-down)]],'List source'!D$2:E$59,2,FALSE) -> 160 | C87: 086 | D87: ="A" & C87 & "-" & B87 & "-" & "23" -> A086-160-23 | E87: 45076 | F87: 45076 | G87: 45089 | H87: Customer | I87: Inspection & Laboratory | J87: MT | K87: T Campbrll | L87: BP RIICs
A88: Portland, ME | B88: =VLOOKUP(Table245[[#This Row],[Location (drop-down)]],'List source'!D$2:E$59,2,FALSE) -> 142 | C88: 087 | D88: ="A" & C88 & "-" & B88 & "-" & "23" -> A087-142-23 | E88: 45104 | F88: 45104 | G88: 45127 | H88: Customer | I88: Inspection & Laboratory | J88: RB | K88: M. Fernandez, S. Manzano / Citgo | L88: Citgo
A89: Brownsville, TX | B89: =VLOOKUP(Table245[[#This Row],[Location (drop-down)]],'List source'!D$2:E$59,2,FALSE) -> 158 | C89: 088 | D89: ="A" & C89 & "-" & B89 & "-" & "23" -> A088-158-23 | E89: 45103 | F89: 45105 | G89: 45105 | H89: Certifications | I89: Laboratory | J89: MT/HB | K89: R. Pomaville | L89: A2LA | M89: Accredited agency | N89: A2LA renewal assessment (ISO 17025)
A90: Boston (Everett), MA | B90: =VLOOKUP(Table245[[#This Row],[Location (drop-down)]],'List source'!D$2:E$59,2,FALSE) -> 141 | C90: 089 | D90: A089-141-23 | E90: 45105 | F90: 45106 | G90: 45126 | H90: Customer | I90: Inspection & Laboratory | J90: EC | K90: M. Fernandez, S. Manzano / Citgo | L90: Citgo | N90: Compliance audit for regulatory methods
A91: Lake Charles (Sulfur), LA | B91: =VLOOKUP(Table245[[#This Row],[Location (drop-down)]],'List source'!D$2:E$59,2,FALSE) -> 165 | C91: 090 | D91: ="A" & C91 & "-" & B91 & "-" & "23" -> A090-165-23 | E91: 45117 | F91: 45120 | G91: 45131 | H91: Internal | I91: Inspection & Laboratory | J91: KA | K91: KA / HB | L91: AmSpec | N91: Annual internal quality systems assessment (ISO 9001)
A92: Lake Charles (Sulfur), LA | B92: =VLOOKUP(Table245[[#This Row],[Location (drop-down)]],'List source'!D$2:E$59,2,FALSE) -> 165 | C92: 091 | D92: ="A" & C92 & "-" & B92 & "-" & "23" -> A091-165-23 | E92: 45117 | F92: 45120 | G92: 45131 | H92: Internal | I92: Laboratory | J92: KA | K92: KA / HB | L92: AmSpec | N92: Annual internal quality systems assessment (ISO 17025)
A93: Belle Chasse, LA | B93: =VLOOKUP(Table245[[#This Row],[Location (drop-down)]],'List source'!D$2:E$59,2,FALSE) -> 116 | C93: 092 | D93: ="A" & C93 & "-" & B93 & "-" & "23" -> A092-116-23 | E93: 45118 | F93: 45118 | G93: 45121 | H93: Internal | I93: Inspection & Laboratory | J93: RB | K93: RB/MT | L93: AmSpec | N93: Annual internal quality systems assessment (ISO 9001)
A94: St James, LA | B94: =VLOOKUP(Table245[[#This Row],[Location (drop-down)]],'List source'!D$2:E$59,2,FALSE) -> 171 | C94: 093 | D94: ="A" & C94 & "-" & B94 & "-" & "23" -> A093-171-23 | E94: 45119 | F94: 45119 | G94: 45121 | H94: Internal | I94: Inspection & Laboratory | J94: RB | K94: RB/MT | L94: AmSpec | N94: Annual internal quality systems assessment (ISO 9001)
A95: Los Angeles (Signal Hill), CA | B95: =VLOOKUP(Table245[[#This Row],[Location (drop-down)]],'List source'!D$2:E$59,2,FALSE) -> 130 | C95: 094 | D95: ="A" & C95 & "-" & B95 & "-" & "23" -> A094-130-23 | E95: 45085 | F95: 45085 | G95: 45088 | H95: Customer | I95: Laboratory | J95: AH | K95: H. Kulmala-Hanioja T. Kesala | L95: Neste
A96: San Francisco (Concord), CA | B96: =VLOOKUP(Table245[[#This Row],[Location (drop-down)]],'List source'!D$2:E$59,2,FALSE) -> 131 | C96: 095 | D96: ="A" & C96 & "-" & B96 & "-" & "23" -> A095-131-23 | E96: 45090 | F96: 45090 | G96: 45107 | H96: Customer | I96: Laboratory | J96: AH | K96: H. Kulmala-Hanioja T. Kesala | L96: Neste
A97: VOIDED ASSMT/CAR/PAR NO | B97: =VLOOKUP(Table245[[#This Row],[Location (drop-down)]],'List source'!D$2:E$59,2,FALSE) -> VOID | C97: 096 | D97: ="A" & C97 & "-" & B97 & "-" & "23" -> A096-VOID-23 | E97: VOID | F97: VOID | G97: VOID | H97: VOID | I97: VOID | J97: VOID | K97: J. Ledet | L97: AmSpec | N97: Internal Safety Assessment (HSSE)
A98: Portland, ME | B98: =VLOOKUP(Table245[[#This Row],[Location (drop-down)]],'List source'!D$2:E$59,2,FALSE) -> 142 | C98: 097 | D98: ="A" & C98 & "-" & B98 & "-" & "23" -> A097-142-23 | E98: 45125 | F98: 45127 | G98: 45149 | H98: Internal | I98: Inspection & Laboratory | J98: AH | K98: AH | L98: AmSpec | N98: Annual internal quality systems assessment (ISO 9001)
A99: New Orleans (Destrehan), LA | B99: =VLOOKUP(Table245[[#This Row],[Location (drop-down)]],'List source'!D$2:E$59,2,FALSE) -> 170 | C99: 098 | D99: ="A" & C99 & "-" & B99 & "-" & "23" -> A098-170-23 | E99: 45125 | F99: 45125 | G99: 45153 | H99: Customer | I99: Laboratory | J99: DA | K99: B. Gray | L99: Chevron | N99: Octane Audit
A100: Mobile, AL | B100: =VLOOKUP(Table245[[#This Row],[Location (drop-down)]],'List source'!D$2:E$59,2,FALSE) -> 146 | C100: 099 | D100: ="A" & C100 & "-" & B100 & "-" & "23" -> A099-146-23 | E100: 45113 | F100: 45113 | G100: 45128 | H100: Customer | I100: Inspection | J100: MT | K100: Brandon Gray | L100: CHESM
...

Sheet PTO tracking
A1: Location (drop-down) | B1: Location ID | C1: # | D1: PTO # | E1: BRIEF DESCRIPTION OF NC if VOID: "VOID, Location, details (initials, date)" | F1: PT Program | G1: Parameter (s) | H1: Z-score (s) | I1: PTO initialized date | J1: QA team member initials | K1: Date Corrective Action completed | L1: Types of Root Cause (drop-down) | M1: Notes
A2: Memphis, TN | B2: =VLOOKUP(Table27[[#This Row],[Location (drop-down)]],'List source'!D$2:E$59,2,FALSE) -> 191 | C2: 001 | D2: ="PTO" & C2 & "-" & B2 & "-" & "23" -> PTO001-191-23 | E2: PT: CE506; D4052 - API, Z-Score = -4.24 | F2: GLRE | G2: D4052 - API | H2: -4.24 | I2: 45197 | J2: LJ | K2: 45358
A3: Memphis, TN | B3: =VLOOKUP(Table27[[#This Row],[Location (drop-down)]],'List source'!D$2:E$59,2,FALSE) -> 191 | C3: 002 | D3: ="PTO" & C3 & "-" & B3 & "-" & "23" -> PTO002-191-23 | E3: PT: CE507; D86 - Distillation - 20% - EP, Recovery, Residue, & Loss, Z-Scores = Multiple Outliers | F3: GLRE | G3: D86 - Distillation, 20% - EP, & Recovery | H3: Multiple Outliers | I3: 45142 | J3: JN | K3: 45197 | L3: Negligence (typo, no review) | M3: Transcription Error
A4: Texas City, TX | B4: =VLOOKUP(Table27[[#This Row],[Location (drop-down)]],'List source'!D$2:E$59,2,FALSE) -> 150 | C4: 003 | D4: ="PTO" & C4 & "-" & B4 & "-" & "23" -> PTO003-150-23 | E4: PT: TM06C-23; D2699 - Research Octane Number, Z-Score = -4.36 | F4: TRG | G4: D2699 - Research Octane Number | H4: -4.36 | I4: 45142 | J4: JN | K4: 45197 | L4: Negligence (typo, no review) | M4: Transcription Error
A5: Brownsville, TX | B5: =VLOOKUP(Table27[[#This Row],[Location (drop-down)]],'List source'!D$2:E$59,2,FALSE) -> 158 | C5: 004 | D5: ="PTO" & C5 & "-" & B5 & "-" & "23" -> PTO004-158-23 | E5: PT: TM06C-23; D2699 - Research Octane Number, Z-Score = -3.29 | F5: TRG | G5: D2699 - Research Octane Number | H5: -3.29 | I5: 45142 | J5: JN | K5: 45198 | L5: Negligence (typo, no review) | M5: Transcription Error
A6: Texas City, TX | B6: =VLOOKUP(Table27[[#This Row],[Location (drop-down)]],'List source'!D$2:E$59,2,FALSE) -> 150 | C6: 005 | D6: ="PTO" & C6 & "-" & B6 & "-" & "23" -> PTO005-150-23 | E6: PT: TM06-23; RVP, Z-Score = -10.27 | F6: TRG | G6: RVP | H6: -10.27 | I6: 45142 | J6: HB | K6: 45768
A7: Texas City, TX | B7: =VLOOKUP(Table27[[#This Row],[Location (drop-down)]],'List source'!D$2:E$59,2,FALSE) -> 150 | C7: 006 | D7: ="PTO" & C7 & "-" & B7 & "-" & "23" -> PTO006-150-23 | E7: PT: TM06-23; Sulfur | F7: TRG | G7: Sulfur | H7: -2.2 | I7: 45142 | J7: JN | K7: 45198 | L7: Normal statistics variance - no CA | M7: Meets Precision Performance and R criteria
A8: Brownsville, TX | B8: =VLOOKUP(Table27[[#This Row],[Location (drop-down)]],'List source'!D$2:E$59,2,FALSE) -> 158 | C8: 007 | D8: ="PTO" & C8 & "-" & B8 & "-" & "23" -> PTO007-158-23 | E8: PT: TM06-23; RVP | F8: TRG | G8: RVP | H8: -2.2 | I8: 45198 | J8: JN | K8: 45198 | L8: Normal statistics variance - no CA | M8: Meets Precision Performance and R criteria
A9: Los Angeles (Signal Hill), CA | B9: =VLOOKUP(Table27[[#This Row],[Location (drop-down)]],'List source'!D$2:E$59,2,FALSE) -> 130 | C9: 008 | D9: ="PTO" & C9 & "-" & B9 & "-" & "23" -> PTO008-130-23 | E9: PT: D-1195; D613 - Cetane Number | F9: NEG-D | G9: D613 - Cetane Number | H9: 2.84 | I9: 45198 | J9: JN | K9: 45198 | L9: Normal statistics variance - no CA | M9: Meets Precision Performance and R criteria
A10: Los Angeles (Signal Hill), CA | B10: 130 | C10: 009 | D10: ="PTO" & C10 & "-" & B10 & "-" & "23" -> PTO009-130-23 | E10: PT: D-1195; D4052 - Gravity, API at 60 °F, Z-Score = -16.83 | F10: NEG-D | G10: API Gravity | H10: -16.83 | I10: 45198 | J10: KA | K10: 45281 | L10: Training/ competency
A11: Los Angeles (Signal Hill), CA | B11: =VLOOKUP(Table27[[#This Row],[Location (drop-down)]],'List source'!D$2:E$59,2,FALSE) -> 130 | C11: 010 | D11: ="PTO" & C11 & "-" & B11 & "-" & "23" -> PTO010-130-23 | E11: PT: D-1195; D86 - Distillation - Recovery % | F11: NEG-D | G11: D86 - Distillation | H11: -2.18 | I11: 45198 | J11: JN | K11: 45198 | L11: Normal statistics variance - no CA | M11: Meets Precision Performance and R criteria
A12: Bellingham (Ferndale), WA | B12: =VLOOKUP(Table27[[#This Row],[Location (drop-down)]],'List source'!D$2:E$59,2,FALSE) -> 132 | C12: 011 | D12: ="PTO" & C12 & "-" & B12 & "-" & "23" -> PTO011-132-23 | E12: PT: D-1195; Multiple Parameters and Outliers | F12: NEG-D | G12: Multiple Parameters | H12: Mulitple Outliers | I12: 45198 | J12: JN | K12: 45198 | L12: Negligence (typo, no review) | M12: Wrong sample reported
A13: Ft Lauderdale (Davie), FL | B13: =VLOOKUP(Table27[[#This Row],[Location (drop-down)]],'List source'!D$2:E$59,2,FALSE) -> 125 | C13: 012 | D13: ="PTO" & C13 & "-" & B13 & "-" & "23" -> PTO012-125-23 | E13: PT: OC2304; RVP | F13: OC | G13: RVP | H13: 2.08 | I13: 45198 | J13: JN | K13: 45198 | L13: Normal statistics variance - no CA | M13: Meets Precision Performance and R criteria
A14: Puerto Rico | B14: =VLOOKUP(Table27[[#This Row],[Location (drop-down)]],'List source'!D$2:E$59,2,FALSE) -> 192 | C14: 013 | D14: ="PTO" & C14 & "-" & B14 & "-" & "23" -> PTO013-192-23 | E14: PT: OC2304; API Gravity | F14: OC | G14: API Gravity | H14: 2.5 | I14: 45198 | J14: JN | K14: 45198 | L14: Normal statistics variance - no CA | M14: Meets Precision Performance and R criteria
A15: Puerto Rico | B15: =VLOOKUP(Table27[[#This Row],[Location (drop-down)]],'List source'!D$2:E$59,2,FALSE) -> 192 | C15: 014 | D15: ="PTO" & C15 & "-" & B15 & "-" & "23" -> PTO014-192-23 | E15: PT: OC2304; D2699 - Research Octane Number | F15: OC | G15: D2699 - Research Octane Number | H15: -2.54 | I15: 45198 | J15: JN | K15: 45198 | L15: Normal statistics variance - no CA | M15: Meets Precision Performance and R criteria
A16: Halifax (Dartmouth), NS | B16: =VLOOKUP(Table27[[#This Row],[Location (drop-down)]],'List source'!D$2:E$59,2,FALSE) -> 198 | C16: 015 | D16: ="PTO" & C16 & "-" & B16 & "-" & "23" -> PTO015-198-23 | E16: PT: OC2304; D86 - Distillation, IBP & 10% | F16: OC | G16: D86 - Distillation | H16: 2.01 & 2.60 | I16: 45198 | J16: JN | K16: 45198 | L16: Normal statistics variance - no CA | M16: Meets Precision Performance and R criteria
A17: Halifax (Dartmouth), NS | B17: =VLOOKUP(Table27[[#This Row],[Location (drop-down)]],'List source'!D$2:E$59,2,FALSE) -> 198 | C17: 016 | D17: ="PTO" & C17 & "-" & B17 & "-" & "23" -> PTO016-198-23 | E17: PT: OC2304; D2700 - Motor Octane Number | F17: OC | G17: D2700 - Motor Octane Number | H17: 2.12 | I17: 45198 | J17: KA | K17: 45287 | L17: Normal statistics variance - no CA
A18: Chicago, IL | B18: =VLOOKUP(Table27[[#This Row],[Location (drop-down)]],'List source'!D$2:E$59,2,FALSE) -> 136 | C18: 017 | D18: ="PTO" & C18 & "-" & B18 & "-" & "23" -> PTO017-136-23 | E18: PT: LPG2303; D2163 - Hydrocarbons, n-butane | F18: LPG | G18: D2163 - Hydrocarbons | H18: 2.42 | I18: 45199 | J18: JN | K18: 45199 | L18: Normal statistics variance - no CA | M18: Meets Precision Performance and R criteria
A19: Avenel (NYH), NJ | B19: =VLOOKUP(Table27[[#This Row],[Location (drop-down)]],'List source'!D$2:E$59,2,FALSE) -> 110 | C19: 018 | D19: ="PTO" & C19 & "-" & B19 & "-" & "23" -> PTO018-110-23 | E19: PT: BIOD2304; D2500 - Cloud Point, biodiesel | F19: BIOD | G19: D2500 - Cloud Point | H19: 2.5 | I19: 45201 | J19: JN | K19: 45214 | L19: Negligence (typo, no review) | M19: Transcription Error
A20: Avenel (NYH), NJ | B20: =VLOOKUP(Table27[[#This Row],[Location (drop-down)]],'List source'!D$2:E$59,2,FALSE) -> 110 | C20: 019 | D20: ="PTO" & C20 & "-" & B20 & "-" & "23" -> PTO019-110-23 | E20: PT: BIOD2304; D6371 - Cold Filter Plugging Point, CFPP | F20: BIOD | G20: D6371 - Cold Filter Plugging Point | H20: -2.1 | I20: 45201 | J20: Eco | K20: 45610 | L20: Training/ competency
A21: Avenel (NYH), NJ | B21: =VLOOKUP(Table27[[#This Row],[Location (drop-down)]],'List source'!D$2:E$59,2,FALSE) -> 110 | C21: 020 | D21: ="PTO" & C21 & "-" & B21 & "-" & "23" -> PTO020-110-23 | E21: PT: BIOD2304; D93 - Flash Point, PMCC, Proc C, corrected, Z-Score = -4.38 | F21: BIOD | G21: D93 - Flash Point | H21: -4.38 | I21: 45201 | J21: JN | K21: 45214 | L21: Negligence (typo, no review) | M21: Transcription Error
A22: Avenel (NYH), NJ | B22: =VLOOKUP(Table27[[#This Row],[Location (drop-down)]],'List source'!D$2:E$59,2,FALSE) -> 110 | C22: 021 | D22: ="PTO" & C22 & "-" & B22 & "-" & "23" -> PTO021-110-23 | E22: PT: BIOD2304; D6079 - Lubricity, HFRR, Major Axis | F22: BIOD | G22: D6079 - Lubricity | H22: 2.4 | I22: 45199 | J22: JN | K22: 45199 | L22: Normal statistics variance - no CA | M22: Meets Precision Performance and R criteria
A23: Houston (HTC), TX | B23: =VLOOKUP(Table27[[#This Row],[Location (drop-down)]],'List source'!D$2:E$59,2,FALSE) -> 120 | C23: 022 | D23: ="PTO" & C23 & "-" & B23 & "-" & "23" -> PTO022-120-23 | E23: PT: BIOD2304; D6584 - Triglyceride, by GC | F23: BIOD | G23: D6584 - Triglyceride, by GC | H23: 2.47 | I23: 45199 | J23: JN | K23: 45199 | L23: Normal statistics variance - no CA | M23: Meets Precision Performance and R criteria
A24: Los Angeles (Signal Hill), CA | B24: =VLOOKUP(Table27[[#This Row],[Location (drop-down)]],'List source'!D$2:E$59,2,FALSE) -> 130 | C24: 023 | D24: ="PTO" & C24 & "-" & B24 & "-" & "23" -> PTO023-130-23 | E24: PT: BIOD2304; EN 14538 - Elements, Na + K, by ICP/OES, Z-Score = 7.26 | F24: BIOD | G24: EN 14538 - Elements | H24: 7.26 | I24: 45201 | J24: HM | K24: 45400 | L24: Training/ competency
A25: San Francisco (Concord), CA | B25: =VLOOKUP(Table27[[#This Row],[Location (drop-down)]],'List source'!D$2:E$59,2,FALSE) -> 131 | C25: 024 | D25: ="PTO" & C25 & "-" & B25 & "-" & "23" -> PTO024-131-23 | E25: PT: CO2303; D4807 - Sediment, Membrane Filtration | F25: CO | G25: D4807 - Sediment, Membrane Filtration | H25: 2.03 | I25: 45201 | J25: RB | K25: 45215 | L25: Training/ competency | M25: Filter paper not washed completely by solvent
A26: Bellingham (Ferndale), WA | B26: =VLOOKUP(Table27[[#This Row],[Location (drop-down)]],'List source'!D$2:E$59,2,FALSE) -> 132 | C26: 025 | D26: ="PTO" & C26 & "-" & B26 & "-" & "23" -> PTO025-132-23 | E26: PT: CO2303; D5002 - Density, digital, 15 °C | F26: CO | G26: D5002 - Density, digital, 15 °C | H26: -2.1 | I26: 45201 | J26: JN | K26: 45201 | L26: Normal statistics variance - no CA | M26: Meets Precision Performance and R criteria
A27: Bellingham (Ferndale), WA | B27: =VLOOKUP(Table27[[#This Row],[Location (drop-down)]],'List source'!D$2:E$59,2,FALSE) -> 132 | C27: 026 | D27: ="PTO" & C27 & "-" & B27 & "-" & "23" -> PTO026-132-23 | E27: PT: CO2303; D473 - Sediment | F27: CO | G27: D473 - Sediment | H27: 2.56 | I27: 45201 | J27: JN | K27: 45212 | L27: Negligence (typo, no review) | M27: Transcription Error
A28: Bellingham (Ferndale), WA | B28: =VLOOKUP(Table27[[#This Row],[Location (drop-down)]],'List source'!D$2:E$59,2,FALSE) -> 132 | C28: 027 | D28: ="PTO" & C28 & "-" & B28 & "-" & "23" -> PTO027-132-23 | E28: PT: CO2303; D445 - Viscosity, Kinematic, 40 °C, Z-Score = -30.93 | F28: CO | G28: D445 - Viscosity | H28: -30.93 | I28: 45201 | J28: HM | K28: 45799
A29: Kenai, AK | B29: =VLOOKUP(Table27[[#This Row],[Location (drop-down)]],'List source'!D$2:E$59,2,FALSE) -> 133 | C29: 028 | D29: ="PTO" & C29 & "-" & B29 & "-" & "23" -> PTO028-133-23 | E29: PT: CO2303; D4928 - Water, Coulometric KF, Z-Score = -5.41 | F29: CO | G29: D4928 - Water, Coulometric KF | H29: -5.41 | I29: 45201 | J29: HM | K29: 46014
A30: St Louis, MO | B30: =VLOOKUP(Table27[[#This Row],[Location (drop-down)]],'List source'!D$2:E$59,2,FALSE) -> 139 | C30: 029 | D30: ="PTO" & C30 & "-" & B30 & "-" & "23" -> PTO029-139-23 | E30: PT: CO2303; D5002 - Density, digital, 15 °C, Z-Score = -14.58 | F30: CO | G30: D5002 - Density, digital, 15 °C | H30: -14.58 | I30: 45202 | J30: DA | K30: 45240 | L30: Training/ competency
A31: St Louis, MO | B31: =VLOOKUP(Table27[[#This Row],[Location (drop-down)]],'List source'!D$2:E$59,2,FALSE) -> 139 | C31: 030 | D31: ="PTO" & C31 & "-" & B31 & "-" & "23" -> PTO030-139-23 | E31: PT: CO2303; D4006 - Water, by Distillation | F31: CO | G31: D4006 - Water, by Distillation | H31: -2.47 | I31: 45202 | J31: JN | K31: 45202 | L31: Normal statistics variance - no CA | M31: Meets Precision Performance and R criteria
A32: Mobile, AL | B32: =VLOOKUP(Table27[[#This Row],[Location (drop-down)]],'List source'!D$2:E$59,2,FALSE) -> 146 | C32: 031 | D32: ="PTO" & C32 & "-" & B32 & "-" & "23" -> PTO031-146-23 | E32: PT: CO2303; D473 - Sediment, Z-Score = 13.21 | F32: CO | G32: D473 - Sediment | H32: 13.21 | I32: 45202 | J32: JN | K32: 45226 | L32: Negligence (typo, no review) | M32: Calculation Error
A33: Mobile, AL | B33: =VLOOKUP(Table27[[#This Row],[Location (drop-down)]],'List source'!D$2:E$59,2,FALSE) -> 146 | C33: 032 | D33: ="PTO" & C33 & "-" & B33 & "-" & "23" -> PTO032-146-23 | E33: PT: CO2303; D4807 - Sediment, Membrane Filtration | F33: CO | G33: D4807 - Sediment, Membrane Filtration | H33: 2.65 | I33: 45202 | J33: JN | K33: 45226 | L33: Negligence (typo, no review) | M33: Calculation Error
A34: Mobile, AL | B34: =VLOOKUP(Table27[[#This Row],[Location (drop-down)]],'List source'!D$2:E$59,2,FALSE) -> 146 | C34: 033 | D34: ="PTO" & C34 & "-" & B34 & "-" & "23" -> PTO033-146-23 | E34: PT: CO2303; D445 - Viscosity, Kinematic, 25 °C | F34: CO | G34: D445 - Viscosity | H34: 2.9 | I34: 45202 | J34: JN | K34: 45202 | L34: Normal statistics variance - no CA | M34: Meets Precision Performance and R criteria
A35: Texas City, TX | B35: =VLOOKUP(Table27[[#This Row],[Location (drop-down)]],'List source'!D$2:E$59,2,FALSE) -> 150 | C35: 034 | D35: ="PTO" & C35 & "-" & B35 & "-" & "23" -> PTO034-150-23 | E35: PT: CO2303; D5002 - Density, digital, 15 °C | F35: CO | G35: D5002 - Density, digital, 15 °C | H35: 2.33 | I35: 45202 | J35: JN | K35: 45202 | L35: Normal statistics variance - no CA | M35: Meets Precision Performance and R criteria
A36: Texas City, TX | B36: =VLOOKUP(Table27[[#This Row],[Location (drop-down)]],'List source'!D$2:E$59,2,FALSE) -> 150 | C36: 035 | D36: ="PTO" & C36 & "-" & B36 & "-" & "23" -> PTO035-150-23 | E36: PT: CO2303; D4006 - Water, by Distillation | F36: CO | G36: D4006 - Water, by Distillation | H36: 21.85 | I36: 45202 | J36: HB | K36: 45768
A37: Corpus Christi, TX | B37: =VLOOKUP(Table27[[#This Row],[Location (drop-down)]],'List source'!D$2:E$59,2,FALSE) -> 155 | C37: 036 | D37: ="PTO" & C37 & "-" & B37 & "-" & "23" -> PTO036-155-23 | E37: PT: CO2303; D445 - Viscosity, Kinematic, 40 °C, Z-Score = 15.73 | F37: CO | G37: D445 - Viscosity | H37: 15.73 | I37: 45202 | J37: HB | K37: 45394
A38: Corpus Christi, TX | B38: =VLOOKUP(Table27[[#This Row],[Location (drop-down)]],'List source'!D$2:E$59,2,FALSE) -> 155 | C38: 037 | D38: ="PTO" & C38 & "-" & B38 & "-" & "23" -> PTO037-155-23 | E38: PT: CO2303; D4928 - Water, Coulometric KF, Z-Score = 6.69 | F38: CO | G38: D4928 - Water, Coulometric KF | H38: 6.69 | I38: 45202 | J38: HB | K38: 45268
A39: Pecos (West Texas), TX | B39: =VLOOKUP(Table27[[#This Row],[Location (drop-down)]],'List source'!D$2:E$59,2,FALSE) -> 156 | C39: 038 | D39: ="PTO" & C39 & "-" & B39 & "-" & "23" -> PTO038-156-23 | E39: PT: CO2303; D5708 - Element, Vanadium, ICPAES, Method B | F39: CO | G39: D5708 - Element, Vanadium, ICPAES, Procedure B | H39: 2.18 | I39: 45203 | J39: JN | K39: 45203 | L39: Normal statistics variance - no CA | M39: Meets Precision Performance and R criteria
A40: Brownsville, TX | B40: =VLOOKUP(Table27[[#This Row],[Location (drop-down)]],'List source'!D$2:E$59,2,FALSE) -> 158 | C40: 039 | D40: ="PTO" & C40 & "-" & B40 & "-" & "23" -> PTO039-158-23 | E40: PT: CO2303; D445 - Viscosity, Kinematic, 40 °C, Z-Score = -4.80 | F40: CO | G40: D445 - Viscosity | H40: -4.8 | I40: 45203 | J40: JN | K40: 45212 | L40: Negligence (typo, no review) | M40: Meets Precision Performance and R criteria
A41: Cushing, OK | B41: =VLOOKUP(Table27[[#This Row],[Location (drop-down)]],'List source'!D$2:E$59,2,FALSE) -> 159 | C41: 040 | D41: ="PTO" & C41 & "-" & B41 & "-" & "23" -> PTO040-159-23 | E41: PT: CO2303; D664 - Acid Number, A, 125 mL Inflection EP, Z-Score = 3.42 | F41: CO | G41: D664 - Acid Number | H41: 3.42 | I41: 45203 | J41: MT | K41: 45218 | L41: Equipment/ calibration | M41: titrant degraded
A42: Cushing, OK | B42: =VLOOKUP(Table27[[#This Row],[Location (drop-down)]],'List source'!D$2:E$59,2,FALSE) -> 159 | C42: 041 | D42: ="PTO" & C42 & "-" & B42 & "-" & "23" -> PTO041-159-23 | E42: PT: CO2303; D5002 - Density, digital, 15 °C, Z-Score = -14.99 | F42: CO | G42: D5002 - Density, digital, 15 °C | H42: -14.99 | I42: 45203 | J42: JN | K42: 45208 | L42: Negligence (typo, no review) | M42: Transcription Error
A43: Lake Charles (Sulfur), LA | B43: =VLOOKUP(Table27[[#This Row],[Location (drop-down)]],'List source'!D$2:E$59,2,FALSE) -> 165 | C43: 042 | D43: ="PTO" & C43 & "-" & B43 & "-" & "23" -> PTO042-165-23 | E43: PT: CO2303; D6377 - Vapor Pressure, Crude Oil, Expansion Method | F43: CO | G43: D6377 - Vapor Pressure, Crude Oil | H43: 2.31 | I43: 45203 | J43: JN | K43: 45203 | L43: Normal statistics variance - no CA | M43: Meets Precision Performance and R criteria
A44: New Orleans (Destrehan), LA | B44: =VLOOKUP(Table27[[#This Row],[Location (drop-down)]],'List source'!D$2:E$59,2,FALSE) -> 170 | C44: 043 | D44: ="PTO" & C44 & "-" & B44 & "-" & "23" -> PTO043-170-23 | E44: PT: CO2303; D4007 - Water and Sediment, Centrifuge, Z-Score = 3.37 | F44: CO | G44: D4007 - Water and Sediment, Centrifuge | H44: 3.37 | I44: 45203 | J44: JN | K44: 45203 | L44: Negligence (typo, no review) | M44: Transcription Error
A45: Baton Rouge (Gonzales), LA | B45: =VLOOKUP(Table27[[#This Row],[Location (drop-down)]],'List source'!D$2:E$59,2,FALSE) -> 190 | C45: 044 | D45: ="PTO" & C45 & "-" & B45 & "-" & "23" -> PTO044-190-23 | E45: PT: CO2303; D5708 - Element, Iron, ICPAES, Method A | F45: CO | G45: D5708 - Element, Iron, ICPAES | H45: 2.59 | I45: 45203 | J45: JN | K45: 45203 | L45: Normal statistics variance - no CA | M45: Meets Precision Performance and R criteria
A46: Baton Rouge (Gonzales), LA | B46: =VLOOKUP(Table27[[#This Row],[Location (drop-down)]],'List source'!D$2:E$59,2,FALSE) -> 190 | C46: 045 | D46: ="PTO" & C46 & "-" & B46 & "-" & "23" -> PTO045-190-23 | E46: PT: CO2303; D473 - Sediment, Z-Score = 19.76 | F46: CO | G46: D473 - Sediment | H46: 19.76 | I46: 45203 | J46: JN | K46: 45203 | L46: Negligence (typo, no review) | M46: Transcription Error
A47: Memphis, TN | B47: =VLOOKUP(Table27[[#This Row],[Location (drop-down)]],'List source'!D$2:E$59,2,FALSE) -> 191 | C47: 046 | D47: ="PTO" & C47 & "-" & B47 & "-" & "23" -> PTO046-191-23 | E47: PT: CO2303; D5708 - Element, Iron, ICPAES, Method A | F47: CO | G47: D5708 - Element, Iron, ICPAES | H47: 2.36 | I47: 45203 | J47: JN | K47: 45203 | L47: Normal statistics variance - no CA | M47: Meets Precision Performance and R criteria
A48: Memphis, TN | B48: =VLOOKUP(Table27[[#This Row],[Location (drop-down)]],'List source'!D$2:E$59,2,FALSE) -> 191 | C48: 047 | D48: ="PTO" & C48 & "-" & B48 & "-" & "23" -> PTO047-191-23 | E48: PT: CO2303; D4294 - Sulfur, by EDXRF | F48: CO | G48: D4294 - Sulfur | H48: -2.18 | I48: 45203 | J48: DA | K48: 45303
A49: St Croix, USVI | B49: =VLOOKUP(Table27[[#This Row],[Location (drop-down)]],'List source'!D$2:E$59,2,FALSE) -> 210 | C49: 048 | D49: ="PTO" & C49 & "-" & B49 & "-" & "23" -> PTO048-210-23 | E49: PT: CO2303; D473 - Sediment, Z-Score = 37.78 | F49: CO | G49: D473 - Sediment | H49: 37.78 | I49: 45203 | J49: JN | K49: 45239 | L49: Training/ competency
A50: Ft Lauderdale (Davie), FL | B50: =VLOOKUP(Table27[[#This Row],[Location (drop-down)]],'List source'!D$2:E$59,2,FALSE) -> 125 | C50: 049 | D50: ="PTO" & C50 & "-" & B50 & "-" & "23" -> PTO049-125-23 | E50: PT: RFG2306; D5769 - Benzene & Toluene, by GC/MS (EPA), Z-Scores = 2.34 & 3.06 | F50: RFG | G50: D5769 - GC/MS | H50: 2.34 & 3.06 | I50: 45204 | J50: JP | K50: 45838
A51: Tampa, FL | B51: =VLOOKUP(Table27[[#This Row],[Location (drop-down)]],'List source'!D$2:E$59,2,FALSE) -> 126 | C51: 050 | D51: ="PTO" & C51 & "-" & B51 & "-" & "23" -> PTO050-126-23 | E51: PT: RFG2306; D4052 - Density, Digital, 15 °C, Z-Score = 6.89 | F51: RFG | G51: D4052 - Density | H51: 6.89 | I51: 45204 | J51: ECo | K51: 46006
A52: Cape Canaveral, FL | B52: =VLOOKUP(Table27[[#This Row],[Location (drop-down)]],'List source'!D$2:E$59,2,FALSE) -> 127 | C52: 051 | D52: ="PTO" & C52 & "-" & B52 & "-" & "23" -> PTO051-127-23 | E52: PT: RFG2306; D5769 - Aromatics, Total, by GC/MS(-22) & EPA(-20) | F52: RFG | G52: D5769 - GC/MS | H52: -2.39 & -2.09 | I52: 45204 | J52: JN | K52: 45204 | L52: Normal statistics variance - no CA | M52: Meets Precision Performance and R criteria
A53: Cape Canaveral, FL | B53: =VLOOKUP(Table27[[#This Row],[Location (drop-down)]],'List source'!D$2:E$59,2,FALSE) -> 127 | C53: 052 | D53: ="PTO" & C53 & "-" & B53 & "-" & "23" -> PTO052-127-23 | E53: PT: RFG2306; D4815 - Oxygenates, Ethanol, by GC, Z-Score = -3.20 | F53: RFG | G53: D4815 - Oxygenates | H53: -3.2 | I53: 45204 | J53: JN | K53: 45204 | L53: Negligence (typo, no review) | M53: Transcription Error
A54: San Francisco (Concord), CA | B54: =VLOOKUP(Table27[[#This Row],[Location (drop-down)]],'List source'!D$2:E$59,2,FALSE) -> 131 | C54: 053 | D54: ="PTO" & C54 & "-" & B54 & "-" & "23" -> PTO053-131-23 | E54: PT: RFG2306; D5580 - Toluene, by GC | F54: RFG | G54: D5580 - Aromatics, by GC | H54: 2.17 | I54: 45204 | J54: JN | K54: 45204 | L54: Normal statistics variance - no CA | M54: Meets Precision Performance and R criteria
A55: Bellingham (Ferndale), WA | B55: =VLOOKUP(Table27[[#This Row],[Location (drop-down)]],'List source'!D$2:E$59,2,FALSE) -> 132 | C55: 054 | D55: ="PTO" & C55 & "-" & B55 & "-" & "23" -> PTO054-132-23 | E55: PT: RFG2306; D5580 - C9 + Aromatics & Total Aromatics, by GC, Z-Score = -6.89 & -2.89 | F55: RFG | G55: D5580 - Aromatics, by GC | H55: -6.89 & -2.89 | I55: 45204 | J55: HM | K55: 45792
A56: Bellingham (Ferndale), WA | B56: =VLOOKUP(Table27[[#This Row],[Location (drop-down)]],'List source'!D$2:E$59,2,FALSE) -> 132 | C56: 055 | D56: ="PTO" & C56 & "-" & B56 & "-" & "23" -> PTO055-132-23 | E56: PT: RFG2306; D4052 - Density, Digital, 15 °C | F56: RFG | G56: D4052 - Density | H56: 2.18 | I56: 45204 | J56: JN | K56: 45204 | L56: Normal statistics variance - no CA | M56: Meets Precision Performance and R criteria
A57: Bellingham (Ferndale), WA | B57: =VLOOKUP(Table27[[#This Row],[Location (drop-down)]],'List source'!D$2:E$59,2,FALSE) -> 132 | C57: 056 | D57: ="PTO" & C57 & "-" & B57 & "-" & "23" -> PTO056-132-23 | E57: PT: RFG2306; D86 - Distillation, Auto, IBP - FBP, Z-Scores = Multiple Outliers | F57: RFG | G57: D86 - Distillation | H57: Multiple Outliers | I57: 45204 | J57: JN | K57: 45204 | L57: Negligence (typo, no review) | M57: Transcription Error
A58: Bellingham (Ferndale), WA | B58: =VLOOKUP(Table27[[#This Row],[Location (drop-down)]],'List source'!D$2:E$59,2,FALSE) -> 132 | C58: 057 | D58: ="PTO" & C58 & "-" & B58 & "-" & "23" -> PTO057-132-23 | E58: PT: RFG2306; D6550 - HC Type, Olefins, by SFC, Z-Score = -13.16 | F58: RFG | G58: D6550 - Olefins | H58: -13.16 | I58: 45204 | J58: MT | K58: 45548
A59: Bellingham (Ferndale), WA | B59: =VLOOKUP(Table27[[#This Row],[Location (drop-down)]],'List source'!D$2:E$59,2,FALSE) -> 132 | C59: 058 | D59: ="PTO" & C59 & "-" & B59 & "-" & "23" -> PTO058-132-23 | E59: PT: RFG2306; D4815 - Oxygenates,Total, by GC, Z-Score = 11.38 | F59: RFG | G59: D4815 - Oxygenates | H59: 11.38 | I59: 45204 | J59: JN | K59: 45204 | L59: Negligence (typo, no review) | M59: Transcription Error
A60: Bellingham (Ferndale), WA | B60: =VLOOKUP(Table27[[#This Row],[Location (drop-down)]],'List source'!D$2:E$59,2,FALSE) -> 132 | C60: 059 | D60: ="PTO" & C60 & "-" & B60 & "-" & "23" -> PTO059-132-23 | E60: PT: RFG2306; D5188 - V/L Ratio Temp, Evac Chamber, Z-Score = 3.23 | F60: RFG | G60: D5188 - V/L Ratio Temp | H60: 3.23 | I60: 45204 | J60: MT | K60: 45546
A61: Chicago, IL | B61: =VLOOKUP(Table27[[#This Row],[Location (drop-down)]],'List source'!D$2:E$59,2,FALSE) -> 136 | C61: 060 | D61: ="PTO" & C61 & "-" & B61 & "-" & "23" -> PTO060-136-23 | E61: PT: RFG2306; D86 - Distillation, Auto, 90% & % Resid | F61: RFG | G61: D86 - Distillation | H61: 2.14 & 2.89 | I61: 45204 | J61: JN | K61: 45204 | L61: Normal statistics variance - no CA | M61: Meets Precision Performance and R criteria
A62: Boston (Everett), MA | B62: =VLOOKUP(Table27[[#This Row],[Location (drop-down)]],'List source'!D$2:E$59,2,FALSE) -> 141 | C62: 061 | D62: ="PTO" & C62 & "-" & B62 & "-" & "23" -> PTO061-141-23 | E62: PT: RFG2306; D6550 - HC Type, Olefins, by SFC, Z-Score = -4.58 | F62: RFG | G62: D6550 - Olefins | H62: -4.58 | I62: 45204 | J62: ECC | K62: 45240 | L62: Unmanaged risks
A63: Mobile, AL | B63: =VLOOKUP(Table27[[#This Row],[Location (drop-down)]],'List source'!D$2:E$59,2,FALSE) -> 146 | C63: 062 | D63: ="PTO" & C63 & "-" & B63 & "-" & "23" -> PTO062-146-23 | E63: PT: RFG2306; D86 - Distillation, Auto, 80%, °F &(EPA), Z-Score = -2.59 & -3.10 | F63: RFG | G63: D86 - Distillation | H63: -2.59 & -3.10 | I63: 45204 | J63: LJ | K63: 45309 | L63: Training/ competency
A64: Texas City, TX | B64: =VLOOKUP(Table27[[#This Row],[Location (drop-down)]],'List source'!D$2:E$59,2,FALSE) -> 150 | C64: 063 | D64: ="PTO" & C64 & "-" & B64 & "-" & "23" -> PTO063-150-23 | E64: PT: RFG2306; D86 - Distillation, Auto, E200 °F, % (EPA) | F64: RFG | G64: D86 - Distillation | H64: 2.98 | I64: 45204 | J64: JN | K64: 45204 | L64: Normal statistics variance - no CA | M64: Meets Precision Performance and R criteria
A65: Port Arthur (Beaumont), TX | B65: =VLOOKUP(Table27[[#This Row],[Location (drop-down)]],'List source'!D$2:E$59,2,FALSE) -> 160 | C65: 064 | D65: ="PTO" & C65 & "-" & B65 & "-" & "23" -> PTO064-160-23 | E65: PT: RFG2306; D86 - Distillation, Auto, % Loss (EPA) | F65: RFG | G65: D86 - Distillation | H65: 2.74 | I65: 45204 | J65: JN | K65: 45204 | L65: Normal statistics variance - no CA | M65: Meets Precision Performance and R criteria
A66: Lake Charles (Sulfur), LA | B66: =VLOOKUP(Table27[[#This Row],[Location (drop-down)]],'List source'!D$2:E$59,2,FALSE) -> 165 | C66: 065 | D66: ="PTO" & C66 & "-" & B66 & "-" & "23" -> PTO065-165-23 | E66: PT: RFG2306; D5599 - Oxygenates, Ethanol, by GC OFID | F66: RFG | G66: D5599 - Oxygenates | H66: 2.11 | I66: 45204 | J66: JN | K66: 45204 | L66: Normal statistics variance - no CA | M66: Meets Precision Performance and R criteria
A67: Mickleton (Philly), NJ | B67: =VLOOKUP(Table27[[#This Row],[Location (drop-down)]],'List source'!D$2:E$59,2,FALSE) -> 180 | C67: 066 | D67: ="PTO" & C67 & "-" & B67 & "-" & "23" -> PTO066-180-23 | E67: PT: RFG2306; D3606 - Toluene, by GC, Proc B (EPA) | F67: RFG | G67: D3606 - Toluene, by GC | H67: 2.69 | I67: 45204 | J67: KA | K67: 45281 | L67: Training/ competency
A68: Yorktown (Norfolk), VA | B68: =VLOOKUP(Table27[[#This Row],[Location (drop-down)]],'List source'!D$2:E$59,2,FALSE) -> 185 | C68: 067 | D68: ="PTO" & C68 & "-" & B68 & "-" & "23" -> PTO067-185-23 | E68: PT: RFG2306; D86 - Distillation, Auto, 90%, 95%, & FBP °F (EPA), Z-Scores = 2.06, 2.61, & -4.13 | F68: RFG | G68: D86 - Distillation | H68: 2.06, 2.61, & -4.13 | I68: 45204 | J68: JN | K68: 45259 | L68: Training/ competency
A69: St Croix, USVI | B69: =VLOOKUP(Table27[[#This Row],[Location (drop-down)]],'List source'!D$2:E$59,2,FALSE) -> 210 | C69: 068 | D69: ="PTO" & C69 & "-" & B69 & "-" & "23" -> PTO068-210-23 | E69: PT: RFG2306; D86 - Distillation, Auto, E200 °F, % (EPA) | F69: RFG | G69: D86 - Distillation | H69: 2.11 | I69: 45204 | J69: JN | K69: 45204 | L69: Normal statistics variance - no CA | M69: Meets Precision Performance and R criteria
A70: Houston (HTC), TX | B70: =VLOOKUP(Table27[[#This Row],[Location (drop-down)]],'List source'!D$2:E$59,2,FALSE) -> 120 | C70: 069 | D70: ="PTO" & C70 & "-" & B70 & "-" & "23" -> PTO069-120-23 | E70: PT: DF22306; D664 - Acid Number, A, 60 mL, Buffer EP | F70: DF2 | G70: D664 - Acid Number | H70: 2.54 | I70: 45212 | J70: JN | K70: 45212 | L70: Normal statistics variance - no CA | M70: Meets Precision Performance and R criteria
A71: Houston (HTC), TX | B71: =VLOOKUP(Table27[[#This Row],[Location (drop-down)]],'List source'!D$2:E$59,2,FALSE) -> 120 | C71: 070 | D71: ="PTO" & C71 & "-" & B71 & "-" & "23" -> PTO070-120-23 | E71: PT: DF22306; D2887 - BP Distribution, GC, Proc A, FBP, Z-Score = 4.17 | F71: DF2 | G71: D2887 - BP Distribution | H71: 4.17 | I71: 45212 | J71: ECu | K71: 45559
A72: Houston (HTC), TX | B72: =VLOOKUP(Table27[[#This Row],[Location (drop-down)]],'List source'!D$2:E$59,2,FALSE) -> 120 | C72: 071 | D72: ="PTO" & C72 & "-" & B72 & "-" & "23" -> PTO071-120-23 | E72: PT: DF22306; D524 - Carbon Residue, Ramsbottom | F72: DF2 | G72: D524 - Carbon Residue | H72: -2.06 | I72: 45212 | J72: MT | K72: 45355
A73: Texas City, TX | B73: =VLOOKUP(Table27[[#This Row],[Location (drop-down)]],'List source'!D$2:E$59,2,FALSE) -> 150 | C73: 072 | D73: ="PTO" & C73 & "-" & B73 & "-" & "23" -> PTO072-150-23 | E73: PT: RFG2307; D4052 - Density, Digital, 15 °C, Z-Score = 10.89 | F73: RFG | G73: D4052 - Density, Digital, 15oC | H73: 10.89 | I73: 45212 | J73: MT | K73: 45337
A74: Texas City, TX | B74: =VLOOKUP(Table27[[#This Row],[Location (drop-down)]],'List source'!D$2:E$59,2,FALSE) -> 150 | C74: 073 | D74: ="PTO" & C74 & "-" & B74 & "-" & "23" -> PTO073-150-23 | E74: PT: RFG2307; D1319 - HC Type, Aromatics & Olefins, Oxy-Free & EPA, Z-Scores = -5.66, 6.90, -5.68, & 5.82 | F74: RFG | G74: D1319 - PT: RFG2307; D1319 - HC Type, Aromatics & Olefins, Oxy-Free & EPA | H74: -5.66, 6.90, -5.68, & 5.82 | I74: 45212 | J74: MT | K74: 45344
A75: Los Angeles (Signal Hill), CA | B75: =VLOOKUP(Table27[[#This Row],[Location (drop-down)]],'List source'!D$2:E$59,2,FALSE) -> 130 | C75: 074 | D75: ="PTO" & C75 & "-" & B75 & "-" & "23" -> PTO074-130-23 | E75: PT: MG2304; D4052 - Density, Digital, 15 °C | F75: MG | G75: D4052 - Density | H75: 2.29 | I75: 45215 | J75: JN | K75: 45215 | L75: Normal statistics variance - no CA | M75: Meets Precision Performance and R Criteria
A76: Los Angeles (Signal Hill), CA | B76: =VLOOKUP(Table27[[#This Row],[Location (drop-down)]],'List source'!D$2:E$59,2,FALSE) -> 130 | C76: 075 | D76: ="PTO" & C76 & "-" & B76 & "-" & "23" -> PTO075-130-23 | E76: PT: MG2304; D86 - Distillation, Auto, 70% - 95%, & E300 °F (EPA), Z-Scores = 3.15, 3.32, 4.44, 4.55, & -4.83 | F76: MG | G76: D86 - Distillation, Auto | H76: 3.15, 3.32, 4.44, 4.55, & -4.83 | I76: 45215 | J76: MT | K76: 45316
A77: Los Angeles (Signal Hill), CA | B77: =VLOOKUP(Table27[[#This Row],[Location (drop-down)]],'List source'!D$2:E$59,2,FALSE) -> 130 | C77: 076 | D77: ="PTO" & C77 & "-" & B77 & "-" & "23" -> PTO076-130-23 | E77: PT: DF22306; D4737 - Cetane Index by Four Var Eq, Z-Score = -3.96 | F77: DF2 | G77: D4737 - Cetane Index by Four Var Eq | H77: -3.96 | I77: 45215 | J77: KA | K77: 45302 | L77: Negligence (typo, no review)
A78: Los Angeles (Signal Hill), CA | B78: =VLOOKUP(Table27[[#This Row],[Location (drop-down)]],'List source'!D$2:E$59,2,FALSE) -> 130 | C78: 077 | D78: ="PTO" & C78 & "-" & B78 & "-" & "23" -> PTO077-130-23 | E78: PT: DF22306; D976 - Cetane Index, Calculated, Z-Score = -5.36 | F78: DF2 | G78: D976 - Cetane Index, Calculated | H78: -5.36 | I78: 45215 | J78: KA | K78: 45309 | L78: Negligence (typo, no review)
A79: Los Angeles (Signal Hill), CA | B79: =VLOOKUP(Table27[[#This Row],[Location (drop-down)]],'List source'!D$2:E$59,2,FALSE) -> 130 | C79: 078 | D79: ="PTO" & C79 & "-" & B79 & "-" & "23" -> PTO078-130-23 | E79: PT: DF22306; D86 - Distillation, Auto, % Loss, % Recov, Z-Scores = 4.79 & -3.99 | F79: DF2 | G79: D86 - Distillation, Auto | H79: 4.79 & -3.99 | I79: 45215 | J79: KA | K79: 45309 | L79: Training/ competency
A80: Los Angeles (Signal Hill), CA | B80: =VLOOKUP(Table27[[#This Row],[Location (drop-down)]],'List source'!D$2:E$59,2,FALSE) -> 130 | C80: 079 | D80: ="PTO" & C80 & "-" & B80 & "-" & "23" -> PTO079-130-23 | E80: PT: DF22306; D5186 - HC Type, by SFC, Total Aromatics & PAH | F80: DF2 | G80: D5186 - HC Type, by SFC | H80: =-2.06 & -2.12 -> -2.06-2.12 | I80: 45215 | J80: KA | K80: 45309 | L80: Training/ competency
A81: Los Angeles (Signal Hill), CA | B81: =VLOOKUP(Table27[[#This Row],[Location (drop-down)]],'List source'!D$2:E$59,2,FALSE) -> 130 | C81: 080 | D81: ="PTO" & C81 & "-" & B81 & "-" & "23" -> PTO080-130-23 | E81: PT: DF22306; D240 - Heat of Combustion, Gross, by Bomb Calorimeter, Z-Score = -7.04 | F81: DF2 | G81: D240 - Heat of Combustion, Gross, by Bomb Calorimeter | H81: -7.04 | I81: 45215 | J81: MT | K81: 45310
A82: Los Angeles (Signal Hill), CA | B82: =VLOOKUP(Table27[[#This Row],[Location (drop-down)]],'List source'!D$2:E$59,2,FALSE) -> 130 | C82: 081 | D82: ="PTO" & C82 & "-" & B82 & "-" & "23" -> PTO081-130-23 | E82: PT: DF22306; D97 - Pour Point | F82: DF2 | G82: D97 - Pour Point | H82: 2.9 | I82: 45215 | J82: JN | K82: 45215 | L82: Normal statistics variance - no CA | M82: Meets Precision Performance and R Criteria
A83: Houston (HTC), TX | B83: =VLOOKUP(Table27[[#This Row],[Location (drop-down)]],'List source'!D$2:E$59,2,FALSE) -> 120 | C83: 082 | D83: ="PTO" & C83 & "-" & B83 & "-" & "23" -> PTO082-120-23 | E83: PT: JF2303; D2887 - BP Distribution, GC, Proc A, 5% - 20%, 40, & 50% | F83: JF | G83: D2887 - BP Distribution, GC, Proc A | H83: -2.13, -2.61, -2.25, -2.40, & -2.22 | I83: 45215 | J83: ECu | K83: 45560
A84: Houston (HTC), TX | B84: =VLOOKUP(Table27[[#This Row],[Location (drop-down)]],'List source'!D$2:E$59,2,FALSE) -> 120 | C84: 083 | D84: ="PTO" & C84 & "-" & B84 & "-" & "23" -> PTO083-120-23 | E84: PT: JF2303; D86 - Distillation, Auto, % Resid | F84: JF | G84: D86 - Distillation, Auto | H84: 2.59 | I84: 45215 | J84: JN | K84: 45215 | L84: Normal statistics variance - no CA | M84: Meets Precision Performance and R Criteria
A85: Ft Lauderdale (Davie), FL | B85: =VLOOKUP(Table27[[#This Row],[Location (drop-down)]],'List source'!D$2:E$59,2,FALSE) -> 125 | C85: 084 | D85: ="PTO" & C85 & "-" & B85 & "-" & "23" -> PTO084-125-23 | E85: PT: JF2303; D4052 - API Gravity, Digital, 60°F & Density, Digital, 15oC | F85: JF | G85: D4052 - Gravity & Density | H85: 2.47 & -2.95 | I85: 45215 | J85: JN | K85: 45215 | L85: Normal statistics variance - no CA | M85: Meets Precision Performance and R Criteria
A86: Ft Lauderdale (Davie), FL | B86: =VLOOKUP(Table27[[#This Row],[Location (drop-down)]],'List source'!D$2:E$59,2,FALSE) -> 125 | C86: 085 | D86: ="PTO" & C86 & "-" & B86 & "-" & "23" -> PTO085-125-23 | E86: PT: JF2303; D1840 - Napthalenes, by UVS, Proc B | F86: JF | G86: D1840 - Napthalenes, by UVS, Proc B | H86: 2.27 | I86: 45215 | J86: JP | K86: 45372 | L86: Ineffective/ Lack system/ procedure
A87: Cape Canaveral, FL | B87: =VLOOKUP(Table27[[#This Row],[Location (drop-down)]],'List source'!D$2:E$59,2,FALSE) -> 127 | C87: 086 | D87: ="PTO" & C87 & "-" & B87 & "-" & "23" -> PTO086-127-23 | E87: PT: JF2303; D86 - Distillation, Auto, 10%, Z-Score = -3.09 | F87: JF | G87: D86 - Distillation, Auto | H87: -3.09 | I87: 45215 | J87: JP | K87: 45274 | L87: Equipment/ calibration
A88: Cape Canaveral, FL | B88: =VLOOKUP(Table27[[#This Row],[Location (drop-down)]],'List source'!D$2:E$59,2,FALSE) -> 127 | C88: 087 | D88: ="PTO" & C88 & "-" & B88 & "-" & "23" -> PTO087-127-23 | E88: PT: JF2303; D3227 - Mercaptan Sulfur, Potentiometric | F88: JF | G88: D3227 - Mercaptan Sulfur, Potentiometric | H88: 2.26 | I88: 45215 | J88: JP | K88: 45274
A89: Cape Canaveral, FL | B89: =VLOOKUP(Table27[[#This Row],[Location (drop-down)]],'List source'!D$2:E$59,2,FALSE) -> 127 | C89: 088 | D89: ="PTO" & C89 & "-" & B89 & "-" & "23" -> PTO088-127-23 | E89: PT: JF2303; D3338 - Net Heat of Combustion, Z-Score = -10.56 | F89: JF | G89: D3338 - Net Heat of Combustion | H89: -10.56 | I89: 45215 | J89: JN | K89: 45215 | L89: Negligence (typo, no review) | M89: Calculation Error
A90: San Francisco (Concord), CA | B90: =VLOOKUP(Table27[[#This Row],[Location (drop-down)]],'List source'!D$2:E$59,2,FALSE) -> 131 | C90: 089 | D90: ="PTO" & C90 & "-" & B90 & "-" & "23" -> PTO089-131-23 | E90: PT: JF2303; D4294 - Sulfur, by EDXRF | F90: JF | G90: D4294 - Sulfur | H90: 2.3 | I90: 45215 | J90: JN | K90: 45215 | L90: Normal statistics variance - no CA | M90: Meets Precision Performance and R Criteria
A91: Bellingham (Ferndale), WA | B91: =VLOOKUP(Table27[[#This Row],[Location (drop-down)]],'List source'!D$2:E$59,2,FALSE) -> 132 | C91: 090 | D91: ="PTO" & C91 & "-" & B91 & "-" & "23" -> PTO090-132-23 | E91: PT: JF2303; D93 - Flash Point, PMCC, Proc A, corrected | F91: JF | G91: D93 - Flash Point | H91: -2.19 | I91: 45215 | J91: HM | K91: 45713
A92: Bellingham (Ferndale), WA | B92: =VLOOKUP(Table27[[#This Row],[Location (drop-down)]],'List source'!D$2:E$59,2,FALSE) -> 132 | C92: 091 | D92: ="PTO" & C92 & "-" & B92 & "-" & "23" -> PTO091-132-23 | E92: PT: JF2303; D1322 - Smoke Point, Man, Z-Score = 3.43 | F92: JF | G92: D1322 - Smoke Point, Man | H92: 3.43 | I92: 45215 | J92: HM | K92: 45735
A93: Bellingham (Ferndale), WA | B93: =VLOOKUP(Table27[[#This Row],[Location (drop-down)]],'List source'!D$2:E$59,2,FALSE) -> 132 | C93: 092 | D93: ="PTO" & C93 & "-" & B93 & "-" & "23" -> PTO092-132-23 | E93: PT: JF2303; D4294 - Sulfur, by EDXRF, Z-Score = 4.90 | F93: JF | G93: D4294 - Sulfur | H93: 4.9 | I93: 45215 | J93: HM | K93: 45838
A94: St Louis, MO | B94: =VLOOKUP(Table27[[#This Row],[Location (drop-down)]],'List source'!D$2:E$59,2,FALSE) -> 139 | C94: 093 | D94: ="PTO" & C94 & "-" & B94 & "-" & "23" -> PTO093-139-23 | E94: PT: JF2303; D4052 - Density, Digital, 15 °C, Z-Score = -28.39 | F94: JF | G94: D4052 - Density | H94: -28.39 | I94: 45215 | J94: DA | K94: 45240 | L94: Training/ competency
A95: St Louis, MO | B95: =VLOOKUP(Table27[[#This Row],[Location (drop-down)]],'List source'!D$2:E$59,2,FALSE) -> 139 | C95: 094 | D95: ="PTO" & C95 & "-" & B95 & "-" & "23" -> PTO094-139-23 | E95: PT: JF2303; D4294 - Sulfur, by EDXRF | F95: JF | G95: D4294 - Sulfur | H95: 2.2 | I95: 45215 | J95: JN | K95: 45215 | L95: Normal statistics variance - no CA | M95: Meets Precision Performance and R Criteria
A96: Boston (Everett), MA | B96: =VLOOKUP(Table27[[#This Row],[Location (drop-down)]],'List source'!D$2:E$59,2,FALSE) -> 141 | C96: 095 | D96: ="PTO" & C96 & "-" & B96 & "-" & "23" -> PTO095-141-23 | E96: PT: JF2303; D86 - Distillation, Auto, % Resid | F96: JF | G96: D86 - Distillation, Auto | H96: -2.19 | I96: 45215 | J96: JN | K96: 45215 | L96: Normal statistics variance - no CA | M96: Meets Precision Performance and R Criteria
A97: New Haven, CT | B97: =VLOOKUP(Table27[[#This Row],[Location (drop-down)]],'List source'!D$2:E$59,2,FALSE) -> 145 | C97: 096 | D97: ="PTO" & C97 & "-" & B97 & "-" & "23" -> PTO096-145-23 | E97: PT: JF2303; D4052 - API Gravity, Digital, 60°F | F97: JF | G97: D4052 - API Gravity | H97: 2.47 | I97: 45215 | J97: JN | K97: 45215 | L97: Normal statistics variance - no CA | M97: Meets Precision Performance and R Criteria
A98: Mobile, AL | B98: =VLOOKUP(Table27[[#This Row],[Location (drop-down)]],'List source'!D$2:E$59,2,FALSE) -> 146 | C98: 097 | D98: ="PTO" & C98 & "-" & B98 & "-" & "23" -> PTO097-146-23 | E98: PT: JF2303; D86 - Distillation, Auto, % Resid | F98: JF | G98: D86 - Distillation, Auto | H98: -2.98 | I98: 45215 | J98: JN | K98: 45215 | L98: Normal statistics variance - no CA | M98: Meets Precision Performance and R Criteria
A99: Mobile, AL | B99: =VLOOKUP(Table27[[#This Row],[Location (drop-down)]],'List source'!D$2:E$59,2,FALSE) -> 146 | C99: 098 | D99: ="PTO" & C99 & "-" & B99 & "-" & "23" -> PTO098-146-23 | E99: PT: JF2303; D3948 - Water Separation, by Portable Sep | F99: JF | G99: D3948 - Water Separation, by Portable Sep | H99: -2.2 | I99: 45215 | J99: LJ | K99: 45309 | L99: Training/ competency
A100: Texas City, TX | B100: =VLOOKUP(Table27[[#This Row],[Location (drop-down)]],'List source'!D$2:E$59,2,FALSE) -> 150 | C100: 099 | D100: ="PTO" & C100 & "-" & B100 & "-" & "23" -> PTO099-150-23 | E100: PT: JF2303; D56 - Flash Point, TAG, Corrected, Z-Score = 4.24 | F100: JF | G100: D56 - Flash Point, TAG, Corrected | H100: 4.24 | I100: 45215 | J100: HB | K100: 45331
...

Sheet CAF tracking 2023
A1: Location (drop-down) | B1: Location ID | C1: # | D1: CAF# | E1: Area | F1: Date initiated | G1: Date shared w/ customer | H1: Date closed after effectiveness review | I1: Brief description of complaint | J1: Area (Lab, Ops, Lab & Ops, Admin, Other, Void) (drop-down) | K1: CAR / PAR # (if applicable) | L1: Notes
A2: Houston (HTC), TX | B2: =VLOOKUP(Table2456[[#This Row],[Location (drop-down)]],'List source'!D$2:E$59,2,FALSE) -> 120 | C2: 001 | D2: ="CAF" & C2 & "-" & B2 & "-" & "23" -> CAF001-120-23 | E2: =VLOOKUP(Table2456[[#This Row],[Location (drop-down)]],Table1[#All],3,FALSE) -> USGC | F2: 44942 | G2: 44963 | H2: 44973 | I2: Vitol - Silicon result off spec | J2: Lab | K2: C027-120-23
A3: Corpus Christi, TX | B3: =VLOOKUP(Table2456[[#This Row],[Location (drop-down)]],'List source'!D$2:E$59,2,FALSE) -> 155 | C3: 002 | D3: ="CAF" & C3 & "-" & B3 & "-" & "23" -> CAF002-155-23 | E3: =VLOOKUP(Table2456[[#This Row],[Location (drop-down)]],Table1[#All],3,FALSE) -> USGC | F3: 44953 | G3: 44963 | H3: 44973 | I3: Petroineos - Failure to meet client expectations. | J3: Ops | K3: C041-155-23
A4: Boston (Everett), MA | B4: =VLOOKUP(Table2456[[#This Row],[Location (drop-down)]],'List source'!D$2:E$59,2,FALSE) -> 141 | C4: 003 | D4: ="CAF" & C4 & "-" & B4 & "-" & "23" -> CAF003-141-23 | E4: =VLOOKUP(Table2456[[#This Row],[Location (drop-down)]],Table1[#All],3,FALSE) -> USNE, USMW & Canada | F4: 44958 | G4: 44970 | H4: 44973 | I4: Irving Oil - Inspectors did not arrive to the terminal prior to the barge docking. | J4: Ops | K4: C069-141-23
A5: Corpus Christi, TX | B5: =VLOOKUP(Table2456[[#This Row],[Location (drop-down)]],'List source'!D$2:E$59,2,FALSE) -> 155 | C5: 004 | D5: ="CAF" & C5 & "-" & B5 & "-" & "23" -> CAF004-155-23 | E5: =VLOOKUP(Table2456[[#This Row],[Location (drop-down)]],Table1[#All],3,FALSE) -> USGC | F5: 44959 | G5: 44967 | H5: 44981 | I5: Valero - The inspectors sampling the Seaways Skopelos which loaded two segregations and failed to sample the Reformate cargo. | J5: Ops | K5: C071-155-23
A6: Savannah, GA / Charleston, SC | B6: =VLOOKUP(Table2456[[#This Row],[Location (drop-down)]],'List source'!D$2:E$59,2,FALSE) -> 144 | C6: 005 | D6: ="CAF" & C6 & "-" & B6 & "-" & "23" -> CAF005-144-23 | E6: =VLOOKUP(Table2456[[#This Row],[Location (drop-down)]],Table1[#All],3,FALSE) -> SE & Caribbean | F6: 44960 | G6: 44974 | H6: 44986 | I6: AmSpec - Failure to follow existing protocols. | J6: Ops | K6: C078-144-23 | L6: MV, EW, JA
A7: Bellingham (Ferndale), WA | B7: =VLOOKUP(Table2456[[#This Row],[Location (drop-down)]],'List source'!D$2:E$59,2,FALSE) -> 132 | C7: 006 | D7: ="CAF" & C7 & "-" & B7 & "-" & "23" -> CAF006-132-23 | E7: =VLOOKUP(Table2456[[#This Row],[Location (drop-down)]],Table1[#All],3,FALSE) -> USWC | F7: 44963 | G7: 44967 | H7: 44973 | I7: Phillips 66 - Intransit Discrepancy | J7: Ops | K7: C079-132-23
A8: Mickleton (Philly), NJ | B8: =VLOOKUP(Table2456[[#This Row],[Location (drop-down)]],'List source'!D$2:E$59,2,FALSE) -> 180 | C8: 007 | D8: ="CAF" & C8 & "-" & B8 & "-" & "23" -> CAF007-180-23 | E8: =VLOOKUP(Table2456[[#This Row],[Location (drop-down)]],Table1[#All],3,FALSE) -> SE & Caribbean | F8: 44967 | G8: 44998 | H8: 45014 | I8: PBF - Off specification Nitrogen result | J8: Lab | K8: C091-180-23
A9: Bellingham (Ferndale), WA | B9: =VLOOKUP(Table2456[[#This Row],[Location (drop-down)]],'List source'!D$2:E$59,2,FALSE) -> 132 | C9: 008 | D9: ="CAF" & C9 & "-" & B9 & "-" & "23" -> CAF008-132-23 | E9: =VLOOKUP(Table2456[[#This Row],[Location (drop-down)]],Table1[#All],3,FALSE) -> USWC | F9: 44977 | G9: 44988 | H9: 45006 | I9: MPC - Inspector did not follow SOP by taking non-representative samples from the line and turning them in as barge samples. | J9: Ops | K9: C103-132-23 | L9: Inspector terminated
A10: Memphis, TN | B10: =VLOOKUP(Table2456[[#This Row],[Location (drop-down)]],'List source'!D$2:E$59,2,FALSE) -> 191 | C10: 009 | D10: ="CAF" & C10 & "-" & B10 & "-" & "23" -> CAF009-191-23 | E10: =VLOOKUP(Table2456[[#This Row],[Location (drop-down)]],Table1[#All],3,FALSE) -> SE & Caribbean | F10: 44980 | G10: 45000 | H10: 45006 | I10: Musket - Naphtha loading - Engine results issue | J10: Lab | K10: C105-191-23
A11: Baton Rouge (Gonzales), LA | B11: =VLOOKUP(Table2456[[#This Row],[Location (drop-down)]],'List source'!D$2:E$59,2,FALSE) -> 190 | C11: 010 | D11: ="CAF" & C11 & "-" & B11 & "-" & "23" -> CAF010-190-23 | E11: =VLOOKUP(Table2456[[#This Row],[Location (drop-down)]],Table1[#All],3,FALSE) -> SE & Caribbean | F11: 44945 | G11: 45019 | H11: 45020 | I11: Methanex - Sample submitted not labeled | J11: Ops | K11: C040-190-23 | L11: Improper procedure
A12: Texas City, TX | B12: =VLOOKUP(Table2456[[#This Row],[Location (drop-down)]],'List source'!D$2:E$59,2,FALSE) -> 150 | C12: 011 | D12: ="CAF" & C12 & "-" & B12 & "-" & "23" -> CAF011-150-23 | E12: =VLOOKUP(Table2456[[#This Row],[Location (drop-down)]],Table1[#All],3,FALSE) -> USGC | F12: 45001 | G12: 45121 | H12: 45121 | I12: Methanex - Sample submitted not labeled | J12: Ops | K12: C168-150-23 C171-150-23 | L12: pending investigation 2 CARs issued 6/29
A13: Lake Charles (Sulfur), LA | B13: =VLOOKUP(Table2456[[#This Row],[Location (drop-down)]],'List source'!D$2:E$59,2,FALSE) -> 165 | C13: 012 | D13: ="CAF" & C13 & "-" & B13 & "-" & "23" -> CAF012-165-23 | E13: =VLOOKUP(Table2456[[#This Row],[Location (drop-down)]],Table1[#All],3,FALSE) -> USGC | F13: 45012 | G13: 45061 | H13: 45077 | I13: PMI - Freeze point result concern | J13: Lab | K13: C289-120-23 | L13: USGC CAR / Regional car compiled at HTC for L Charles.
A14: St John, NB | B14: =VLOOKUP(Table2456[[#This Row],[Location (drop-down)]],'List source'!D$2:E$59,2,FALSE) -> 199 | C14: 013 | D14: ="CAF" & C14 & "-" & B14 & "-" & "23" -> CAF013-199-23 | E14: =VLOOKUP(Table2456[[#This Row],[Location (drop-down)]],Table1[#All],3,FALSE) -> USNE, USMW & Canada | F14: 45002 | G14: 45002 | H14: 45006 | I14: Irving Oil - Inspector recorded incorrect gauges on ST 199. | J14: Ops | K14: C170-199-23 | L14: Inspector treminated
A15: Houston (HTC), TX | B15: =VLOOKUP(Table2456[[#This Row],[Location (drop-down)]],'List source'!D$2:E$59,2,FALSE) -> 120 | C15: 014 | D15: ="CAF" & C15 & "-" & B15 & "-" & "23" -> CAF014-120-23 | E15: =VLOOKUP(Table2456[[#This Row],[Location (drop-down)]],Table1[#All],3,FALSE) -> USGC | F15: 45019 | G15: 45019 | H15: 45019 | I15: GCC LLC - Nomination revised for Barge & Tug. The revision was missed. Barge loaded without inspection. | J15: Ops | K15: C198-120-23
A16: Avenel (NYH), NJ | B16: =VLOOKUP(Table2456[[#This Row],[Location (drop-down)]],'List source'!D$2:E$59,2,FALSE) -> 110 | C16: 015 | D16: ="CAF" & C16 & "-" & B16 & "-" & "23" -> CAF015-110-23 | E16: =VLOOKUP(Table2456[[#This Row],[Location (drop-down)]],Table1[#All],3,FALSE) -> USNE, USMW & Canada | F16: 45030 | G16: 45031 | H16: NA | I16: Aramco - Dispatcher failed to relay an update to the inspector. Vessel departure delayed until the next tide. | J16: Ops | K16: No CAR assigned | L16: C. Guenther has opened discussions with Aramco to resolve 4/17/23
A17: St John, NB | B17: =VLOOKUP(Table2456[[#This Row],[Location (drop-down)]],'List source'!D$2:E$59,2,FALSE) -> 199 | C17: 016 | D17: ="CAF" & C17 & "-" & B17 & "-" & "23" -> CAF016-199-23 | E17: =VLOOKUP(Table2456[[#This Row],[Location (drop-down)]],Table1[#All],3,FALSE) -> USNE, USMW & Canada | F17: 45056 | G17: 45078 | H17: 45078 | I17: Irving - Incorrect API used on final report | J17: Ops | K17: C293-199-23
A18: St John, NB | B18: =VLOOKUP(Table2456[[#This Row],[Location (drop-down)]],'List source'!D$2:E$59,2,FALSE) -> 199 | C18: 017 | D18: ="CAF" & C18 & "-" & B18 & "-" & "23" -> CAF017-199-23 | E18: =VLOOKUP(Table2456[[#This Row],[Location (drop-down)]],Table1[#All],3,FALSE) -> USNE, USMW & Canada | F18: 45057 | G18: 45071 | H18: 45071 | I18: Irving - AmSpec inspectors not following proper protocals for respiratory protection with H2S | J18: Ops | K18: C297-199-23
A19: VOIDED ASSMT/CAR/PAR NO | B19: =VLOOKUP(Table2456[[#This Row],[Location (drop-down)]],'List source'!D$2:E$59,2,FALSE) -> VOID | C19: 18 | D19: ="CAF" & C19 & "-" & B19 & "-" & "23" -> CAF18-VOID-23 | E19: =VLOOKUP(Table2456[[#This Row],[Location (drop-down)]],Table1[#All],3,FALSE) -> VOID | F19: VOID | G19: VOID | H19: VOID | I19: Void - Internal CAR (NOLA) | J19: Lab | K19: C318-170-23 | L19: No Customer Alert issued. Local internal CAR
A20: St Croix, USVI | B20: =VLOOKUP(Table2456[[#This Row],[Location (drop-down)]],'List source'!D$2:E$59,2,FALSE) -> 210 | C20: 019 | D20: ="CAF" & C20 & "-" & B20 & "-" & "23" -> CAF019-210-23 | E20: =VLOOKUP(Table2456[[#This Row],[Location (drop-down)]],Table1[#All],3,FALSE) -> SE & Caribbean | F20: 45065 | G20: 45082 | H20: 45090 | I20: Trafigura - Part of Fuel oil cargo discharged to incorrect shore tank causing cargo contamination | J20: Ops | K20: C319-210-23
A21: New Orleans (Destrehan), LA | B21: =VLOOKUP(Table2456[[#This Row],[Location (drop-down)]],'List source'!D$2:E$59,2,FALSE) -> 170 | C21: 020 | D21: ="CAF" & C21 & "-" & B21 & "-" & "23" -> CAF020-170-23 | E21: =VLOOKUP(Table2456[[#This Row],[Location (drop-down)]],Table1[#All],3,FALSE) -> SE & Caribbean | F21: 45044 | G21: 45110 | H21: 45110 | I21: PBF requested documentation for a COA that was amended with a recheck result. | J21: Lab | K21: C258-170-23 | L21: Simon closed with PBF
A22: Corpus Christi, TX | B22: =VLOOKUP(Table2456[[#This Row],[Location (drop-down)]],'List source'!D$2:E$59,2,FALSE) -> 155 | C22: 021 | D22: ="CAF" & C22 & "-" & B22 & "-" & "23" -> CAF021-155-23 | E22: =VLOOKUP(Table2456[[#This Row],[Location (drop-down)]],Table1[#All],3,FALSE) -> USGC | F22: 45105 | G22: 45141 | H22: 45141 | I22: Mitsubishi - Off spec D4052 Specific Gravity @20°C result | J22: Lab | K22: C430-155-23 | L22: 45138
A23: Seabrook (Chemicals), TX | B23: =VLOOKUP(Table2456[[#This Row],[Location (drop-down)]],'List source'!D$2:E$59,2,FALSE) -> 121 | C23: 022 | D23: ="CAF" & C23 & "-" & B23 & "-" & "23" -> CAF022-121-23 | E23: =VLOOKUP(Table2456[[#This Row],[Location (drop-down)]],Table1[#All],3,FALSE) -> USGC | F23: 45114 | G23: 45121 | H23: 45121 | I23: Ineos - Vessel composite analysis for the Benzene parcel was rejected due to High Toluene content. Erroneous results were reported. | J23: Lab | K23: C443-121-23
A24: Montreal, QC | B24: =VLOOKUP(Table2456[[#This Row],[Location (drop-down)]],'List source'!D$2:E$59,2,FALSE) -> 197 | C24: 023 | D24: ="CAF" & C24 & "-" & B24 & "-" & "23" -> CAF023-197-23 | E24: =VLOOKUP(Table2456[[#This Row],[Location (drop-down)]],Table1[#All],3,FALSE) -> USNE, USMW & Canada | F24: 45126 | G24: 45140 | H24: 45140 | I24: Valero - Off spec D1688 Copper result | J24: Lab | K24: C455-197-23 | L24: Azar
A25: Bahamas (Freeport), GBI | B25: =VLOOKUP(Table2456[[#This Row],[Location (drop-down)]],'List source'!D$2:E$59,2,FALSE) -> 215 | C25: 024 | D25: ="CAF" & C25 & "-" & B25 & "-" & "23" -> CAF024-215-23 | E25: =VLOOKUP(Table2456[[#This Row],[Location (drop-down)]],Table1[#All],3,FALSE) -> SE & Caribbean | F25: 45131 | G25: 45148 | H25: 45148 | I25: PBF - Failed to follow proper recheck procedure when rechecking D664 TAN | J25: Lab | K25: C503-215-23 | L25: pending 8/3
A26: Houston (HTC), TX | B26: =VLOOKUP(Table2456[[#This Row],[Location (drop-down)]],'List source'!D$2:E$59,2,FALSE) -> 120 | C26: 025 | D26: ="CAF" & C26 & "-" & B26 & "-" & "23" -> CAF025-120-23 | E26: =VLOOKUP(Table2456[[#This Row],[Location (drop-down)]],Table1[#All],3,FALSE) -> USGC | F26: 45138 | G26: 45140 | H26: 45140 | I26: Shell - Inconsistent lab results, Silver Corrosion on job 120-23-11236 (Shore Tank AP-19 @ DPR) | J26: Lab | K26: C529-120-23
A27: Port Arthur (Beaumont), TX | B27: =VLOOKUP(Table2456[[#This Row],[Location (drop-down)]],'List source'!D$2:E$59,2,FALSE) -> 160 | C27: 026 | D27: ="CAF" & C27 & "-" & B27 & "-" & "23" -> CAF026-160-23 | E27: =VLOOKUP(Table2456[[#This Row],[Location (drop-down)]],Table1[#All],3,FALSE) -> USGC | F27: 45139 | G27: 45147 | H27: 45147 | I27: Citgo - D4006 Off spec. | J27: Lab | K27: C537-160-23 | L27: 8/8/2023 - MV
A28: Houston (HTC), TX | B28: =VLOOKUP(Table2456[[#This Row],[Location (drop-down)]],'List source'!D$2:E$59,2,FALSE) -> 120 | C28: 027 | D28: ="CAF" & C28 & "-" & B28 & "-" & "23" -> CAF027-120-23 | E28: =VLOOKUP(Table2456[[#This Row],[Location (drop-down)]],Table1[#All],3,FALSE) -> USGC | F28: 45140 | G28: 45175 | H28: 45175 | I28: Chevron - Failure to follow proper chain of custody procedure. | J28: Ops | K28: C538-120-23 | L28: pending 9/5
A29: Corpus Christi, TX | B29: =VLOOKUP(Table2456[[#This Row],[Location (drop-down)]],'List source'!D$2:E$59,2,FALSE) -> 155 | C29: 028 | D29: ="CAF" & C29 & "-" & B29 & "-" & "23" -> CAF028-155-23 | E29: =VLOOKUP(Table2456[[#This Row],[Location (drop-down)]],Table1[#All],3,FALSE) -> USGC | F29: 45141 | G29: 45149 | H29: 45149 | I29: Citgo - The sampling instructions per the nomination were not followed. | J29: Ops | K29: C547-155-23 | L29: Pending approval 8/10
A30: Bellingham (Ferndale), WA | B30: =VLOOKUP(Table2456[[#This Row],[Location (drop-down)]],'List source'!D$2:E$59,2,FALSE) -> 132 | C30: 029 | D30: ="CAF" & C30 & "-" & B30 & "-" & "23" -> CAF029-132-23 | E30: =VLOOKUP(Table2456[[#This Row],[Location (drop-down)]],Table1[#All],3,FALSE) -> USWC | F30: 45194 | G30: 45215 | H30: 45329 | I30: US Oil - Asphaltenes D6560 and n-Heptane Insolubles D3279 expected results not within client expectations. | J30: Lab | K30: C638-132-23 | L30: 45329
A31: HOFTI / Channelview, TX | B31: =VLOOKUP(Table2456[[#This Row],[Location (drop-down)]],'List source'!D$2:E$59,2,FALSE) -> 128 | C31: 030 | D31: ="CAF" & C31 & "-" & B31 & "-" & "23" -> CAF030-128-23 | E31: =VLOOKUP(Table2456[[#This Row],[Location (drop-down)]],Table1[#All],3,FALSE) -> USGC | F31: 45223 | G31: 45229 | H31: 45229 | I31: Unipec - Operations failed to properly calculate final vessel figures after a reverse lightering. Vessel tank bottom lines were said to be void and this volume was not accounted for. | J31: Ops | K31: C675-128-23
A32: Seabrook (Chemicals), TX | B32: =VLOOKUP(Table2456[[#This Row],[Location (drop-down)]],'List source'!D$2:E$59,2,FALSE) -> 121 | C32: 031 | D32: ="CAF" & C32 & "-" & B32 & "-" & "23" -> CAF031-121-23 | E32: =VLOOKUP(Table2456[[#This Row],[Location (drop-down)]],Table1[#All],3,FALSE) -> USGC | F32: 45243 | G32: 45250 | H32: 45250 | I32: Lyondell - Dispatch made an error on a inhibitor form and told the inspector the wrong amount of inhibitor to be added. | J32: Ops | K32: C700-121-23
A33: Bellingham (Ferndale), WA | B33: =VLOOKUP(Table2456[[#This Row],[Location (drop-down)]],'List source'!D$2:E$59,2,FALSE) -> 132 | C33: 032 | D33: ="CAF" & C33 & "-" & B33 & "-" & "23" -> CAF032-132-23 | E33: =VLOOKUP(Table2456[[#This Row],[Location (drop-down)]],Table1[#All],3,FALSE) -> USWC | F33: 45266 | G33: 45286 | H33: 45288 | I33: Marathon - Free Water (apx 1,200 bbls) not identified on job 132-23-00844. | J33: Ops | K33: C726-132-23 | L33: 45282
A34: New Orleans (Destrehan), LA | B34: =VLOOKUP(Table2456[[#This Row],[Location (drop-down)]],'List source'!D$2:E$59,2,FALSE) -> 170 | C34: 033 | D34: ="CAF" & C34 & "-" & B34 & "-" & "23" -> CAF033-170-23 | E34: =VLOOKUP(Table2456[[#This Row],[Location (drop-down)]],Table1[#All],3,FALSE) -> SE & Caribbean | F34: 45287 | G34: 45313 | H34: 45321 | I34: PBF - D2170 incorrect result | J34: Lab | K34: C749-170-23 | L34: Jeremy
A35: New Orleans (Destrehan), LA | B35: =VLOOKUP(Table2456[[#This Row],[Location (drop-down)]],'List source'!D$2:E$59,2,FALSE) -> 170 | C35: 034 | D35: ="CAF" & C35 & "-" & B35 & "-" & "23" -> CAF034-170-23 | E35: =VLOOKUP(Table2456[[#This Row],[Location (drop-down)]],Table1[#All],3,FALSE) -> SE & Caribbean | F35: 45257 | G35: NA | H35: 45342 | I35: Marathon - Inspector failed to gauge slop tanks on the vessel 750-3 @MPLX Mt. Airy | J35: Ops | K35: C759-170-23 | L35: Improper Procedure / No CAF was distributed.
B36: =VLOOKUP(Table2456[[#This Row],[Location (drop-down)]],'List source'!D$2:E$59,2,FALSE) -> #N/A | C36: 035 | D36: ="CAF" & C36 & "-" & B36 & "-" & "23" -> #N/A | E36: =VLOOKUP(Table2456[[#This Row],[Location (drop-down)]],Table1[#All],3,FALSE) -> #N/A
B37: =VLOOKUP(Table2456[[#This Row],[Location (drop-down)]],'List source'!D$2:E$59,2,FALSE) -> #N/A | C37: 036 | D37: ="CAF" & C37 & "-" & B37 & "-" & "23" -> #N/A | E37: =VLOOKUP(Table2456[[#This Row],[Location (drop-down)]],Table1[#All],3,FALSE) -> #N/A
B38: =VLOOKUP(Table2456[[#This Row],[Location (drop-down)]],'List source'!D$2:E$59,2,FALSE) -> #N/A | C38: 037 | D38: ="CAF" & C38 & "-" & B38 & "-" & "23" -> #N/A | E38: =VLOOKUP(Table2456[[#This Row],[Location (drop-down)]],Table1[#All],3,FALSE) -> #N/A
B39: =VLOOKUP(Table2456[[#This Row],[Location (drop-down)]],'List source'!D$2:E$59,2,FALSE) -> #N/A | C39: 038 | D39: ="CAF" & C39 & "-" & B39 & "-" & "23" -> #N/A | E39: =VLOOKUP(Table2456[[#This Row],[Location (drop-down)]],Table1[#All],3,FALSE) -> #N/A
B40: =VLOOKUP(Table2456[[#This Row],[Location (drop-down)]],'List source'!D$2:E$59,2,FALSE) -> #N/A | C40: 039 | D40: ="CAF" & C40 & "-" & B40 & "-" & "23" -> #N/A | E40: =VLOOKUP(Table2456[[#This Row],[Location (drop-down)]],Table1[#All],3,FALSE) -> #N/A
B41: =VLOOKUP(Table2456[[#This Row],[Location (drop-down)]],'List source'!D$2:E$59,2,FALSE) -> #N/A | C41: 040 | D41: ="CAF" & C41 & "-" & B41 & "-" & "23" -> #N/A | E41: =VLOOKUP(Table2456[[#This Row],[Location (drop-down)]],Table1[#All],3,FALSE) -> #N/A
B42: =VLOOKUP(Table2456[[#This Row],[Location (drop-down)]],'List source'!D$2:E$59,2,FALSE) -> #N/A | C42: 041 | D42: ="CAF" & C42 & "-" & B42 & "-" & "23" -> #N/A | E42: =VLOOKUP(Table2456[[#This Row],[Location (drop-down)]],Table1[#All],3,FALSE) -> #N/A
B43: =VLOOKUP(Table2456[[#This Row],[Location (drop-down)]],'List source'!D$2:E$59,2,FALSE) -> #N/A | C43: 042 | D43: ="CAF" & C43 & "-" & B43 & "-" & "23" -> #N/A | E43: =VLOOKUP(Table2456[[#This Row],[Location (drop-down)]],Table1[#All],3,FALSE) -> #N/A
B44: =VLOOKUP(Table2456[[#This Row],[Location (drop-down)]],'List source'!D$2:E$59,2,FALSE) -> #N/A | C44: 043 | D44: ="CAF" & C44 & "-" & B44 & "-" & "23" -> #N/A | E44: =VLOOKUP(Table2456[[#This Row],[Location (drop-down)]],Table1[#All],3,FALSE) -> #N/A
B45: =VLOOKUP(Table2456[[#This Row],[Location (drop-down)]],'List source'!D$2:E$59,2,FALSE) -> #N/A | C45: 044 | D45: ="CAF" & C45 & "-" & B45 & "-" & "23" -> #N/A | E45: =VLOOKUP(Table2456[[#This Row],[Location (drop-down)]],Table1[#All],3,FALSE) -> #N/A
B46: =VLOOKUP(Table2456[[#This Row],[Location (drop-down)]],'List source'!D$2:E$59,2,FALSE) -> #N/A | C46: 045 | D46: ="CAF" & C46 & "-" & B46 & "-" & "23" -> #N/A | E46: =VLOOKUP(Table2456[[#This Row],[Location (drop-down)]],Table1[#All],3,FALSE) -> #N/A
B47: =VLOOKUP(Table2456[[#This Row],[Location (drop-down)]],'List source'!D$2:E$59,2,FALSE) -> #N/A | C47: 046 | D47: ="CAF" & C47 & "-" & B47 & "-" & "23" -> #N/A | E47: =VLOOKUP(Table2456[[#This Row],[Location (drop-down)]],Table1[#All],3,FALSE) -> #N/A
... B151: =VLOOKUP(Table2456[[#This Row],[Location (drop-down)]],'List source'!D$2:E$59,2,FALSE) -> #N/A | C151: 150 | D151: ="CAF" & C151 & "-" & B151 & "-" & "23" -> #N/A | E151: =VLOOKUP(Table2456[[#This Row],[Location (drop-down)]],Table1[#All],3,FALSE) -> #N/A

Sheet List source
A1: Types of Deficiency | B1: Types of Root Cause | C1: CAR Area | D1: Location | E1: Location ID | F1: Area
A2: Equipment & Reagent status | B2: Communication | C2: Lab | D2: AGRI (HTC) | E2: 119 | F2: USGC
A3: Management (CQI, Quality Policy posting, PO, AVL, CAR/PAR) | B3: Equipment/ calibration | C3: Operations | D3: Albany, NY | E3: 111 | F3: USNE, USMW & Canada
A4: PT | B4: Ineffective/ Lack system/ procedure | C4: Misc | D4: Avenel (NYH), NJ | E4: 110 | F4: USNE, USMW & Canada
A5: Safety | B5: Negligence (typo, no review) | C5: PT | D5: Bahamas (Freeport), GBI | E5: 215 | F5: SE & Caribbean
A6: Technical (Calibration/ Verification/ Maintenance/ PT/ method deviation) | B6: Normal statistics variance - no CA | C6: VOID | D6: Baltimore (Glen Burnie), MD | E6: 195 | F6: SE & Caribbean
A7: Traceability and records (SR-1, raw data) | B7: Training/ competency | D7: Baton Rouge (Gonzales), LA | E7: 190 | F7: SE & Caribbean
A8: Training (include quality, safety, ethics) | B8: Unmanaged risks | D8: Belle Chasse, LA | E8: 116 | F8: SE & Caribbean
A9: VOID | B9: VOID | C9: PAR Area | D9: Bellingham (Ferndale), WA | E9: 132 | F9: USWC
C10: Lab | D10: Bostco, TX | E10: 124 | F10: USGC
C11: Operations | D11: Boston (Everett), MA | E11: 141 | F11: USNE, USMW & Canada
C12: Misc | D12: Brownsville, TX | E12: 158 | F12: USGC
A13: CAR Type | C13: PT | D13: Cape Canaveral, FL | E13: 127 | F13: SE & Caribbean
A14: Complaint | C14: VOID | D14: Chicago, IL | E14: 136 | F14: SE & Caribbean
A15: Customer audit | D15: Cincinnati (Erlanger), OH | E15: 138 | F15: SE & Caribbean
A16: 3rd party audit (DNV, A2LA, AASHTO…) | D16: Collins (Purvis), MS | E16: 115 | F16: SE & Caribbean
A17: Internal assessment (9001 & 17025) | C17: CAF Area | D17: CORPORATE, NJ | E17: 101 | F17: Corporate
A18: PT | C18: Lab | D18: Corpus Christi, TX | E18: 155 | F18: USGC
A19: Other (QC, customer alert, improper procedure) | C19: Ops | D19: Corpus Christi, TX (CITGO Lab) | E19: 154 | F19: USGC
A20: VOID | C20: Lab & Ops | D20: Cushing, OK | E20: 159 | F20: USGC
C21: Admin | D21: Decatur, AL | E21: 147 | F21: SE & Caribbean
C22: Other | D22: Freeport, TX | E22: 157 | F22: USGC
C23: VOID | D23: Ft Lauderdale (Davie), FL | E23: 125 | F23: SE & Caribbean
A24: Type of Assessment (Assessment tracking) | B24: Scope (assessment tracking) | D24: Halifax (Dartmouth), NS | E24: 198 | F24: USNE, USMW & Canada
A25: Internal | B25: Inspection | D25: Hamilton (Burlington), ON | E25: 189 | F25: USNE, USMW & Canada
A26: Customer | B26: Laboratory | D26: HOFTI / Channelview, TX | E26: 128 | F26: USGC
A27: Certifications | B27: Inspection & Laboratory | D27: Houston (HTC), TX | E27: 120 | F27: USGC
A28: Regulatory | B28: VOID | D28: Kenai, AK | E28: 133 | F28: USWC
A29: VOID | D29: Lake Charles (Sulfur), LA | E29: 165 | F29: USGC
D30: Levis (Quebec City), Quebec | E30: 194 | F30: USNE, USMW & Canada
A31: Agency type (Assessment Tracking) | D31: Los Angeles (Signal Hill), CA | E31: 130 | F31: USWC
A32: Regulatory | D32: Marcus Hook, PA | E32: 179 | F32: SE & Caribbean
A33: Certifications | D33: Memphis, TN | E33: 191 | F33: SE & Caribbean
A34: Accredited agency | D34: Mickleton (Philly), NJ | E34: 180 | F34: SE & Caribbean
A35: VOID | D35: Minot, ND | E35: 135 | F35: USGC
D36: Mobile, AL | E36: 146 | F36: SE & Caribbean
D37: Montreal, QC | E37: 197 | F37: USNE, USMW & Canada
D38: New Haven, CT | E38: 145 | F38: USNE, USMW & Canada
D39: New Orleans (Destrehan), LA | E39: 170 | F39: SE & Caribbean
D40: Newfoundland (Arnold's Cove) | E40: 188 | F40: USNE, USMW & Canada
D41: Pecos (West Texas), TX | E41: 156 | F41: USGC
D42: Pittsburgh, PA | E42: 178 | F42: SE & Caribbean
D43: Port Arthur (Beaumont), TX | E43: 160 | F43: USGC
D44: Portland, ME | E44: 142 | F44: USNE, USMW & Canada
D45: Providence, RI | E45: 140 | F45: USNE, USMW & Canada
D46: Puerto Rico | E46: 192 | F46: SE & Caribbean
D47: San Francisco (Concord), CA | E47: 131 | F47: USWC
... D57: Valdez, AK | E57: 129 | F57: USWC
D58: VOIDED ASSMT/CAR/PAR NO | E58: VOID | F58: VOID
D59: Yorktown (Norfolk), VA | E59: 185 | F59: SE & Caribbean
D62: Extras
D63: Warehouse | E63: 102
D64: Additives East Coast | E64: 122
D65: Additives Gulf Coast | E65: 123
D66: Utah | E66: 134
D67: Citgo Corpus Christi | E67: 154
D68: Cameron LNG | E68: 166
D69: Specialty | E69: 169
D70: Kenner, LA | E70: 172
D71: Santurce, Puerto Rico | E71: 187
D72: Boucherville, QC | E72: 196
