Workbook

Sheet Assessment '24
A1: Location (drop-down) | B1: Location ID | C1: # | D1: Assessment # | E1: Start Date | F1: End Date | G1: Report Issued | H1: Type of Assessment (drop-down) | I1: Scope of Assessment (drop-down) | J1: QA In Charge (Get a copy of assessment report or summary) | K1: Assessor(s) / Auditor(s) name(s) | L1: Assessor's company | M1: Agency Type (Regulatory / certification / accreditation agency) (drop-down) | N1: Brief description of assessment scope
A2: Pittsburgh, PA | B2: =VLOOKUP(Table245[[#This Row],[Location (drop-down)]],'List source'!D$2:E$60,2,FALSE) -> 178 | C2: 001 | D2: ="A" & C2 & "-" & B2 & "-" & "24" -> A001-178-24 | E2: 45300 | F2: 45302 | G2: 45308 | H2: Internal | I2: Inspection & Laboratory | J2: RB | K2: RB | L2: AmSpec | N2: Annual internal quality systems assessment (ISO 9001)
A3: San Francisco (Concord), CA | B3: =VLOOKUP(Table245[[#This Row],[Location (drop-down)]],'List source'!D$2:E$60,2,FALSE) -> 131 | C3: 002 | D3: ="A" & C3 & "-" & B3 & "-" & "24" -> A002-131-24 | E3: 45300 | F3: 45302 | G3: 45317 | H3: Internal | I3: Inspection & Laboratory | J3: AH | K3: MT/ AH / KA | L3: AmSpec | N3: Annual internal quality systems assessment (ISO 9001)
A4: San Francisco (Concord), CA | B4: =VLOOKUP(Table245[[#This Row],[Location (drop-down)]],'List source'!D$2:E$60,2,FALSE) -> 131 | C4: 003 | D4: ="A" & C4 & "-" & B4 & "-" & "24" -> A003-131-24 | E4: 45300 | F4: 45302 | G4: 45317 | H4: Internal | I4: Laboratory | J4: AH | K4: MT / AH / KA | L4: AmSpec | N4: Annual internal quality systems assessment (ISO 17025)
A5: Boston (Everett), MA | B5: =VLOOKUP(Table245[[#This Row],[Location (drop-down)]],'List source'!D$2:E$60,2,FALSE) -> 141 | C5: 004 | D5: ="A" & C5 & "-" & B5 & "-" & "24" -> A004-141-24 | E5: 44930 | F5: 44930 | G5: 45392 | H5: Regulatory | I5: Laboratory | J5: AH | K5: Carol Carmen | L5: Mass Dept of Environmental Protection | M5: Regulatory | N5: Random Oversite (unannounced) visit
A6: Brownsville, TX | B6: =VLOOKUP(Table245[[#This Row],[Location (drop-down)]],'List source'!D$2:E$60,2,FALSE) -> 158 | C6: 005 | D6: ="A" & C6 & "-" & B6 & "-" & "24" -> A005-158-24 | E6: 45313 | F6: 45315 | G6: 45317 | H6: Internal | I6: Inspection & Laboratory | J6: RB | K6: MT / HB / RB | L6: AmSpec | N6: Annual internal quality systems assessment (ISO 9001)
A7: Brownsville, TX | B7: =VLOOKUP(Table245[[#This Row],[Location (drop-down)]],'List source'!D$2:E$60,2,FALSE) -> 158 | C7: 006 | D7: ="A" & C7 & "-" & B7 & "-" & "24" -> A006-158-24 | E7: 45313 | F7: 45315 | G7: 45511 | H7: Internal | I7: Laboratory | J7: RB | K7: MT / HB / RB | L7: AmSpec | N7: Annual internal quality systems assessment (ISO 17025)
A8: Cape Canaveral, FL | B8: =VLOOKUP(Table245[[#This Row],[Location (drop-down)]],'List source'!D$2:E$60,2,FALSE) -> 127 | C8: 007 | D8: ="A" & C8 & "-" & B8 & "-" & "24" -> A007-127-24 | E8: 45313 | F8: 45316 | G8: 45511 | H8: Internal | I8: Inspection & Laboratory | J8: KA | K8: KA | L8: AmSpec | N8: Annual internal quality systems assessment (ISO 9001)
A9: Cincinnati (Erlanger), OH | B9: =VLOOKUP(Table245[[#This Row],[Location (drop-down)]],'List source'!D$2:E$60,2,FALSE) -> 138 | C9: 008 | D9: ="A" & C9 & "-" & B9 & "-" & "24" -> A008-138-24 | E9: 45320 | F9: 45323 | G9: 45359 | H9: Internal | I9: Inspection & Laboratory | J9: AH | K9: AH | L9: AmSpec | N9: Annual internal quality systems assessment (ISO 9001)
A10: Puerto Rico | B10: =VLOOKUP(Table245[[#This Row],[Location (drop-down)]],'List source'!D$2:E$60,2,FALSE) -> 192 | C10: 009 | D10: ="A" & C10 & "-" & B10 & "-" & "24" -> A009-192-24 | E10: 45327 | F10: 45330 | G10: 45335 | H10: Internal | I10: Inspection & Laboratory | J10: KA | K10: KA / RB | L10: AmSpec | N10: Annual internal quality systems assessment (ISO 9001)
A11: Mont Belvieu, TX | B11: =VLOOKUP(Table245[[#This Row],[Location (drop-down)]],'List source'!D$2:E$60,2,FALSE) -> 120a | C11: 010 | D11: ="A" & C11 & "-" & B11 & "-" & "24" -> A010-120a-24 | E11: 45322 | F11: 45322 | G11: 45342 | H11: Internal | I11: Laboratory | J11: MT | K11: MT / HB | L11: AmSpec | N11: Annual internal quality systems assessment (ISO 9001)
A12: San Francisco (Concord), CA | B12: =VLOOKUP(Table245[[#This Row],[Location (drop-down)]],'List source'!D$2:E$60,2,FALSE) -> 131 | C12: 011 | D12: ="A" & C12 & "-" & B12 & "-" & "24" -> A011-131-24 | E12: 45321 | F12: 45321 | H12: Customer | I12: Inspection | J12: HM | L12: Chevron | N12: Chevron - Inspection
A13: New Orleans (Destrehan), LA | B13: =VLOOKUP(Table245[[#This Row],[Location (drop-down)]],'List source'!D$2:E$60,2,FALSE) -> 170 | C13: 012 | D13: ="A" & C13 & "-" & B13 & "-" & "24" -> A012-170-24 | E13: 45323 | F13: 45324 | G13: 45324 | H13: Certifications | I13: Laboratory | J13: DA | K13: Scott Fenwick | L13: Clean Fuel (BQ) | M13: Accredited agency | N13: BQ 9000 Renewal
A14: Corpus Christi, TX | B14: =VLOOKUP(Table245[[#This Row],[Location (drop-down)]],'List source'!D$2:E$60,2,FALSE) -> 155 | C14: 013 | D14: ="A" & C14 & "-" & B14 & "-" & "24" -> A013-155-24 | E14: 45334 | F14: 45336 | G14: 45358 | H14: Internal | I14: Inspection & Laboratory | J14: AH | K14: AH / MT | L14: AmSpec | N14: Annual internal quality systems assessment (ISO 9001)
A15: Corpus Christi, TX | B15: =VLOOKUP(Table245[[#This Row],[Location (drop-down)]],'List source'!D$2:E$60,2,FALSE) -> 155 | C15: 014 | D15: ="A" & C15 & "-" & B15 & "-" & "24" -> A014-155-24 | E15: 45334 | F15: 45336 | G15: 45358 | H15: Internal | I15: Laboratory | J15: AH | K15: AH / MT | L15: AmSpec | N15: Annual internal quality systems assessment (ISO 17025)
A16: Mobile, AL | B16: =VLOOKUP(Table245[[#This Row],[Location (drop-down)]],'List source'!D$2:E$60,2,FALSE) -> 146 | C16: 015 | D16: ="A" & C16 & "-" & B16 & "-" & "24" -> A015-146-24 | E16: 45329 | F16: 45329 | G16: 45331 | H16: Certifications | I16: Laboratory | J16: MT | K16: Michael Cahill | L16: A2LA | M16: Accredited agency | N16: A2LA surveillance assessment
A17: Baton Rouge (Gonzales), LA | B17: =VLOOKUP(Table245[[#This Row],[Location (drop-down)]],'List source'!D$2:E$60,2,FALSE) -> 190 | C17: 016 | D17: ="A" & C17 & "-" & B17 & "-" & "24" -> A016-190-24 | E17: 45341 | F17: 45344 | G17: 45350 | H17: Internal | I17: Inspection & Laboratory | J17: RB | K17: KA / RB | L17: AmSpec | N17: Annual internal quality systems assessment (ISO 9001)
A18: Baton Rouge (Gonzales), LA | B18: =VLOOKUP(Table245[[#This Row],[Location (drop-down)]],'List source'!D$2:E$60,2,FALSE) -> 190 | C18: 017 | D18: ="A" & C18 & "-" & B18 & "-" & "24" -> A017-190-24 | E18: 45373 | F18: 45373 | G18: 45379 | H18: Internal | I18: Laboratory | J18: KA | K18: KA / RB | L18: AmSpec | N18: Annual internal quality systems assessment (ISO 17025)
A19: San Francisco (Concord), CA | B19: 131 | C19: 018 | D19: ="A" & C19 & "-" & B19 & "-" & "24" -> A018-131-24 | E19: 45338 | F19: 45338 | H19: Regulatory | I19: Inspection & Laboratory | J19: HM | K19: RAQUEL A HERNANDEZANDRES | L19: USCBP | M19: Regulatory | N19: USCBP Triennial
A20: San Francisco (Concord), CA | B20: 131 | C20: 019 | D20: ="A" & C20 & "-" & B20 & "-" & "24" -> A019-131-24 | E20: 45344 | F20: 45344 | G20: 45422 | H20: Customer | I20: Inspection & Laboratory | J20: HM | K20: Barry Duffin | L20: Phillips 66 | N20: P66
A21: Texas City, TX | B21: =VLOOKUP(Table245[[#This Row],[Location (drop-down)]],'List source'!D$2:E$60,2,FALSE) -> 150 | C21: 020 | D21: ="A" & C21 & "-" & B21 & "-" & "24" -> A020-150-24 | E21: 45348 | F21: 45351 | G21: 45369 | H21: Internal | I21: Inspection & Laboratory | J21: AH | K21: AH / HB | L21: AmSpec | N21: Annual internal quality systems assessment (ISO 9001)
A22: Texas City, TX | B22: =VLOOKUP(Table245[[#This Row],[Location (drop-down)]],'List source'!D$2:E$60,2,FALSE) -> 150 | C22: 021 | D22: ="A" & C22 & "-" & B22 & "-" & "24" -> A021-150-24 | E22: 45348 | F22: 45351 | G22: 45369 | H22: Internal | I22: Laboratory | J22: AH | K22: AH / HB | L22: AmSpec | N22: Annual internal quality systems assessment (ISO 17025)
A23: Freeport, TX | B23: =VLOOKUP(Table245[[#This Row],[Location (drop-down)]],'List source'!D$2:E$60,2,FALSE) -> 157 | C23: 022 | D23: ="A" & C23 & "-" & B23 & "-" & "24" -> A022-157-24 | E23: 45355 | F23: 45356 | G23: 45363 | H23: Internal | I23: Inspection & Laboratory | J23: KA | K23: KA / MT | L23: AmSpec | N23: Annual internal quality systems assessment (ISO 9001)
A24: HOFTI / Channelview, TX | B24: =VLOOKUP(Table245[[#This Row],[Location (drop-down)]],'List source'!D$2:E$60,2,FALSE) -> 128 | C24: 023 | D24: ="A" & C24 & "-" & B24 & "-" & "24" -> A023-128-24 | E24: 45357 | F24: 45358 | G24: 45363 | H24: Internal | I24: Inspection & Laboratory | J24: KA | K24: KA / MT | L24: AmSpec | N24: Annual internal quality systems assessment (ISO 9001)
A25: Albany, NY | B25: =VLOOKUP(Table245[[#This Row],[Location (drop-down)]],'List source'!D$2:E$60,2,FALSE) -> 111 | C25: 024 | D25: ="A" & C25 & "-" & B25 & "-" & "24" -> A024-111-24 | E25: 45357 | F25: 45358 | G25: 45364 | H25: Internal | I25: Inspection | J25: RB | K25: RB | L25: AmSpec
A26: New Orleans (Destrehan), LA | B26: =VLOOKUP(Table245[[#This Row],[Location (drop-down)]],'List source'!D$2:E$60,2,FALSE) -> 170 | C26: 025 | D26: ="A" & C26 & "-" & B26 & "-" & "24" -> A025-170-24 | E26: 45351 | F26: 45351 | G26: 45380 | H26: Customer | I26: Inspection & Laboratory | J26: DA | K26: N. Triche / J. Chauvin | L26: Marathon | N26: Marathon
A27: San Francisco (Concord), CA | B27: =VLOOKUP(Table245[[#This Row],[Location (drop-down)]],'List source'!D$2:E$60,2,FALSE) -> 131 | C27: 026 | D27: ="A" & C27 & "-" & B27 & "-" & "24" -> A026-131-24 | E27: 45337 | F27: 45337 | H27: Regulatory | I27: Laboratory | J27: HM | K27: Joe Mackin | L27: California Department of Public Health | M27: Regulatory | N27: Routine Radiation Safety and Protection Program Inspection
A28: San Francisco (Concord), CA | B28: =VLOOKUP(Table245[[#This Row],[Location (drop-down)]],'List source'!D$2:E$60,2,FALSE) -> 131 | C28: 027 | D28: ="A" & C28 & "-" & B28 & "-" & "24" -> A027-131-24 | E28: 45349 | F28: 45351 | G28: 45385 | H28: Certifications | I28: Laboratory | J28: HM | K28: Steven Lerman | L28: A2LA | M28: Accredited agency | N28: A2LA renewal assessment (ISO 17025)
A29: Houston (HTC), TX | B29: =VLOOKUP(Table245[[#This Row],[Location (drop-down)]],'List source'!D$2:E$60,2,FALSE) -> 120 | C29: 028 | D29: ="A" & C29 & "-" & B29 & "-" & "24" -> A028-120-24 | E29: 45356 | F29: 45357 | G29: 45358 | H29: Certifications | I29: Laboratory | J29: CS | K29: Robert Japiske | L29: Clean Fuels Alliance | M29: Certifications | N29: BQ9000 Renewal Accreditation
A30: VOIDED ASSMT/CAR/PAR NO | B30: VOID | C30: 029 | D30: ="A" & C30 & "-" & B30 & "-" & "24" -> A029-VOID-24 | E30: 45357 | F30: 45357 | G30: VOID | H30: VOID | I30: Laboratory | J30: HM | K30: VOID | L30: VOID | N30: Chevron: Visit to assess Opportunities and Capabilities by Moore, Brad / Yang, Shengzu / Khuu, Hung
A31: Boston (Everett), MA | B31: =VLOOKUP(Table245[[#This Row],[Location (drop-down)]],'List source'!D$2:E$60,2,FALSE) -> 141 | C31: 030 | D31: ="A" & C31 & "-" & B31 & "-" & "24" -> A030-141-24 | E31: 45362 | F31: 45364 | G31: 45371 | H31: Internal | I31: Inspection & Laboratory | J31: AH | K31: AH | L31: AmSpec
A32: New Orleans (Destrehan), LA | B32: =VLOOKUP(Table245[[#This Row],[Location (drop-down)]],'List source'!D$2:E$60,2,FALSE) -> 170 | C32: 031 | D32: ="A" & C32 & "-" & B32 & "-" & "24" -> A031-170-24 | E32: 45369 | F32: 45372 | G32: 45391 | H32: Internal | I32: Inspection & Laboratory | J32: KA | K32: KA / MT / RB | L32: AmSpec | N32: Annual internal quality systems assessment (ISO 9001)
A33: New Orleans (Destrehan), LA | B33: =VLOOKUP(Table245[[#This Row],[Location (drop-down)]],'List source'!D$2:E$60,2,FALSE) -> 170 | C33: 032 | D33: ="A" & C33 & "-" & B33 & "-" & "24" -> A032-170-24 | E33: 45369 | F33: 45372 | G33: 45391 | H33: Internal | I33: Laboratory | J33: KA | K33: KA / MT / RB | L33: AmSpec | N33: Annual internal quality systems assessment (ISO 17025)
A34: New Orleans (Destrehan), LA | B34: =VLOOKUP(Table245[[#This Row],[Location (drop-down)]],'List source'!D$2:E$60,2,FALSE) -> 170 | C34: 033 | D34: ="A" & C34 & "-" & B34 & "-" & "24" -> A033-170-24 | E34: 45369 | F34: 45372 | G34: 45391 | H34: Internal | I34: Laboratory | J34: KA | K34: KA / MT / RB | L34: AmSpec | N34: Annual internal quality systems assessment (BQ-9000)
A35: New Orleans (Destrehan), LA | B35: =VLOOKUP(Table245[[#This Row],[Location (drop-down)]],'List source'!D$2:E$60,2,FALSE) -> 170 | C35: 034 | D35: ="A" & C35 & "-" & B35 & "-" & "24" -> A034-170-24 | E35: 45359 | F35: 45359 | G35: 45393 | H35: Customer | I35: Inspection & Laboratory | J35: DA | K35: S. Anthony | L35: Shell
A36: Ft Lauderdale (Davie), FL | B36: =VLOOKUP(Table245[[#This Row],[Location (drop-down)]],'List source'!D$2:E$60,2,FALSE) -> 125 | C36: 035 | D36: ="A" & C36 & "-" & B36 & "-" & "24" -> A035-125-24 | E36: 45376 | F36: 45379 | G36: 45398 | H36: Internal | I36: Inspection & Laboratory | J36: AH | K36: AH | L36: AmSpec | N36: Annual internal quality systems assessment (ISO 9001)
A37: VOIDED ASSMT/CAR/PAR NO | B37: =VLOOKUP(Table245[[#This Row],[Location (drop-down)]],'List source'!D$2:E$60,2,FALSE) -> VOID | C37: 036 | D37: ="A" & C37 & "-" & B37 & "-" & "24" -> A036-VOID-24 | E37: 45344 | F37: 45344 | G37: VOID | H37: VOID | I37: Inspection & Laboratory | J37: RB | K37: VOID | L37: VOID | N37: AmSpec Annual HSSE Audit by Louis
A38: Levis (Quebec City), Quebec | B38: =VLOOKUP(Table245[[#This Row],[Location (drop-down)]],'List source'!D$2:E$60,2,FALSE) -> 194 | C38: 037 | D38: ="A" & C38 & "-" & B38 & "-" & "24" -> A037-194-24 | E38: 45383 | F38: 45384 | G38: 45390 | H38: Internal | I38: Inspection & Laboratory | J38: MT | K38: MT | L38: AmSpec
A39: Levis (Quebec City), Quebec | B39: =VLOOKUP(Table245[[#This Row],[Location (drop-down)]],'List source'!D$2:E$60,2,FALSE) -> 194 | C39: 038 | D39: ="A" & C39 & "-" & B39 & "-" & "24" -> A038-194-24 | E39: 45383 | F39: 45384 | G39: 45390 | H39: Internal | I39: Laboratory | J39: MT | K39: MT | L39: AmSpec
A40: Houston (HTC), TX | B40: =VLOOKUP(Table245[[#This Row],[Location (drop-down)]],'List source'!D$2:E$60,2,FALSE) -> 120 | C40: 039 | D40: ="A" & C40 & "-" & B40 & "-" & "24" -> A039-120-24 | E40: 45373 | F40: 45373 | H40: Customer | I40: Laboratory | J40: HB | K40: Jonathan Bobbett | L40: BP Oil | N40: BP Laboratory Audit Report
A41: Avenel (NYH), NJ | B41: =VLOOKUP(Table245[[#This Row],[Location (drop-down)]],'List source'!D$2:E$60,2,FALSE) -> 110 | C41: 040 | D41: ="A" & C41 & "-" & B41 & "-" & "24" -> A040-110-24 | E41: 45377 | F41: 45377 | G41: 45391 | H41: Customer | I41: Laboratory | J41: AH | K41: Jonathan Bobbett & Laura Danhauer | L41: BP
A42: Houston (HTC), TX | B42: =VLOOKUP(Table245[[#This Row],[Location (drop-down)]],'List source'!D$2:E$60,2,FALSE) -> 120 | C42: 041 | D42: ="A" & C42 & "-" & B42 & "-" & "24" -> A041-120-24 | E42: 45377 | H42: Customer | I42: Inspection | J42: HB | L42: ExxonMobil | N42: 2024 ExxonMobil Audit FIELD
A43: New Haven, CT | B43: =VLOOKUP(Table245[[#This Row],[Location (drop-down)]],'List source'!D$2:E$60,2,FALSE) -> 145 | C43: 042 | D43: ="A" & C43 & "-" & B43 & "-" & "24" -> A042-145-24 | E43: 45397 | F43: 45399 | G43: 45419 | H43: Internal | I43: Inspection & Laboratory | J43: AH | L43: AmSpec | N43: Annual internal quality systems assessment (ISO 9001)
A44: Yorktown (Norfolk), VA | B44: =VLOOKUP(Table245[[#This Row],[Location (drop-down)]],'List source'!D$2:E$61,2,FALSE) -> 185 | C44: 043 | D44: ="A" & C44 & "-" & B44 & "-" & "24" -> A043-185-24 | E44: 45390 | F44: 45393 | G44: 45400 | H44: Internal | I44: Inspection & Laboratory | J44: KA | K44: KA | L44: AmSpec | N44: Annual internal quality systems assessment (ISO 9001)
A45: AGRI (HTC) | B45: =VLOOKUP(Table245[[#This Row],[Location (drop-down)]],'List source'!D$2:E$60,2,FALSE) -> 119 | C45: 044 | D45: ="A" & C45 & "-" & B45 & "-" & "24" -> A044-119-24 | E45: 45397 | F45: 45398 | G45: 45406 | H45: Internal | I45: Inspection & Laboratory | J45: RB | K45: RB | L45: AmSpec | N45: Annual internal quality systems assessment (ISO 9001)
A46: Bostco, TX | B46: =VLOOKUP(Table245[[#This Row],[Location (drop-down)]],'List source'!D$2:E$60,2,FALSE) -> 124 | C46: 045 | D46: ="A" & C46 & "-" & B46 & "-" & "24" -> A045-124-24 | E46: 45399 | F46: 45400 | G46: 45408 | H46: Internal | I46: Inspection & Laboratory | J46: RB | K46: RB | L46: AmSpec | N46: Annual internal quality systems assessment (ISO 9001)
A47: Tampa, FL | B47: =VLOOKUP(Table245[[#This Row],[Location (drop-down)]],'List source'!D$2:E$60,2,FALSE) -> 126 | C47: 046 | D47: ="A" & C47 & "-" & B47 & "-" & "24" -> A046-126-24 | E47: 45411 | F47: 45412 | G47: 45413 | H47: Internal | I47: Inspection & Laboratory | J47: RB | K47: RB MT | L47: AmSpec | N47: Annual internal quality systems assessment (ISO 9001)
A48: Chicago, IL | B48: =VLOOKUP(Table245[[#This Row],[Location (drop-down)]],'List source'!D$2:E$60,2,FALSE) -> 136 | C48: 047 | D48: ="A" & C48 & "-" & B48 & "-" & "24" -> A047-136-24 | E48: 45419 | F48: 45421 | G48: 45422 | H48: Internal | I48: Inspection & Laboratory | J48: RB | K48: RB | L48: AmSpec | N48: Annual internal quality systems assessment (ISO 9001)
A49: Pecos (West Texas), TX | B49: =VLOOKUP(Table245[[#This Row],[Location (drop-down)]],'List source'!D$2:E$60,2,FALSE) -> 156 | C49: 048 | D49: ="A" & C49 & "-" & B49 & "-" & "24" -> A048-156-24 | E49: 45397 | F49: 45398 | G49: 45404 | H49: Internal | I49: Inspection & Laboratory | J49: MT | K49: MT | L49: AmSpec | N49: Annual internal quality systems assessment (ISO 9001)
A50: Portland, ME | B50: =VLOOKUP(Table245[[#This Row],[Location (drop-down)]],'List source'!D$2:E$60,2,FALSE) -> 142 | C50: 049 | D50: ="A" & C50 & "-" & B50 & "-" & "24" -> A049-142-24 | E50: 45404 | F50: 45407 | G50: 45412 | H50: Internal | I50: Inspection & Laboratory | J50: KA | K50: KA | L50: AmSpec | N50: Annual internal quality systems assessment (ISO 9001)
A51: New Orleans (Destrehan), LA | B51: =VLOOKUP(Table245[[#This Row],[Location (drop-down)]],'List source'!D$2:E$60,2,FALSE) -> 170 | C51: 050 | D51: ="A" & C51 & "-" & B51 & "-" & "24" -> A050-170-24 | E51: 45400 | F51: 45400 | G51: 45406 | H51: Customer | I51: Laboratory | J51: DA | K51: E.Quijano/R. Lindsey/K. O'Rouke | L51: Valero
A52: Halifax (Dartmouth), NS | B52: =VLOOKUP(Table245[[#This Row],[Location (drop-down)]],'List source'!D$2:E$60,2,FALSE) -> 198 | C52: 051 | D52: ="A" & C52 & "-" & B52 & "-" & "24" -> A051-198-24 | E52: 45386 | F52: 45387 | G52: 45400 | H52: Customer | I52: Laboratory | J52: GF | K52: Kerry Costain & Pramit Jethwa | L52: Irving | N52: Irving
A53: Halifax (Dartmouth), NS | B53: =VLOOKUP(Table245[[#This Row],[Location (drop-down)]],'List source'!D$2:E$60,2,FALSE) -> 198 | C53: 052 | D53: ="A" & C53 & "-" & B53 & "-" & "24" -> A052-198-24 | E53: 45393 | F53: 45393 | G53: 45393 | H53: Regulatory | I53: Laboratory | J53: GF | K53: Andrea McMullin | L53: Irving | M53: Regulatory | N53: Review lab files for gasoline compliance
A54: Cushing, OK | B54: =VLOOKUP(Table245[[#This Row],[Location (drop-down)]],'List source'!D$2:E$60,2,FALSE) -> 159 | C54: 053 | D54: ="A" & C54 & "-" & B54 & "-" & "24" -> A053-159-24 | E54: 45418 | F54: 45420 | G54: 45426 | H54: Internal | I54: Inspection & Laboratory | J54: KA | K54: KA / CS | L54: AmSpec | N54: Annual internal quality systems assessment (ISO 9001)
A55: Decatur, AL | B55: =VLOOKUP(Table245[[#This Row],[Location (drop-down)]],'List source'!D$2:E$60,2,FALSE) -> 147 | C55: 054 | D55: ="A" & C55 & "-" & B55 & "-" & "24" -> A054-147-24 | E55: 45413 | F55: 45414 | G55: 45422 | H55: Internal | I55: Inspection | J55: AH | K55: AH | L55: AmSpec | N55: Annual internal quality systems assessment (ISO 9001)
A56: New Haven, CT | B56: =VLOOKUP(Table245[[#This Row],[Location (drop-down)]],'List source'!D$2:E$60,2,FALSE) -> 145 | C56: 055 | D56: ="A" & C56 & "-" & B56 & "-" & "24" -> A055-145-24 | E56: 45412 | F56: 45412 | G56: 45414 | H56: Regulatory | I56: Laboratory | J56: ECu | K56: Kristina Verderame | L56: Conn. DEP | M56: Regulatory | N56: Radiation exposure / safety
A57: Los Angeles (Signal Hill), CA | B57: =VLOOKUP(Table245[[#This Row],[Location (drop-down)]],'List source'!D$2:E$60,2,FALSE) -> 130 | C57: 056 | D57: ="A" & C57 & "-" & B57 & "-" & "24" -> A056-130-24 | E57: 45425 | F57: 45428 | G57: 45474 | H57: Internal | I57: Inspection & Laboratory | J57: AH | K57: AH / RB | L57: AmSpec | N57: Annual internal quality systems assessment (ISO 9001)
A58: Los Angeles (Signal Hill), CA | B58: =VLOOKUP(Table245[[#This Row],[Location (drop-down)]],'List source'!D$2:E$60,2,FALSE) -> 130 | C58: 057 | D58: ="A" & C58 & "-" & B58 & "-" & "24" -> A057-130-24 | E58: 45425 | F58: 45428 | G58: 45474 | H58: Internal | I58: Laboratory | J58: AH | K58: AH / RB | L58: AmSpec | N58: Annual internal quality systems assessment (ISO 17025)
A59: Los Angeles (Signal Hill), CA | B59: =VLOOKUP(Table245[[#This Row],[Location (drop-down)]],'List source'!D$2:E$60,2,FALSE) -> 130 | C59: 058 | D59: ="A" & C59 & "-" & B59 & "-" & "24" -> A058-130-24 | E59: 45425 | F59: 45428 | G59: 45474 | H59: Internal | I59: Laboratory | J59: AH | K59: AH / RB | L59: AmSpec | N59: Annual internal quality systems assessment (BQ-9000)
A60: Texas City, TX | B60: =VLOOKUP(Table245[[#This Row],[Location (drop-down)]],'List source'!D$2:E$60,2,FALSE) -> 150 | C60: 059 | D60: ="A" & C60 & "-" & B60 & "-" & "24" -> A059-150-24 | E60: 45406 | F60: 45406 | H60: Customer | I60: Inspection & Laboratory | J60: HB | K60: Tim Mathisen | L60: Motiva
A61: Tampa, FL | B61: =VLOOKUP(Table245[[#This Row],[Location (drop-down)]],'List source'!D$2:E$60,2,FALSE) -> 126 | C61: 060 | D61: ="A" & C61 & "-" & B61 & "-" & "24" -> A060-126-24 | E61: 45427 | F61: 45427 | G61: 45457 | H61: Customer | I61: Inspection & Laboratory | J61: JP | K61: Brian Ordoyne / Ashley Duplessis | L61: Marathon | N61: Operations and Laboratory Audit
A62: New Haven, CT | B62: =VLOOKUP(Table245[[#This Row],[Location (drop-down)]],'List source'!D$2:E$60,2,FALSE) -> 145 | C62: 061 | D62: ="A" & C62 & "-" & B62 & "-" & "24" -> A061-145-24 | E62: 45427 | F62: 45427 | G62: 45431 | H62: Customer | I62: Inspection & Laboratory | J62: ECC | K62: TBD | L62: Shell
A63: Baton Rouge (Gonzales), LA | B63: =VLOOKUP(Table245[[#This Row],[Location (drop-down)]],'List source'!D$2:E$60,2,FALSE) -> 190 | C63: 062 | D63: ="A" & C63 & "-" & B63 & "-" & "24" -> A062-190-24 | E63: 45427 | F63: 45428 | G63: 45428 | H63: Certifications | I63: Laboratory | J63: DA | K63: Ed Edelson | L63: A2LA | M63: Certifications | N63: A2LA surveillance assessment
A64: Houston (HTC), TX | B64: =VLOOKUP(Table245[[#This Row],[Location (drop-down)]],'List source'!D$2:E$60,2,FALSE) -> 120 | C64: 063 | D64: ="A" & C64 & "-" & B64 & "-" & "24" -> A063-120-24 | E64: 45446 | F64: 45449 | G64: 45469 | H64: Internal | I64: Inspection & Laboratory | J64: KA | K64: RB/KA/AH/Ecu/JP | L64: AmSpec | N64: Annual internal quality systems assessment (ISO 9001)
A65: Houston (HTC), TX | B65: =VLOOKUP(Table245[[#This Row],[Location (drop-down)]],'List source'!D$2:E$60,2,FALSE) -> 120 | C65: 064 | D65: ="A" & C65 & "-" & B65 & "-" & "24" -> A064-120-24 | E65: 45446 | F65: 45449 | G65: 45469 | H65: Internal | I65: Laboratory | J65: KA | K65: RB/KA/AH/Ecu/JP | L65: AmSpec | N65: Annual internal quality systems assessment (ISO 17025)
A66: Houston (HTC), TX | B66: =VLOOKUP(Table245[[#This Row],[Location (drop-down)]],'List source'!D$2:E$60,2,FALSE) -> 120 | C66: 065 | D66: ="A" & C66 & "-" & B66 & "-" & "24" -> A065-120-24 | E66: 45446 | F66: 45449 | G66: 45469 | H66: Internal | I66: Laboratory | J66: KA | K66: RB/KA/AH/Ecu/JP | L66: AmSpec | N66: Annual internal quality systems assessment (BQ-9000)
A67: Hamilton (Burlington), ON | B67: =VLOOKUP(Table245[[#This Row],[Location (drop-down)]],'List source'!D$2:E$60,2,FALSE) -> 189 | C67: 066 | D67: ="A" & C67 & "-" & B67 & "-" & "24" -> A066-189-24 | E67: 45433 | F67: 45434 | G67: 45441 | H67: Internal | I67: Laboratory | J67: MT | K67: MT | L67: AmSpec | N67: Annual internal quality systems assessment (ISO 17025)
A68: Lake Charles (Sulfur), LA | B68: =VLOOKUP(Table245[[#This Row],[Location (drop-down)]],'List source'!D$2:E$60,2,FALSE) -> 165 | C68: 067 | D68: ="A" & C68 & "-" & B68 & "-" & "24" -> A067-165-24 | E68: 45433 | F68: 45433 | G68: N/A | H68: Customer | I68: Inspection & Laboratory | J68: KA | K68: Tim Mathisen | L68: Motiva
A69: Cincinnati (Erlanger), OH | B69: =VLOOKUP(Table245[[#This Row],[Location (drop-down)]],'List source'!D$2:E$60,2,FALSE) -> 138 | C69: 068 | D69: ="A" & C69 & "-" & B69 & "-" & "24" -> A068-138-24 | E69: 45398 | F69: 45398 | G69: 45422 | H69: Certifications | I69: Laboratory | J69: DA | K69: V. Ahn | L69: AASHTO
A70: Seabrook (Chemicals), TX | B70: =VLOOKUP(Table245[[#This Row],[Location (drop-down)]],'List source'!D$2:E$60,2,FALSE) -> 121 | C70: 069 | D70: ="A" & C70 & "-" & B70 & "-" & "24" -> A069-121-24 | E70: 45447 | F70: 45447 | G70: 45467 | H70: Internal | I70: Inspection | J70: RB | K70: RB / KA | L70: AmSpec | N70: Annual internal quality systems assessment (ISO 9001)
A71: Avenel (NYH), NJ | B71: =VLOOKUP(Table245[[#This Row],[Location (drop-down)]],'List source'!D$2:E$60,2,FALSE) -> 110 | C71: 070 | D71: ="A" & C71 & "-" & B71 & "-" & "24" -> A070-110-24 | E71: 45483 | F71: 45484 | G71: 45485 | H71: Certifications | I71: Inspection & Laboratory | J71: RB | K71: Heather Bradley | L71: DNV ISO 9001 | M71: Certifications | N71: Recertification
A72: Brownsville, TX | B72: =VLOOKUP(Table245[[#This Row],[Location (drop-down)]],'List source'!D$2:E$60,2,FALSE) -> 158 | C72: 071 | D72: ="A" & C72 & "-" & B72 & "-" & "24" -> A071-158-24 | E72: 45502 | F72: 45502 | G72: 45502 | H72: Certifications | I72: Inspection & Laboratory | J72: RB | K72: Don Gilstrap | L72: DNV ISO 9001 | M72: Certifications | N72: Recertification
A73: Corpus Christi, TX | B73: =VLOOKUP(Table245[[#This Row],[Location (drop-down)]],'List source'!D$2:E$60,2,FALSE) -> 155 | C73: 072 | D73: ="A" & C73 & "-" & B73 & "-" & "24" -> A072-155-24 | E73: 45503 | F73: 45503 | G73: 45503 | H73: Certifications | I73: Inspection & Laboratory | J73: RB | K73: Don Gilstrap | L73: DNV ISO 9001 | M73: Certifications | N73: Recertification
A74: Freeport, TX | B74: =VLOOKUP(Table245[[#This Row],[Location (drop-down)]],'List source'!D$2:E$60,2,FALSE) -> 157 | C74: 073 | D74: ="A" & C74 & "-" & B74 & "-" & "24" -> A073-157-24 | E74: 45511 | F74: 45511 | G74: 45511 | H74: Certifications | I74: Inspection & Laboratory | J74: RB | K74: Don Gilstrap | L74: DNV ISO 9001 | M74: Certifications | N74: Recertification
A75: Pecos (West Texas), TX | B75: =VLOOKUP(Table245[[#This Row],[Location (drop-down)]],'List source'!D$2:E$60,2,FALSE) -> 156 | C75: 074 | D75: ="A" & C75 & "-" & B75 & "-" & "24" -> A074-156-24 | E75: 45502 | F75: 45502 | G75: 45502 | H75: Certifications | I75: Inspection & Laboratory | J75: RB | K75: Don Gilstrap | L75: DNV ISO 9001 | M75: Certifications | N75: Recertification
A76: Cape Canaveral, FL | B76: =VLOOKUP(Table245[[#This Row],[Location (drop-down)]],'List source'!D$2:E$60,2,FALSE) -> 127 | C76: 075 | D76: ="A" & C76 & "-" & B76 & "-" & "24" -> A075-127-24 | E76: 45516 | F76: 45516 | G76: 45516 | H76: Certifications | I76: Inspection & Laboratory | J76: RB | K76: Yatish Patel | L76: DNV ISO 9001 | M76: Certifications | N76: Recertification
A77: Brownsville, TX | B77: =VLOOKUP(Table245[[#This Row],[Location (drop-down)]],'List source'!D$2:E$60,2,FALSE) -> 158 | C77: 076 | D77: ="A" & C77 & "-" & B77 & "-" & "24" -> A076-158-24 | E77: 45418 | F77: 45418 | G77: 45449 | H77: Customer | I77: Laboratory | J77: RB | K77: M. Fernandez & S. Manzano | L77: Citgo | N77: Lab Assessment
A78: New Orleans (Destrehan), LA | B78: =VLOOKUP(Table245[[#This Row],[Location (drop-down)]],'List source'!D$2:E$60,2,FALSE) -> 170 | C78: 077 | D78: ="A" & C78 & "-" & B78 & "-" & "24" -> A077-170-24 | E78: 45420 | F78: 45420 | G78: 45420 | H78: Regulatory | I78: Inspection & Laboratory | J78: DA | K78: W. Booker | L78: USCBP | M78: Regulatory
A79: Port Arthur (Beaumont), TX | B79: =VLOOKUP(Table245[[#This Row],[Location (drop-down)]],'List source'!D$2:E$60,2,FALSE) -> 160 | C79: 078 | D79: ="A" & C79 & "-" & B79 & "-" & "24" -> A078-160-24 | E79: 45460 | F79: 45463 | G79: 45511 | H79: Internal | I79: Inspection & Laboratory | J79: AH | K79: AH / KA / MT | L79: AmSpec | N79: Annual internal quality systems assessment (ISO 9001)
A80: Port Arthur (Beaumont), TX | B80: =VLOOKUP(Table245[[#This Row],[Location (drop-down)]],'List source'!D$2:E$60,2,FALSE) -> 160 | C80: 079 | D80: ="A" & C80 & "-" & B80 & "-" & "24" -> A079-160-24 | E80: 45460 | F80: 45463 | G80: 45511 | H80: Internal | I80: Laboratory | J80: AH | K80: AH / KA / MT | L80: AmSpec | N80: Annual internal quality systems assessment (ISO 17025)
A81: Belle Chasse, LA | B81: =VLOOKUP(Table245[[#This Row],[Location (drop-down)]],'List source'!D$2:E$60,2,FALSE) -> 116 | C81: 080 | D81: ="A" & C81 & "-" & B81 & "-" & "24" -> A080-116-24 | E81: 45481 | F81: 45482 | G81: 45489 | H81: Internal | I81: Inspection & Laboratory | J81: RB / KA | K81: RB / KA | L81: AmSpec | N81: Annual internal quality systems assessment (ISO 9001)
A82: St James, LA | B82: =VLOOKUP(Table245[[#This Row],[Location (drop-down)]],'List source'!D$2:E$60,2,FALSE) -> 171 | C82: 081 | D82: ="A" & C82 & "-" & B82 & "-" & "24" -> A081-171-24 | E82: 45483 | F82: 45484 | G82: 45489 | H82: Internal | I82: Inspection & Laboratory | J82: RB / KA | K82: RB / KA | L82: AmSpec | N82: Annual internal quality systems assessment (ISO 9001)
A83: Ft Lauderdale (Davie), FL | B83: =VLOOKUP(Table245[[#This Row],[Location (drop-down)]],'List source'!D$2:E$60,2,FALSE) -> 125 | C83: 082 | D83: ="A" & C83 & "-" & B83 & "-" & "24" -> A082-125-24 | E83: 45461 | F83: 45461 | G83: 45462 | H83: Customer | I83: Inspection | J83: JP | K83: Brian Ordoyne / Andy Rebicha | L83: Marathon | N83: Operations and safety audiy
A84: Houston (HTC), TX | B84: =VLOOKUP(Table245[[#This Row],[Location (drop-down)]],'List source'!D$2:E$60,2,FALSE) -> 120 | C84: 083 | D84: ="A" & C84 & "-" & B84 & "-" & "24" -> A083-120-24 | E84: 45504 | F84: 45505 | G84: 45506 | H84: Certifications | I84: Inspection & Laboratory | J84: RB | K84: Bradley Heather | L84: DNV | M84: Certifications | N84: Recertification ISO 9001
A85: St John, NB | B85: =VLOOKUP(Table245[[#This Row],[Location (drop-down)]],'List source'!D$2:E$60,2,FALSE) -> 199 | C85: 084 | D85: ="A" & C85 & "-" & B85 & "-" & "24" -> A084-199-24 | E85: 45469 | F85: 45470 | G85: 45475 | H85: Internal | I85: Inspection | J85: RB | K85: RB | L85: AmSpec | N85: Annual internal quality systems assessment (ISO 9001)
A86: Minot, ND | B86: =VLOOKUP(Table245[[#This Row],[Location (drop-down)]],'List source'!D$2:E$60,2,FALSE) -> 135 | C86: 085 | D86: ="A" & C86 & "-" & B86 & "-" & "24" -> A085-135-24 | E86: 45469 | F86: 45470 | G86: 45470 | H86: Customer | I86: Laboratory | J86: CS | K86: Owen Krauss - contract auditor Kyle Anderson - Pembina | L86: Blue Chip MRC | N86: Laboratory quality audit to Pembina requirements
A87: San Francisco (Concord), CA | B87: =VLOOKUP(Table245[[#This Row],[Location (drop-down)]],'List source'!D$2:E$60,2,FALSE) -> 131 | C87: 086 | D87: ="A" & C87 & "-" & B87 & "-" & "24" -> A086-131-24 | E87: 45470 | F87: 45470 | G87: 45519 | H87: Customer | I87: Inspection & Laboratory | J87: HM | K87: David Gibson / Cheri Davidson / Ellen Wilson | L87: Marathon | N87: Marathon
A88: Levis (Quebec City), Quebec | B88: =VLOOKUP(Table245[[#This Row],[Location (drop-down)]],'List source'!D$2:E$60,2,FALSE) -> 194 | C88: 087 | D88: ="A" & C88 & "-" & B88 & "-" & "24" -> A087-194-24 | E88: 45468 | F88: 45470 | G88: 45471 | H88: Certifications | I88: Laboratory | J88: MT | K88: S Lerman | L88: A2LA | N88: A2LA renewal assessment (ISO 17025)
A89: St Croix, USVI | B89: =VLOOKUP(Table245[[#This Row],[Location (drop-down)]],'List source'!D$2:E$60,2,FALSE) -> 210 | C89: 088 | D89: ="A" & C89 & "-" & B89 & "-" & "24" -> A088-210-24 | E89: 45489 | F89: 45489 | G89: 45498 | H89: Internal | I89: Inspection & Laboratory | J89: RB | K89: RB | L89: AmSpec | N89: Annual internal quality systems assessment remote (ISO 9001) REMOTE
A90: Bellingham (Ferndale), WA | B90: =VLOOKUP(Table245[[#This Row],[Location (drop-down)]],'List source'!D$2:E$60,2,FALSE) -> 132 | C90: 089 | D90: ="A" & C90 & "-" & B90 & "-" & "24" -> A089-132-24 | E90: 45503 | F90: 45505 | G90: 45517 | H90: Internal | I90: Inspection & Laboratory | J90: RB | K90: RB/EC/MT | L90: AmSpec | N90: Annual internal quality systems assessment (ISO 9001)
A91: Bellingham (Ferndale), WA | B91: =VLOOKUP(Table245[[#This Row],[Location (drop-down)]],'List source'!D$2:E$60,2,FALSE) -> 132 | C91: 090 | D91: ="A" & C91 & "-" & B91 & "-" & "24" -> A090-132-24 | E91: 45503 | F91: 45505 | G91: 45517 | H91: Internal | I91: Laboratory | J91: RB | K91: RB/EC/MT | L91: AmSpec | N91: Annual internal quality systems assessment (ISO 17025)
A92: Tacoma, WA | B92: =VLOOKUP(Table245[[#This Row],[Location (drop-down)]],'List source'!D$2:E$60,2,FALSE) -> 137 | C92: 091 | D92: ="A" & C92 & "-" & B92 & "-" & "24" -> A091-137-24 | E92: 45502 | F92: 45502 | G92: 45517 | H92: Internal | I92: Laboratory | J92: RB | K92: RB/EC/MT | L92: AmSpec | N92: Annual internal quality systems assessment (ISO 9001)
A93: Lake Charles (Sulfur), LA | B93: =VLOOKUP(Table245[[#This Row],[Location (drop-down)]],'List source'!D$2:E$60,2,FALSE) -> 165 | C93: 092 | D93: ="A" & C93 & "-" & B93 & "-" & "24" -> A092-165-24 | E93: 45488 | F93: 45491 | G93: 45517 | H93: Internal | I93: Inspection & Laboratory | J93: AH | K93: AH/EC | L93: AmSpec | N93: Annual internal quality systems assessment (ISO 9001)
A94: Lake Charles (Sulfur), LA | B94: =VLOOKUP(Table245[[#This Row],[Location (drop-down)]],'List source'!D$2:E$60,2,FALSE) -> 165 | C94: 093 | D94: ="A" & C94 & "-" & B94 & "-" & "24" -> A093-165-24 | E94: 45488 | F94: 45491 | G94: 45517 | H94: Internal | I94: Laboratory | J94: AH | K94: AH/EC | L94: AmSpec | N94: Annual internal quality systems assessment (ISO 17025)
A95: Providence, RI | B95: =VLOOKUP(Table245[[#This Row],[Location (drop-down)]],'List source'!D$2:E$60,2,FALSE) -> 140 | C95: 094 | D95: ="A" & C95 & "-" & B95 & "-" & "24" -> A094-140-24 | E95: 45503 | F95: 45504 | G95: 45509 | H95: Internal | I95: Inspection & Laboratory | J95: AH | K95: AH | L95: AmSpec | N95: Annual internal quality systems assessment (ISO 9001)
A96: Newfoundland (Arnold's Cove) | B96: =VLOOKUP(Table245[[#This Row],[Location (drop-down)]],'List source'!D$2:E$60,2,FALSE) -> 188 | C96: 095 | D96: ="A" & C96 & "-" & B96 & "-" & "24" -> A095-188-24 | E96: 45496 | F96: 45497 | G96: 45502 | H96: Internal | I96: Inspection & Laboratory | J96: KA | K96: KA | L96: AmSpec | N96: Annual internal quality systems assessment (ISO 9001)
A97: Hamilton (Burlington), ON | B97: =VLOOKUP(Table245[[#This Row],[Location (drop-down)]],'List source'!D$2:E$60,2,FALSE) -> 189 | C97: 096 | D97: ="A" & C97 & "-" & B97 & "-" & "24" -> A096-189-24 | E97: 45488 | F97: 45489 | G97: 45490 | H97: Certifications | I97: Laboratory | J97: MT
A98: New Orleans (Destrehan), LA | B98: =VLOOKUP(Table245[[#This Row],[Location (drop-down)]],'List source'!D$2:E$60,2,FALSE) -> 170 | C98: 097 | D98: ="A" & C98 & "-" & B98 & "-" & "24" -> A097-170-24 | E98: 45497 | F98: 45498 | G98: 45498 | H98: Customer | I98: Laboratory | J98: DA | K98: A. Howarth/C. Stevens | L98: Valero-Meraux | N98: EPA/Valero Guidelines Compliance
A99: Corpus Christi, TX | B99: =VLOOKUP(Table245[[#This Row],[Location (drop-down)]],'List source'!D$2:E$60,2,FALSE) -> 155 | C99: 098 | D99: ="A" & C99 & "-" & B99 & "-" & "24" -> A098-155-24 | E99: 45488 | F99: 45489 | G99: N/A | H99: Customer | I99: Inspection | J99: RB | K99: Tony Campbell | L99: BP
A100: Corpus Christi, TX | B100: =VLOOKUP(Table245[[#This Row],[Location (drop-down)]],'List source'!D$2:E$60,2,FALSE) -> 155 | C100: 099 | D100: ="A" & C100 & "-" & B100 & "-" & "24" -> A099-155-24 | E100: 45496 | F100: 45496 | G100: N/A | H100: Regulatory | I100: Inspection & Laboratory | J100: RB | K100: Weldon Booker | L100: USCBP | M100: Regulatory | N100: USCBP
...

Sheet PTO 2024
A1: Location (drop-down) | B1: Location ID | C1: # | D1: PTO # | E1: BRIEF DESCRIPTION OF NC if VOID: "VOID, Location, details (initials, date)" | F1: PT Program | G1: Parameter (s) | H1: Z-score (s) | I1: PTO initialized date | J1: QA team member initials | K1: Effectiveness Review & date deemed effective | L1: Notes | M1: Number (for sorting) | N1: Days open if not closed
A2: Avenel (NYH), NJ | B2: =VLOOKUP(Table27[[#This Row],[Location (drop-down)]],'List source'!D$2:E$60,2,FALSE) -> 110 | C2: 001 | D2: ="PTO" & C2 & "-" & B2 & "-" & "24" -> PTO001-110-24 | E2: PT: ETOH2308; D7319 - Sulfate, Existent, by DI-IC | F2: {=MID(LEFT(Table27[[#This Row],[BRIEF DESCRIPTION OF NC if VOID: "VOID, Location, details (initials, date)"]], INDEX(_xlfn._xlws.FILTER(ROW(INDIRECT("1:" & LEN(Table27[[#This Row],[BRIEF DESCRIPTION OF NC if VOID: "VOID, Location, details (initials, date)"]]))), (48 <= CODE(MID(Table27[[#This Row],[BRIEF DESCRIPTION OF NC if VOID: "VOID, Location, details (initials, date)"]], ROW(INDIRECT("1:" & LEN(Table27[[#This Row],[BRIEF DESCRIPTION OF NC if VOID: "VOID, Location, details (initials, date)"]]))), 1))) * (CODE(MID(Table27[[#This Row],[BRIEF DESCRIPTION OF NC if VOID: "VOID, Location, details (initials, date)"]], ROW(INDIRECT("1:" & LEN(Table27[[#This Row],[BRIEF DESCRIPTION OF NC if VOID: "VOID, Location, details (initials, date)"]]))), 1)) <= 57)), 1) - 1), FIND(":", Table27[[#This Row],[BRIEF DESCRIPTION OF NC if VOID: "VOID, Location, details (initials, date)"]]) + 2, LEN(Table27[[#This Row],[BRIEF DESCRIPTION OF NC if VOID: "VOID, Location, details (initials, date)"]]))} -> ETOH | G2: =MID(LEFT(Table27[[#This Row],[BRIEF DESCRIPTION OF NC if VOID: "VOID, Location, details (initials, date)"]], FIND(",", Table27[[#This Row],[BRIEF DESCRIPTION OF NC if VOID: "VOID, Location, details (initials, date)"]]) - 1), FIND("{token}", SUBSTITUTE(Table27[[#This Row],[BRIEF DESCRIPTION OF NC if VOID: "VOID, Location, details (initials, date)"]], " ", "{token}", 2)) + 1, LEN(Table27[[#This Row],[BRIEF DESCRIPTION OF NC if VOID: "VOID, Location, details (initials, date)"]])) -> D7319 - Sulfate | H2: 2.12 | I2: 45301 | J2: JN | K2: 45301 | L2: Meets both the precision performance and reproducibility criteria. | M2: 1 | N2: =IF(ISBLANK(K2), TODAY()-(I2), "CLOSED") -> CLOSED
A3: Avenel (NYH), NJ | B3: =VLOOKUP(Table27[[#This Row],[Location (drop-down)]],'List source'!D$2:E$60,2,FALSE) -> 110 | C3: 002 | D3: ="PTO" & C3 & "-" & B3 & "-" & "24" -> PTO002-110-24 | E3: PT: ETOH2308; E1064 - Water, by Coul KF, Z-Score = 12.14 | F3: {=MID(LEFT(Table27[[#This Row],[BRIEF DESCRIPTION OF NC if VOID: "VOID, Location, details (initials, date)"]], INDEX(_xlfn._xlws.FILTER(ROW(INDIRECT("1:" & LEN(Table27[[#This Row],[BRIEF DESCRIPTION OF NC if VOID: "VOID, Location, details (initials, date)"]]))), (48 <= CODE(MID(Table27[[#This Row],[BRIEF DESCRIPTION OF NC if VOID: "VOID, Location, details (initials, date)"]], ROW(INDIRECT("1:" & LEN(Table27[[#This Row],[BRIEF DESCRIPTION OF NC if VOID: "VOID, Location, details (initials, date)"]]))), 1))) * (CODE(MID(Table27[[#This Row],[BRIEF DESCRIPTION OF NC if VOID: "VOID, Location, details (initials, date)"]], ROW(INDIRECT("1:" & LEN(Table27[[#This Row],[BRIEF DESCRIPTION OF NC if VOID: "VOID, Location, details (initials, date)"]]))), 1)) <= 57)), 1) - 1), FIND(":", Table27[[#This Row],[BRIEF DESCRIPTION OF NC if VOID: "VOID, Location, details (initials, date)"]]) + 2, LEN(Table27[[#This Row],[BRIEF DESCRIPTION OF NC if VOID: "VOID, Location, details (initials, date)"]]))} -> ETOH | G3: =MID(LEFT(Table27[[#This Row],[BRIEF DESCRIPTION OF NC if VOID: "VOID, Location, details (initials, date)"]], FIND(",", Table27[[#This Row],[BRIEF DESCRIPTION OF NC if VOID: "VOID, Location, details (initials, date)"]]) - 1), FIND("{token}", SUBSTITUTE(Table27[[#This Row],[BRIEF DESCRIPTION OF NC if VOID: "VOID, Location, details (initials, date)"]], " ", "{token}", 2)) + 1, LEN(Table27[[#This Row],[BRIEF DESCRIPTION OF NC if VOID: "VOID, Location, details (initials, date)"]])) -> E1064 - Water | H3: 12.14 | I3: 45301 | J3: Eco | K3: 45610 | M3: 2 | N3: =IF(ISBLANK(K3), TODAY()-(I3), "CLOSED") -> CLOSED
A4: Houston (HTC), TX | B4: =VLOOKUP(Table27[[#This Row],[Location (drop-down)]],'List source'!D$2:E$60,2,FALSE) -> 120 | C4: 003 | D4: ="PTO" & C4 & "-" & B4 & "-" & "24" -> PTO003-120-24 | E4: PT: ETOH2308; D4052 - Density, Relative, @ 15.56 °C, Z-Score = 6.24 | F4: {=MID(LEFT(Table27[[#This Row],[BRIEF DESCRIPTION OF NC if VOID: "VOID, Location, details (initials, date)"]], INDEX(_xlfn._xlws.FILTER(ROW(INDIRECT("1:" & LEN(Table27[[#This Row],[BRIEF DESCRIPTION OF NC if VOID: "VOID, Location, details (initials, date)"]]))), (48 <= CODE(MID(Table27[[#This Row],[BRIEF DESCRIPTION OF NC if VOID: "VOID, Location, details (initials, date)"]], ROW(INDIRECT("1:" & LEN(Table27[[#This Row],[BRIEF DESCRIPTION OF NC if VOID: "VOID, Location, details (initials, date)"]]))), 1))) * (CODE(MID(Table27[[#This Row],[BRIEF DESCRIPTION OF NC if VOID: "VOID, Location, details (initials, date)"]], ROW(INDIRECT("1:" & LEN(Table27[[#This Row],[BRIEF DESCRIPTION OF NC if VOID: "VOID, Location, details (initials, date)"]]))), 1)) <= 57)), 1) - 1), FIND(":", Table27[[#This Row],[BRIEF DESCRIPTION OF NC if VOID: "VOID, Location, details (initials, date)"]]) + 2, LEN(Table27[[#This Row],[BRIEF DESCRIPTION OF NC if VOID: "VOID, Location, details (initials, date)"]]))} -> ETOH | G4: =MID(LEFT(Table27[[#This Row],[BRIEF DESCRIPTION OF NC if VOID: "VOID, Location, details (initials, date)"]], FIND(",", Table27[[#This Row],[BRIEF DESCRIPTION OF NC if VOID: "VOID, Location, details (initials, date)"]]) - 1), FIND("{token}", SUBSTITUTE(Table27[[#This Row],[BRIEF DESCRIPTION OF NC if VOID: "VOID, Location, details (initials, date)"]], " ", "{token}", 2)) + 1, LEN(Table27[[#This Row],[BRIEF DESCRIPTION OF NC if VOID: "VOID, Location, details (initials, date)"]])) -> D4052 - Density | H4: 6.24 | I4: 45301 | J4: ECu | K4: 45559 | M4: 3 | N4: =IF(ISBLANK(K4), TODAY()-(I4), "CLOSED") -> CLOSED
A5: San Francisco (Concord), CA | B5: =VLOOKUP(Table27[[#This Row],[Location (drop-down)]],'List source'!D$2:E$60,2,FALSE) -> 131 | C5: 004 | D5: ="PTO" & C5 & "-" & B5 & "-" & "24" -> PTO004-131-24 | E5: PT: ETOH2308; D7319 - Sulfate, Existent, by DI-IC | F5: {=MID(LEFT(Table27[[#This Row],[BRIEF DESCRIPTION OF NC if VOID: "VOID, Location, details (initials, date)"]], INDEX(_xlfn._xlws.FILTER(ROW(INDIRECT("1:" & LEN(Table27[[#This Row],[BRIEF DESCRIPTION OF NC if VOID: "VOID, Location, details (initials, date)"]]))), (48 <= CODE(MID(Table27[[#This Row],[BRIEF DESCRIPTION OF NC if VOID: "VOID, Location, details (initials, date)"]], ROW(INDIRECT("1:" & LEN(Table27[[#This Row],[BRIEF DESCRIPTION OF NC if VOID: "VOID, Location, details (initials, date)"]]))), 1))) * (CODE(MID(Table27[[#This Row],[BRIEF DESCRIPTION OF NC if VOID: "VOID, Location, details (initials, date)"]], ROW(INDIRECT("1:" & LEN(Table27[[#This Row],[BRIEF DESCRIPTION OF NC if VOID: "VOID, Location, details (initials, date)"]]))), 1)) <= 57)), 1) - 1), FIND(":", Table27[[#This Row],[BRIEF DESCRIPTION OF NC if VOID: "VOID, Location, details (initials, date)"]]) + 2, LEN(Table27[[#This Row],[BRIEF DESCRIPTION OF NC if VOID: "VOID, Location, details (initials, date)"]]))} -> ETOH | G5: =MID(LEFT(Table27[[#This Row],[BRIEF DESCRIPTION OF NC if VOID: "VOID, Location, details (initials, date)"]], FIND(",", Table27[[#This Row],[BRIEF DESCRIPTION OF NC if VOID: "VOID, Location, details (initials, date)"]]) - 1), FIND("{token}", SUBSTITUTE(Table27[[#This Row],[BRIEF DESCRIPTION OF NC if VOID: "VOID, Location, details (initials, date)"]], " ", "{token}", 2)) + 1, LEN(Table27[[#This Row],[BRIEF DESCRIPTION OF NC if VOID: "VOID, Location, details (initials, date)"]])) -> D7319 - Sulfate | H5: 2.12 | I5: 45301 | J5: JN | K5: 45301 | L5: Meets both the precision performance and reproducibility criteria. | M5: 4 | N5: =IF(ISBLANK(K5), TODAY()-(I5), "CLOSED") -> CLOSED
A6: Chicago, IL | B6: =VLOOKUP(Table27[[#This Row],[Location (drop-down)]],'List source'!D$2:E$60,2,FALSE) -> 136 | C6: 005 | D6: ="PTO" & C6 & "-" & B6 & "-" & "24" -> PTO005-136-24 | E6: PT: ETOH2308; D6423 - pHe, Z-Score = 2.16 | F6: {=MID(LEFT(Table27[[#This Row],[BRIEF DESCRIPTION OF NC if VOID: "VOID, Location, details (initials, date)"]], INDEX(_xlfn._xlws.FILTER(ROW(INDIRECT("1:" & LEN(Table27[[#This Row],[BRIEF DESCRIPTION OF NC if VOID: "VOID, Location, details (initials, date)"]]))), (48 <= CODE(MID(Table27[[#This Row],[BRIEF DESCRIPTION OF NC if VOID: "VOID, Location, details (initials, date)"]], ROW(INDIRECT("1:" & LEN(Table27[[#This Row],[BRIEF DESCRIPTION OF NC if VOID: "VOID, Location, details (initials, date)"]]))), 1))) * (CODE(MID(Table27[[#This Row],[BRIEF DESCRIPTION OF NC if VOID: "VOID, Location, details (initials, date)"]], ROW(INDIRECT("1:" & LEN(Table27[[#This Row],[BRIEF DESCRIPTION OF NC if VOID: "VOID, Location, details (initials, date)"]]))), 1)) <= 57)), 1) - 1), FIND(":", Table27[[#This Row],[BRIEF DESCRIPTION OF NC if VOID: "VOID, Location, details (initials, date)"]]) + 2, LEN(Table27[[#This Row],[BRIEF DESCRIPTION OF NC if VOID: "VOID, Location, details (initials, date)"]]))} -> ETOH | G6: =MID(LEFT(Table27[[#This Row],[BRIEF DESCRIPTION OF NC if VOID: "VOID, Location, details (initials, date)"]], FIND(",", Table27[[#This Row],[BRIEF DESCRIPTION OF NC if VOID: "VOID, Location, details (initials, date)"]]) - 1), FIND("{token}", SUBSTITUTE(Table27[[#This Row],[BRIEF DESCRIPTION OF NC if VOID: "VOID, Location, details (initials, date)"]], " ", "{token}", 2)) + 1, LEN(Table27[[#This Row],[BRIEF DESCRIPTION OF NC if VOID: "VOID, Location, details (initials, date)"]])) -> D6423 - pHe | H6: 2.16 | I6: 45301 | J6: LJ | K6: 45330 | M6: 5 | N6: =IF(ISBLANK(K6), TODAY()-(I6), "CLOSED") -> CLOSED
A7: Providence, RI | B7: =VLOOKUP(Table27[[#This Row],[Location (drop-down)]],'List source'!D$2:E$60,2,FALSE) -> 140 | C7: 006 | D7: ="PTO" & C7 & "-" & B7 & "-" & "24" -> PTO006-140-24 | E7: PT: ETOH2308; D5501 - Methanol, By GC, Z-Score = 2.45 | F7: {=MID(LEFT(Table27[[#This Row],[BRIEF DESCRIPTION OF NC if VOID: "VOID, Location, details (initials, date)"]], INDEX(_xlfn._xlws.FILTER(ROW(INDIRECT("1:" & LEN(Table27[[#This Row],[BRIEF DESCRIPTION OF NC if VOID: "VOID, Location, details (initials, date)"]]))), (48 <= CODE(MID(Table27[[#This Row],[BRIEF DESCRIPTION OF NC if VOID: "VOID, Location, details (initials, date)"]], ROW(INDIRECT("1:" & LEN(Table27[[#This Row],[BRIEF DESCRIPTION OF NC if VOID: "VOID, Location, details (initials, date)"]]))), 1))) * (CODE(MID(Table27[[#This Row],[BRIEF DESCRIPTION OF NC if VOID: "VOID, Location, details (initials, date)"]], ROW(INDIRECT("1:" & LEN(Table27[[#This Row],[BRIEF DESCRIPTION OF NC if VOID: "VOID, Location, details (initials, date)"]]))), 1)) <= 57)), 1) - 1), FIND(":", Table27[[#This Row],[BRIEF DESCRIPTION OF NC if VOID: "VOID, Location, details (initials, date)"]]) + 2, LEN(Table27[[#This Row],[BRIEF DESCRIPTION OF NC if VOID: "VOID, Location, details (initials, date)"]]))} -> ETOH | G7: =MID(LEFT(Table27[[#This Row],[BRIEF DESCRIPTION OF NC if VOID: "VOID, Location, details (initials, date)"]], FIND(",", Table27[[#This Row],[BRIEF DESCRIPTION OF NC if VOID: "VOID, Location, details (initials, date)"]]) - 1), FIND("{token}", SUBSTITUTE(Table27[[#This Row],[BRIEF DESCRIPTION OF NC if VOID: "VOID, Location, details (initials, date)"]], " ", "{token}", 2)) + 1, LEN(Table27[[#This Row],[BRIEF DESCRIPTION OF NC if VOID: "VOID, Location, details (initials, date)"]])) -> D5501 - Methanol | H7: 2.45 | I7: 45301 | J7: ECu | K7: 45539 | M7: 6 | N7: =IF(ISBLANK(K7), TODAY()-(I7), "CLOSED") -> CLOSED
A8: New Haven, CT | B8: =VLOOKUP(Table27[[#This Row],[Location (drop-down)]],'List source'!D$2:E$60,2,FALSE) -> 145 | C8: 007 | D8: ="PTO" & C8 & "-" & B8 & "-" & "24" -> PTO007-145-24 | E8: PT: ETOH2308; D5453 - Sulfur, by UVF, Z-Score = 3.21 | F8: {=MID(LEFT(Table27[[#This Row],[BRIEF DESCRIPTION OF NC if VOID: "VOID, Location, details (initials, date)"]], INDEX(_xlfn._xlws.FILTER(ROW(INDIRECT("1:" & LEN(Table27[[#This Row],[BRIEF DESCRIPTION OF NC if VOID: "VOID, Location, details (initials, date)"]]))), (48 <= CODE(MID(Table27[[#This Row],[BRIEF DESCRIPTION OF NC if VOID: "VOID, Location, details (initials, date)"]], ROW(INDIRECT("1:" & LEN(Table27[[#This Row],[BRIEF DESCRIPTION OF NC if VOID: "VOID, Location, details (initials, date)"]]))), 1))) * (CODE(MID(Table27[[#This Row],[BRIEF DESCRIPTION OF NC if VOID: "VOID, Location, details (initials, date)"]], ROW(INDIRECT("1:" & LEN(Table27[[#This Row],[BRIEF DESCRIPTION OF NC if VOID: "VOID, Location, details (initials, date)"]]))), 1)) <= 57)), 1) - 1), FIND(":", Table27[[#This Row],[BRIEF DESCRIPTION OF NC if VOID: "VOID, Location, details (initials, date)"]]) + 2, LEN(Table27[[#This Row],[BRIEF DESCRIPTION OF NC if VOID: "VOID, Location, details (initials, date)"]]))} -> ETOH | G8: =MID(LEFT(Table27[[#This Row],[BRIEF DESCRIPTION OF NC if VOID: "VOID, Location, details (initials, date)"]], FIND(",", Table27[[#This Row],[BRIEF DESCRIPTION OF NC if VOID: "VOID, Location, details (initials, date)"]]) - 1), FIND("{token}", SUBSTITUTE(Table27[[#This Row],[BRIEF DESCRIPTION OF NC if VOID: "VOID, Location, details (initials, date)"]], " ", "{token}", 2)) + 1, LEN(Table27[[#This Row],[BRIEF DESCRIPTION OF NC if VOID: "VOID, Location, details (initials, date)"]])) -> D5453 - Sulfur | H8: 3.21 | I8: 45301 | J8: ECu | K8: 45356 | M8: 7 | N8: =IF(ISBLANK(K8), TODAY()-(I8), "CLOSED") -> CLOSED
A9: Yorktown (Norfolk), VA | B9: =VLOOKUP(Table27[[#This Row],[Location (drop-down)]],'List source'!D$2:E$61,2,FALSE) -> 185 | C9: 008 | D9: ="PTO" & C9 & "-" & B9 & "-" & "24" -> PTO008-185-24 | E9: PT: ETOH2308; D5501 - Methanol, By GC, Z-Score = 2.92 | F9: {=MID(LEFT(Table27[[#This Row],[BRIEF DESCRIPTION OF NC if VOID: "VOID, Location, details (initials, date)"]], INDEX(_xlfn._xlws.FILTER(ROW(INDIRECT("1:" & LEN(Table27[[#This Row],[BRIEF DESCRIPTION OF NC if VOID: "VOID, Location, details (initials, date)"]]))), (48 <= CODE(MID(Table27[[#This Row],[BRIEF DESCRIPTION OF NC if VOID: "VOID, Location, details (initials, date)"]], ROW(INDIRECT("1:" & LEN(Table27[[#This Row],[BRIEF DESCRIPTION OF NC if VOID: "VOID, Location, details (initials, date)"]]))), 1))) * (CODE(MID(Table27[[#This Row],[BRIEF DESCRIPTION OF NC if VOID: "VOID, Location, details (initials, date)"]], ROW(INDIRECT("1:" & LEN(Table27[[#This Row],[BRIEF DESCRIPTION OF NC if VOID: "VOID, Location, details (initials, date)"]]))), 1)) <= 57)), 1) - 1), FIND(":", Table27[[#This Row],[BRIEF DESCRIPTION OF NC if VOID: "VOID, Location, details (initials, date)"]]) + 2, LEN(Table27[[#This Row],[BRIEF DESCRIPTION OF NC if VOID: "VOID, Location, details (initials, date)"]]))} -> ETOH | G9: =MID(LEFT(Table27[[#This Row],[BRIEF DESCRIPTION OF NC if VOID: "VOID, Location, details (initials, date)"]], FIND(",", Table27[[#This Row],[BRIEF DESCRIPTION OF NC if VOID: "VOID, Location, details (initials, date)"]]) - 1), FIND("{token}", SUBSTITUTE(Table27[[#This Row],[BRIEF DESCRIPTION OF NC if VOID: "VOID, Location, details (initials, date)"]], " ", "{token}", 2)) + 1, LEN(Table27[[#This Row],[BRIEF DESCRIPTION OF NC if VOID: "VOID, Location, details (initials, date)"]])) -> D5501 - Methanol | H9: 2.92 | I9: 45301 | J9: Eco | K9: 45328 | M9: 8 | N9: =IF(ISBLANK(K9), TODAY()-(I9), "CLOSED") -> CLOSED
A10: Yorktown (Norfolk), VA | B10: =VLOOKUP(Table27[[#This Row],[Location (drop-down)]],'List source'!D$2:E$61,2,FALSE) -> 185 | C10: 009 | D10: ="PTO" & C10 & "-" & B10 & "-" & "24" -> PTO009-185-24 | E10: PT: ETOH2308; E1064 - Water, by Coul KF, Z-Score = -6.31 | F10: {=MID(LEFT(Table27[[#This Row],[BRIEF DESCRIPTION OF NC if VOID: "VOID, Location, details (initials, date)"]], INDEX(_xlfn._xlws.FILTER(ROW(INDIRECT("1:" & LEN(Table27[[#This Row],[BRIEF DESCRIPTION OF NC if VOID: "VOID, Location, details (initials, date)"]]))), (48 <= CODE(MID(Table27[[#This Row],[BRIEF DESCRIPTION OF NC if VOID: "VOID, Location, details (initials, date)"]], ROW(INDIRECT("1:" & LEN(Table27[[#This Row],[BRIEF DESCRIPTION OF NC if VOID: "VOID, Location, details (initials, date)"]]))), 1))) * (CODE(MID(Table27[[#This Row],[BRIEF DESCRIPTION OF NC if VOID: "VOID, Location, details (initials, date)"]], ROW(INDIRECT("1:" & LEN(Table27[[#This Row],[BRIEF DESCRIPTION OF NC if VOID: "VOID, Location, details (initials, date)"]]))), 1)) <= 57)), 1) - 1), FIND(":", Table27[[#This Row],[BRIEF DESCRIPTION OF NC if VOID: "VOID, Location, details (initials, date)"]]) + 2, LEN(Table27[[#This Row],[BRIEF DESCRIPTION OF NC if VOID: "VOID, Location, details (initials, date)"]]))} -> ETOH | G10: =MID(LEFT(Table27[[#This Row],[BRIEF DESCRIPTION OF NC if VOID: "VOID, Location, details (initials, date)"]], FIND(",", Table27[[#This Row],[BRIEF DESCRIPTION OF NC if VOID: "VOID, Location, details (initials, date)"]]) - 1), FIND("{token}", SUBSTITUTE(Table27[[#This Row],[BRIEF DESCRIPTION OF NC if VOID: "VOID, Location, details (initials, date)"]], " ", "{token}", 2)) + 1, LEN(Table27[[#This Row],[BRIEF DESCRIPTION OF NC if VOID: "VOID, Location, details (initials, date)"]])) -> E1064 - Water | H10: -6.31 | I10: 45301 | J10: MT | K10: 45337 | M10: 9 | N10: =IF(ISBLANK(K10), TODAY()-(I10), "CLOSED") -> CLOSED
A11: Memphis, TN | B11: =VLOOKUP(Table27[[#This Row],[Location (drop-down)]],'List source'!D$2:E$60,2,FALSE) -> 191 | C11: 010 | D11: ="PTO" & C11 & "-" & B11 & "-" & "24" -> PTO010-191-24 | E11: PT: ETOH2308; D7319 - Chloride, Inorganic, & Sulfate, Existent, by DI-IC | F11: {=MID(LEFT(Table27[[#This Row],[BRIEF DESCRIPTION OF NC if VOID: "VOID, Location, details (initials, date)"]], INDEX(_xlfn._xlws.FILTER(ROW(INDIRECT("1:" & LEN(Table27[[#This Row],[BRIEF DESCRIPTION OF NC if VOID: "VOID, Location, details (initials, date)"]]))), (48 <= CODE(MID(Table27[[#This Row],[BRIEF DESCRIPTION OF NC if VOID: "VOID, Location, details (initials, date)"]], ROW(INDIRECT("1:" & LEN(Table27[[#This Row],[BRIEF DESCRIPTION OF NC if VOID: "VOID, Location, details (initials, date)"]]))), 1))) * (CODE(MID(Table27[[#This Row],[BRIEF DESCRIPTION OF NC if VOID: "VOID, Location, details (initials, date)"]], ROW(INDIRECT("1:" & LEN(Table27[[#This Row],[BRIEF DESCRIPTION OF NC if VOID: "VOID, Location, details (initials, date)"]]))), 1)) <= 57)), 1) - 1), FIND(":", Table27[[#This Row],[BRIEF DESCRIPTION OF NC if VOID: "VOID, Location, details (initials, date)"]]) + 2, LEN(Table27[[#This Row],[BRIEF DESCRIPTION OF NC if VOID: "VOID, Location, details (initials, date)"]]))} -> ETOH | G11: =MID(LEFT(Table27[[#This Row],[BRIEF DESCRIPTION OF NC if VOID: "VOID, Location, details (initials, date)"]], FIND(",", Table27[[#This Row],[BRIEF DESCRIPTION OF NC if VOID: "VOID, Location, details (initials, date)"]]) - 1), FIND("{token}", SUBSTITUTE(Table27[[#This Row],[BRIEF DESCRIPTION OF NC if VOID: "VOID, Location, details (initials, date)"]], " ", "{token}", 2)) + 1, LEN(Table27[[#This Row],[BRIEF DESCRIPTION OF NC if VOID: "VOID, Location, details (initials, date)"]])) -> D7319 - Chloride | H11: 2.7 | I11: 45301 | J11: JN | K11: 45301 | L11: Meets both the precision performance and reproducibility criteria. | M11: 10 | N11: =IF(ISBLANK(K11), TODAY()-(I11), "CLOSED") -> CLOSED
A12: Memphis, TN | B12: =VLOOKUP(Table27[[#This Row],[Location (drop-down)]],'List source'!D$2:E$60,2,FALSE) -> 191 | C12: 011 | D12: ="PTO" & C12 & "-" & B12 & "-" & "24" -> PTO011-191-24 | E12: PT: ETOH2308; D5501 - Methanol, By GC, Z-Score = 2.45 | F12: {=MID(LEFT(Table27[[#This Row],[BRIEF DESCRIPTION OF NC if VOID: "VOID, Location, details (initials, date)"]], INDEX(_xlfn._xlws.FILTER(ROW(INDIRECT("1:" & LEN(Table27[[#This Row],[BRIEF DESCRIPTION OF NC if VOID: "VOID, Location, details (initials, date)"]]))), (48 <= CODE(MID(Table27[[#This Row],[BRIEF DESCRIPTION OF NC if VOID: "VOID, Location, details (initials, date)"]], ROW(INDIRECT("1:" & LEN(Table27[[#This Row],[BRIEF DESCRIPTION OF NC if VOID: "VOID, Location, details (initials, date)"]]))), 1))) * (CODE(MID(Table27[[#This Row],[BRIEF DESCRIPTION OF NC if VOID: "VOID, Location, details (initials, date)"]], ROW(INDIRECT("1:" & LEN(Table27[[#This Row],[BRIEF DESCRIPTION OF NC if VOID: "VOID, Location, details (initials, date)"]]))), 1)) <= 57)), 1) - 1), FIND(":", Table27[[#This Row],[BRIEF DESCRIPTION OF NC if VOID: "VOID, Location, details (initials, date)"]]) + 2, LEN(Table27[[#This Row],[BRIEF DESCRIPTION OF NC if VOID: "VOID, Location, details (initials, date)"]]))} -> ETOH | G12: =MID(LEFT(Table27[[#This Row],[BRIEF DESCRIPTION OF NC if VOID: "VOID, Location, details (initials, date)"]], FIND(",", Table27[[#This Row],[BRIEF DESCRIPTION OF NC if VOID: "VOID, Location, details (initials, date)"]]) - 1), FIND("{token}", SUBSTITUTE(Table27[[#This Row],[BRIEF DESCRIPTION OF NC if VOID: "VOID, Location, details (initials, date)"]], " ", "{token}", 2)) + 1, LEN(Table27[[#This Row],[BRIEF DESCRIPTION OF NC if VOID: "VOID, Location, details (initials, date)"]])) -> D5501 - Methanol | H12: 2.45 | I12: 45301 | J12: LJ | K12: 45422 | M12: 11 | N12: =IF(ISBLANK(K12), TODAY()-(I12), "CLOSED") -> CLOSED
A13: Montreal, QC | B13: =VLOOKUP(Table27[[#This Row],[Location (drop-down)]],'List source'!D$2:E$60,2,FALSE) -> 197 | C13: 012 | D13: ="PTO" & C13 & "-" & B13 & "-" & "24" -> PTO012-197-24 | E13: PT: ETOH2308; D5501 - Ethanol, By GC, Z-Score = 2.95 | F13: {=MID(LEFT(Table27[[#This Row],[BRIEF DESCRIPTION OF NC if VOID: "VOID, Location, details (initials, date)"]], INDEX(_xlfn._xlws.FILTER(ROW(INDIRECT("1:" & LEN(Table27[[#This Row],[BRIEF DESCRIPTION OF NC if VOID: "VOID, Location, details (initials, date)"]]))), (48 <= CODE(MID(Table27[[#This Row],[BRIEF DESCRIPTION OF NC if VOID: "VOID, Location, details (initials, date)"]], ROW(INDIRECT("1:" & LEN(Table27[[#This Row],[BRIEF DESCRIPTION OF NC if VOID: "VOID, Location, details (initials, date)"]]))), 1))) * (CODE(MID(Table27[[#This Row],[BRIEF DESCRIPTION OF NC if VOID: "VOID, Location, details (initials, date)"]], ROW(INDIRECT("1:" & LEN(Table27[[#This Row],[BRIEF DESCRIPTION OF NC if VOID: "VOID, Location, details (initials, date)"]]))), 1)) <= 57)), 1) - 1), FIND(":", Table27[[#This Row],[BRIEF DESCRIPTION OF NC if VOID: "VOID, Location, details (initials, date)"]]) + 2, LEN(Table27[[#This Row],[BRIEF DESCRIPTION OF NC if VOID: "VOID, Location, details (initials, date)"]]))} -> ETOH | G13: =MID(LEFT(Table27[[#This Row],[BRIEF DESCRIPTION OF NC if VOID: "VOID, Location, details (initials, date)"]], FIND(",", Table27[[#This Row],[BRIEF DESCRIPTION OF NC if VOID: "VOID, Location, details (initials, date)"]]) - 1), FIND("{token}", SUBSTITUTE(Table27[[#This Row],[BRIEF DESCRIPTION OF NC if VOID: "VOID, Location, details (initials, date)"]], " ", "{token}", 2)) + 1, LEN(Table27[[#This Row],[BRIEF DESCRIPTION OF NC if VOID: "VOID, Location, details (initials, date)"]])) -> D5501 - Ethanol | H13: 2.95 | I13: 45301 | J13: KA | K13: 45657 | M13: 12 | N13: =IF(ISBLANK(K13), TODAY()-(I13), "CLOSED") -> CLOSED
A14: Montreal, QC | B14: =VLOOKUP(Table27[[#This Row],[Location (drop-down)]],'List source'!D$2:E$60,2,FALSE) -> 197 | C14: 013 | D14: ="PTO" & C14 & "-" & B14 & "-" & "24" -> PTO013-197-24 | E14: PT: ETOH2308; E1064 - Water, by Coul KF, Z-Score = 11.49 | F14: {=MID(LEFT(Table27[[#This Row],[BRIEF DESCRIPTION OF NC if VOID: "VOID, Location, details (initials, date)"]], INDEX(_xlfn._xlws.FILTER(ROW(INDIRECT("1:" & LEN(Table27[[#This Row],[BRIEF DESCRIPTION OF NC if VOID: "VOID, Location, details (initials, date)"]]))), (48 <= CODE(MID(Table27[[#This Row],[BRIEF DESCRIPTION OF NC if VOID: "VOID, Location, details (initials, date)"]], ROW(INDIRECT("1:" & LEN(Table27[[#This Row],[BRIEF DESCRIPTION OF NC if VOID: "VOID, Location, details (initials, date)"]]))), 1))) * (CODE(MID(Table27[[#This Row],[BRIEF DESCRIPTION OF NC if VOID: "VOID, Location, details (initials, date)"]], ROW(INDIRECT("1:" & LEN(Table27[[#This Row],[BRIEF DESCRIPTION OF NC if VOID: "VOID, Location, details (initials, date)"]]))), 1)) <= 57)), 1) - 1), FIND(":", Table27[[#This Row],[BRIEF DESCRIPTION OF NC if VOID: "VOID, Location, details (initials, date)"]]) + 2, LEN(Table27[[#This Row],[BRIEF DESCRIPTION OF NC if VOID: "VOID, Location, details (initials, date)"]]))} -> ETOH | G14: =MID(LEFT(Table27[[#This Row],[BRIEF DESCRIPTION OF NC if VOID: "VOID, Location, details (initials, date)"]], FIND(",", Table27[[#This Row],[BRIEF DESCRIPTION OF NC if VOID: "VOID, Location, details (initials, date)"]]) - 1), FIND("{token}", SUBSTITUTE(Table27[[#This Row],[BRIEF DESCRIPTION OF NC if VOID: "VOID, Location, details (initials, date)"]], " ", "{token}", 2)) + 1, LEN(Table27[[#This Row],[BRIEF DESCRIPTION OF NC if VOID: "VOID, Location, details (initials, date)"]])) -> E1064 - Water | H14: 11.49 | I14: 45301 | J14: KA | K14: 45601 | M14: 13 | N14: =IF(ISBLANK(K14), TODAY()-(I14), "CLOSED") -> CLOSED
A15: Collins (Purvis), MS | B15: =VLOOKUP(Table27[[#This Row],[Location (drop-down)]],'List source'!D$2:E$60,2,FALSE) -> 115 | C15: 014 | D15: ="PTO" & C15 & "-" & B15 & "-" & "24" -> PTO014-115-24 | E15: PT: CE511; D86 - Distillation, Auto, 20% , Z-Score = 3.46 | F15: {=MID(LEFT(Table27[[#This Row],[BRIEF DESCRIPTION OF NC if VOID: "VOID, Location, details (initials, date)"]], INDEX(_xlfn._xlws.FILTER(ROW(INDIRECT("1:" & LEN(Table27[[#This Row],[BRIEF DESCRIPTION OF NC if VOID: "VOID, Location, details (initials, date)"]]))), (48 <= CODE(MID(Table27[[#This Row],[BRIEF DESCRIPTION OF NC if VOID: "VOID, Location, details (initials, date)"]], ROW(INDIRECT("1:" & LEN(Table27[[#This Row],[BRIEF DESCRIPTION OF NC if VOID: "VOID, Location, details (initials, date)"]]))), 1))) * (CODE(MID(Table27[[#This Row],[BRIEF DESCRIPTION OF NC if VOID: "VOID, Location, details (initials, date)"]], ROW(INDIRECT("1:" & LEN(Table27[[#This Row],[BRIEF DESCRIPTION OF NC if VOID: "VOID, Location, details (initials, date)"]]))), 1)) <= 57)), 1) - 1), FIND(":", Table27[[#This Row],[BRIEF DESCRIPTION OF NC if VOID: "VOID, Location, details (initials, date)"]]) + 2, LEN(Table27[[#This Row],[BRIEF DESCRIPTION OF NC if VOID: "VOID, Location, details (initials, date)"]]))} -> CE | G15: =MID(LEFT(Table27[[#This Row],[BRIEF DESCRIPTION OF NC if VOID: "VOID, Location, details (initials, date)"]], FIND(",", Table27[[#This Row],[BRIEF DESCRIPTION OF NC if VOID: "VOID, Location, details (initials, date)"]]) - 1), FIND("{token}", SUBSTITUTE(Table27[[#This Row],[BRIEF DESCRIPTION OF NC if VOID: "VOID, Location, details (initials, date)"]], " ", "{token}", 2)) + 1, LEN(Table27[[#This Row],[BRIEF DESCRIPTION OF NC if VOID: "VOID, Location, details (initials, date)"]])) -> D86 - Distillation | H15: 3.46 | I15: 45301 | J15: JN | K15: 45303 | L15: Confirmed Transcription Error. | M15: 14 | N15: =IF(ISBLANK(K15), TODAY()-(I15), "CLOSED") -> CLOSED
A16: Chicago, IL | B16: =VLOOKUP(Table27[[#This Row],[Location (drop-down)]],'List source'!D$2:E$60,2,FALSE) -> 136 | C16: 015 | D16: ="PTO" & C16 & "-" & B16 & "-" & "24" -> PTO015-136-24 | E16: PT: CE511; D5453 - Sulfur, by UVF | F16: {=MID(LEFT(Table27[[#This Row],[BRIEF DESCRIPTION OF NC if VOID: "VOID, Location, details (initials, date)"]], INDEX(_xlfn._xlws.FILTER(ROW(INDIRECT("1:" & LEN(Table27[[#This Row],[BRIEF DESCRIPTION OF NC if VOID: "VOID, Location, details (initials, date)"]]))), (48 <= CODE(MID(Table27[[#This Row],[BRIEF DESCRIPTION OF NC if VOID: "VOID, Location, details (initials, date)"]], ROW(INDIRECT("1:" & LEN(Table27[[#This Row],[BRIEF DESCRIPTION OF NC if VOID: "VOID, Location, details (initials, date)"]]))), 1))) * (CODE(MID(Table27[[#This Row],[BRIEF DESCRIPTION OF NC if VOID: "VOID, Location, details (initials, date)"]], ROW(INDIRECT("1:" & LEN(Table27[[#This Row],[BRIEF DESCRIPTION OF NC if VOID: "VOID, Location, details (initials, date)"]]))), 1)) <= 57)), 1) - 1), FIND(":", Table27[[#This Row],[BRIEF DESCRIPTION OF NC if VOID: "VOID, Location, details (initials, date)"]]) + 2, LEN(Table27[[#This Row],[BRIEF DESCRIPTION OF NC if VOID: "VOID, Location, details (initials, date)"]]))} -> CE | G16: =MID(LEFT(Table27[[#This Row],[BRIEF DESCRIPTION OF NC if VOID: "VOID, Location, details (initials, date)"]], FIND(",", Table27[[#This Row],[BRIEF DESCRIPTION OF NC if VOID: "VOID, Location, details (initials, date)"]]) - 1), FIND("{token}", SUBSTITUTE(Table27[[#This Row],[BRIEF DESCRIPTION OF NC if VOID: "VOID, Location, details (initials, date)"]], " ", "{token}", 2)) + 1, LEN(Table27[[#This Row],[BRIEF DESCRIPTION OF NC if VOID: "VOID, Location, details (initials, date)"]])) -> D5453 - Sulfur | H16: 2.13 | I16: 45301 | J16: JN | K16: 45301 | L16: Meets both the precision performance and reproducibility criteria. | M16: 15 | N16: =IF(ISBLANK(K16), TODAY()-(I16), "CLOSED") -> CLOSED
A17: Chicago, IL | B17: =VLOOKUP(Table27[[#This Row],[Location (drop-down)]],'List source'!D$2:E$60,2,FALSE) -> 136 | C17: 016 | D17: ="PTO" & C17 & "-" & B17 & "-" & "24" -> PTO016-136-24 | E17: PT: CE511; D5188 - V/L Temp, Z-Score = -2.50 | F17: {=MID(LEFT(Table27[[#This Row],[BRIEF DESCRIPTION OF NC if VOID: "VOID, Location, details (initials, date)"]], INDEX(_xlfn._xlws.FILTER(ROW(INDIRECT("1:" & LEN(Table27[[#This Row],[BRIEF DESCRIPTION OF NC if VOID: "VOID, Location, details (initials, date)"]]))), (48 <= CODE(MID(Table27[[#This Row],[BRIEF DESCRIPTION OF NC if VOID: "VOID, Location, details (initials, date)"]], ROW(INDIRECT("1:" & LEN(Table27[[#This Row],[BRIEF DESCRIPTION OF NC if VOID: "VOID, Location, details (initials, date)"]]))), 1))) * (CODE(MID(Table27[[#This Row],[BRIEF DESCRIPTION OF NC if VOID: "VOID, Location, details (initials, date)"]], ROW(INDIRECT("1:" & LEN(Table27[[#This Row],[BRIEF DESCRIPTION OF NC if VOID: "VOID, Location, details (initials, date)"]]))), 1)) <= 57)), 1) - 1), FIND(":", Table27[[#This Row],[BRIEF DESCRIPTION OF NC if VOID: "VOID, Location, details (initials, date)"]]) + 2, LEN(Table27[[#This Row],[BRIEF DESCRIPTION OF NC if VOID: "VOID, Location, details (initials, date)"]]))} -> CE | G17: =MID(LEFT(Table27[[#This Row],[BRIEF DESCRIPTION OF NC if VOID: "VOID, Location, details (initials, date)"]], FIND(",", Table27[[#This Row],[BRIEF DESCRIPTION OF NC if VOID: "VOID, Location, details (initials, date)"]]) - 1), FIND("{token}", SUBSTITUTE(Table27[[#This Row],[BRIEF DESCRIPTION OF NC if VOID: "VOID, Location, details (initials, date)"]], " ", "{token}", 2)) + 1, LEN(Table27[[#This Row],[BRIEF DESCRIPTION OF NC if VOID: "VOID, Location, details (initials, date)"]])) -> D5188 - V/L Temp | H17: -2.5 | I17: 45301 | J17: LJ | K17: 45315 | M17: 16 | N17: =IF(ISBLANK(K17), TODAY()-(I17), "CLOSED") -> CLOSED
A18: Memphis, TN | B18: =VLOOKUP(Table27[[#This Row],[Location (drop-down)]],'List source'!D$2:E$60,2,FALSE) -> 191 | C18: 017 | D18: ="PTO" & C18 & "-" & B18 & "-" & "24" -> PTO017-191-24 | E18: PT: CE511; D3606 - Benzene, Z-Score = -3.01 | F18: {=MID(LEFT(Table27[[#This Row],[BRIEF DESCRIPTION OF NC if VOID: "VOID, Location, details (initials, date)"]], INDEX(_xlfn._xlws.FILTER(ROW(INDIRECT("1:" & LEN(Table27[[#This Row],[BRIEF DESCRIPTION OF NC if VOID: "VOID, Location, details (initials, date)"]]))), (48 <= CODE(MID(Table27[[#This Row],[BRIEF DESCRIPTION OF NC if VOID: "VOID, Location, details (initials, date)"]], ROW(INDIRECT("1:" & LEN(Table27[[#This Row],[BRIEF DESCRIPTION OF NC if VOID: "VOID, Location, details (initials, date)"]]))), 1))) * (CODE(MID(Table27[[#This Row],[BRIEF DESCRIPTION OF NC if VOID: "VOID, Location, details (initials, date)"]], ROW(INDIRECT("1:" & LEN(Table27[[#This Row],[BRIEF DESCRIPTION OF NC if VOID: "VOID, Location, details (initials, date)"]]))), 1)) <= 57)), 1) - 1), FIND(":", Table27[[#This Row],[BRIEF DESCRIPTION OF NC if VOID: "VOID, Location, details (initials, date)"]]) + 2, LEN(Table27[[#This Row],[BRIEF DESCRIPTION OF NC if VOID: "VOID, Location, details (initials, date)"]]))} -> CE | G18: =MID(LEFT(Table27[[#This Row],[BRIEF DESCRIPTION OF NC if VOID: "VOID, Location, details (initials, date)"]], FIND(",", Table27[[#This Row],[BRIEF DESCRIPTION OF NC if VOID: "VOID, Location, details (initials, date)"]]) - 1), FIND("{token}", SUBSTITUTE(Table27[[#This Row],[BRIEF DESCRIPTION OF NC if VOID: "VOID, Location, details (initials, date)"]], " ", "{token}", 2)) + 1, LEN(Table27[[#This Row],[BRIEF DESCRIPTION OF NC if VOID: "VOID, Location, details (initials, date)"]])) -> D3606 - Benzene | H18: -3.01 | I18: 45301 | J18: LJ | K18: 45595 | M18: 17 | N18: =IF(ISBLANK(K18), TODAY()-(I18), "CLOSED") -> CLOSED
A19: Collins (Purvis), MS | B19: =VLOOKUP(Table27[[#This Row],[Location (drop-down)]],'List source'!D$2:E$60,2,FALSE) -> 115 | C19: 018 | D19: ="PTO" & C19 & "-" & B19 & "-" & "24" -> PTO018-115-24 | E19: PT: CE512; D86 - Distillation, Auto, 30%, 40%, 50%, & E200 | F19: {=MID(LEFT(Table27[[#This Row],[BRIEF DESCRIPTION OF NC if VOID: "VOID, Location, details (initials, date)"]], INDEX(_xlfn._xlws.FILTER(ROW(INDIRECT("1:" & LEN(Table27[[#This Row],[BRIEF DESCRIPTION OF NC if VOID: "VOID, Location, details (initials, date)"]]))), (48 <= CODE(MID(Table27[[#This Row],[BRIEF DESCRIPTION OF NC if VOID: "VOID, Location, details (initials, date)"]], ROW(INDIRECT("1:" & LEN(Table27[[#This Row],[BRIEF DESCRIPTION OF NC if VOID: "VOID, Location, details (initials, date)"]]))), 1))) * (CODE(MID(Table27[[#This Row],[BRIEF DESCRIPTION OF NC if VOID: "VOID, Location, details (initials, date)"]], ROW(INDIRECT("1:" & LEN(Table27[[#This Row],[BRIEF DESCRIPTION OF NC if VOID: "VOID, Location, details (initials, date)"]]))), 1)) <= 57)), 1) - 1), FIND(":", Table27[[#This Row],[BRIEF DESCRIPTION OF NC if VOID: "VOID, Location, details (initials, date)"]]) + 2, LEN(Table27[[#This Row],[BRIEF DESCRIPTION OF NC if VOID: "VOID, Location, details (initials, date)"]]))} -> CE | G19: =MID(LEFT(Table27[[#This Row],[BRIEF DESCRIPTION OF NC if VOID: "VOID, Location, details (initials, date)"]], FIND(",", Table27[[#This Row],[BRIEF DESCRIPTION OF NC if VOID: "VOID, Location, details (initials, date)"]]) - 1), FIND("{token}", SUBSTITUTE(Table27[[#This Row],[BRIEF DESCRIPTION OF NC if VOID: "VOID, Location, details (initials, date)"]], " ", "{token}", 2)) + 1, LEN(Table27[[#This Row],[BRIEF DESCRIPTION OF NC if VOID: "VOID, Location, details (initials, date)"]])) -> D86 - Distillation | H19: 2.28, 2.38, 2.01, & -2.52 | I19: 45302 | J19: JN | K19: 45302 | L19: Meets both the precision performance and reproducibility criteria. | M19: 18 | N19: =IF(ISBLANK(K19), TODAY()-(I19), "CLOSED") -> CLOSED
A20: Collins (Purvis), MS | B20: =VLOOKUP(Table27[[#This Row],[Location (drop-down)]],'List source'!D$2:E$60,2,FALSE) -> 115 | C20: 019 | D20: ="PTO" & C20 & "-" & B20 & "-" & "24" -> PTO019-115-24 | E20: PT: CE512; D2699 - Research Octane Number, Z-Score = 2.45 | F20: {=MID(LEFT(Table27[[#This Row],[BRIEF DESCRIPTION OF NC if VOID: "VOID, Location, details (initials, date)"]], INDEX(_xlfn._xlws.FILTER(ROW(INDIRECT("1:" & LEN(Table27[[#This Row],[BRIEF DESCRIPTION OF NC if VOID: "VOID, Location, details (initials, date)"]]))), (48 <= CODE(MID(Table27[[#This Row],[BRIEF DESCRIPTION OF NC if VOID: "VOID, Location, details (initials, date)"]], ROW(INDIRECT("1:" & LEN(Table27[[#This Row],[BRIEF DESCRIPTION OF NC if VOID: "VOID, Location, details (initials, date)"]]))), 1))) * (CODE(MID(Table27[[#This Row],[BRIEF DESCRIPTION OF NC if VOID: "VOID, Location, details (initials, date)"]], ROW(INDIRECT("1:" & LEN(Table27[[#This Row],[BRIEF DESCRIPTION OF NC if VOID: "VOID, Location, details (initials, date)"]]))), 1)) <= 57)), 1) - 1), FIND(":", Table27[[#This Row],[BRIEF DESCRIPTION OF NC if VOID: "VOID, Location, details (initials, date)"]]) + 2, LEN(Table27[[#This Row],[BRIEF DESCRIPTION OF NC if VOID: "VOID, Location, details (initials, date)"]]))} -> CE | G20: =MID(LEFT(Table27[[#This Row],[BRIEF DESCRIPTION OF NC if VOID: "VOID, Location, details (initials, date)"]], FIND(",", Table27[[#This Row],[BRIEF DESCRIPTION OF NC if VOID: "VOID, Location, details (initials, date)"]]) - 1), FIND("{token}", SUBSTITUTE(Table27[[#This Row],[BRIEF DESCRIPTION OF NC if VOID: "VOID, Location, details (initials, date)"]], " ", "{token}", 2)) + 1, LEN(Table27[[#This Row],[BRIEF DESCRIPTION OF NC if VOID: "VOID, Location, details (initials, date)"]])) -> D2699 - Research Octane Number | H20: 2.45 | I20: 45302 | J20: JN | K20: 45303 | L20: Confirmed Transcription Error. | M20: 19 | N20: =IF(ISBLANK(K20), TODAY()-(I20), "CLOSED") -> CLOSED
A21: Chicago, IL | B21: =VLOOKUP(Table27[[#This Row],[Location (drop-down)]],'List source'!D$2:E$60,2,FALSE) -> 136 | C21: 020 | D21: ="PTO" & C21 & "-" & B21 & "-" & "24" -> PTO020-136-24 | E21: PT: CE512; D86 - Distillation, Auto, 80% , Z-Score = -6.32 | F21: {=MID(LEFT(Table27[[#This Row],[BRIEF DESCRIPTION OF NC if VOID: "VOID, Location, details (initials, date)"]], INDEX(_xlfn._xlws.FILTER(ROW(INDIRECT("1:" & LEN(Table27[[#This Row],[BRIEF DESCRIPTION OF NC if VOID: "VOID, Location, details (initials, date)"]]))), (48 <= CODE(MID(Table27[[#This Row],[BRIEF DESCRIPTION OF NC if VOID: "VOID, Location, details (initials, date)"]], ROW(INDIRECT("1:" & LEN(Table27[[#This Row],[BRIEF DESCRIPTION OF NC if VOID: "VOID, Location, details (initials, date)"]]))), 1))) * (CODE(MID(Table27[[#This Row],[BRIEF DESCRIPTION OF NC if VOID: "VOID, Location, details (initials, date)"]], ROW(INDIRECT("1:" & LEN(Table27[[#This Row],[BRIEF DESCRIPTION OF NC if VOID: "VOID, Location, details (initials, date)"]]))), 1)) <= 57)), 1) - 1), FIND(":", Table27[[#This Row],[BRIEF DESCRIPTION OF NC if VOID: "VOID, Location, details (initials, date)"]]) + 2, LEN(Table27[[#This Row],[BRIEF DESCRIPTION OF NC if VOID: "VOID, Location, details (initials, date)"]]))} -> CE | G21: =MID(LEFT(Table27[[#This Row],[BRIEF DESCRIPTION OF NC if VOID: "VOID, Location, details (initials, date)"]], FIND(",", Table27[[#This Row],[BRIEF DESCRIPTION OF NC if VOID: "VOID, Location, details (initials, date)"]]) - 1), FIND("{token}", SUBSTITUTE(Table27[[#This Row],[BRIEF DESCRIPTION OF NC if VOID: "VOID, Location, details (initials, date)"]], " ", "{token}", 2)) + 1, LEN(Table27[[#This Row],[BRIEF DESCRIPTION OF NC if VOID: "VOID, Location, details (initials, date)"]])) -> D86 - Distillation | H21: -6.32 | I21: 45302 | J21: LJ | K21: 45371 | M21: 20 | N21: =IF(ISBLANK(K21), TODAY()-(I21), "CLOSED") -> CLOSED
A22: Mobile, AL | B22: =VLOOKUP(Table27[[#This Row],[Location (drop-down)]],'List source'!D$2:E$60,2,FALSE) -> 146 | C22: 021 | D22: ="PTO" & C22 & "-" & B22 & "-" & "24" -> PTO021-146-24 | E22: PT: CE512; D4052 - API, | F22: {=MID(LEFT(Table27[[#This Row],[BRIEF DESCRIPTION OF NC if VOID: "VOID, Location, details (initials, date)"]], INDEX(_xlfn._xlws.FILTER(ROW(INDIRECT("1:" & LEN(Table27[[#This Row],[BRIEF DESCRIPTION OF NC if VOID: "VOID, Location, details (initials, date)"]]))), (48 <= CODE(MID(Table27[[#This Row],[BRIEF DESCRIPTION OF NC if VOID: "VOID, Location, details (initials, date)"]], ROW(INDIRECT("1:" & LEN(Table27[[#This Row],[BRIEF DESCRIPTION OF NC if VOID: "VOID, Location, details (initials, date)"]]))), 1))) * (CODE(MID(Table27[[#This Row],[BRIEF DESCRIPTION OF NC if VOID: "VOID, Location, details (initials, date)"]], ROW(INDIRECT("1:" & LEN(Table27[[#This Row],[BRIEF DESCRIPTION OF NC if VOID: "VOID, Location, details (initials, date)"]]))), 1)) <= 57)), 1) - 1), FIND(":", Table27[[#This Row],[BRIEF DESCRIPTION OF NC if VOID: "VOID, Location, details (initials, date)"]]) + 2, LEN(Table27[[#This Row],[BRIEF DESCRIPTION OF NC if VOID: "VOID, Location, details (initials, date)"]]))} -> CE | G22: =MID(LEFT(Table27[[#This Row],[BRIEF DESCRIPTION OF NC if VOID: "VOID, Location, details (initials, date)"]], FIND(",", Table27[[#This Row],[BRIEF DESCRIPTION OF NC if VOID: "VOID, Location, details (initials, date)"]]) - 1), FIND("{token}", SUBSTITUTE(Table27[[#This Row],[BRIEF DESCRIPTION OF NC if VOID: "VOID, Location, details (initials, date)"]], " ", "{token}", 2)) + 1, LEN(Table27[[#This Row],[BRIEF DESCRIPTION OF NC if VOID: "VOID, Location, details (initials, date)"]])) -> D4052 - API | H22: 2.16 | I22: 45302 | J22: JN | K22: 45302 | L22: Meets both the precision performance and reproducibility criteria. | M22: 21 | N22: =IF(ISBLANK(K22), TODAY()-(I22), "CLOSED") -> CLOSED
A23: New Orleans (Destrehan), LA | B23: =VLOOKUP(Table27[[#This Row],[Location (drop-down)]],'List source'!D$2:E$60,2,FALSE) -> 170 | C23: 022 | D23: ="PTO" & C23 & "-" & B23 & "-" & "24" -> PTO022-170-24 | E23: PT: CE512; D86 - Distillation, Auto, 95%, Recovery, & Residue | F23: {=MID(LEFT(Table27[[#This Row],[BRIEF DESCRIPTION OF NC if VOID: "VOID, Location, details (initials, date)"]], INDEX(_xlfn._xlws.FILTER(ROW(INDIRECT("1:" & LEN(Table27[[#This Row],[BRIEF DESCRIPTION OF NC if VOID: "VOID, Location, details (initials, date)"]]))), (48 <= CODE(MID(Table27[[#This Row],[BRIEF DESCRIPTION OF NC if VOID: "VOID, Location, details (initials, date)"]], ROW(INDIRECT("1:" & LEN(Table27[[#This Row],[BRIEF DESCRIPTION OF NC if VOID: "VOID, Location, details (initials, date)"]]))), 1))) * (CODE(MID(Table27[[#This Row],[BRIEF DESCRIPTION OF NC if VOID: "VOID, Location, details (initials, date)"]], ROW(INDIRECT("1:" & LEN(Table27[[#This Row],[BRIEF DESCRIPTION OF NC if VOID: "VOID, Location, details (initials, date)"]]))), 1)) <= 57)), 1) - 1), FIND(":", Table27[[#This Row],[BRIEF DESCRIPTION OF NC if VOID: "VOID, Location, details (initials, date)"]]) + 2, LEN(Table27[[#This Row],[BRIEF DESCRIPTION OF NC if VOID: "VOID, Location, details (initials, date)"]]))} -> CE | G23: =MID(LEFT(Table27[[#This Row],[BRIEF DESCRIPTION OF NC if VOID: "VOID, Location, details (initials, date)"]], FIND(",", Table27[[#This Row],[BRIEF DESCRIPTION OF NC if VOID: "VOID, Location, details (initials, date)"]]) - 1), FIND("{token}", SUBSTITUTE(Table27[[#This Row],[BRIEF DESCRIPTION OF NC if VOID: "VOID, Location, details (initials, date)"]], " ", "{token}", 2)) + 1, LEN(Table27[[#This Row],[BRIEF DESCRIPTION OF NC if VOID: "VOID, Location, details (initials, date)"]])) -> D86 - Distillation | H23: -2.01, 2.13, & -2.31 | I23: 45302 | J23: JN | K23: 45302 | L23: Meets both the precision performance and reproducibility criteria. | M23: 22 | N23: =IF(ISBLANK(K23), TODAY()-(I23), "CLOSED") -> CLOSED
A24: New Orleans (Destrehan), LA | B24: =VLOOKUP(Table27[[#This Row],[Location (drop-down)]],'List source'!D$2:E$60,2,FALSE) -> 170 | C24: 023 | D24: ="PTO" & C24 & "-" & B24 & "-" & "24" -> PTO023-170-24 | E24: PT: CE512; D5580 - C9+ Aromatics, | F24: {=MID(LEFT(Table27[[#This Row],[BRIEF DESCRIPTION OF NC if VOID: "VOID, Location, details (initials, date)"]], INDEX(_xlfn._xlws.FILTER(ROW(INDIRECT("1:" & LEN(Table27[[#This Row],[BRIEF DESCRIPTION OF NC if VOID: "VOID, Location, details (initials, date)"]]))), (48 <= CODE(MID(Table27[[#This Row],[BRIEF DESCRIPTION OF NC if VOID: "VOID, Location, details (initials, date)"]], ROW(INDIRECT("1:" & LEN(Table27[[#This Row],[BRIEF DESCRIPTION OF NC if VOID: "VOID, Location, details (initials, date)"]]))), 1))) * (CODE(MID(Table27[[#This Row],[BRIEF DESCRIPTION OF NC if VOID: "VOID, Location, details (initials, date)"]], ROW(INDIRECT("1:" & LEN(Table27[[#This Row],[BRIEF DESCRIPTION OF NC if VOID: "VOID, Location, details (initials, date)"]]))), 1)) <= 57)), 1) - 1), FIND(":", Table27[[#This Row],[BRIEF DESCRIPTION OF NC if VOID: "VOID, Location, details (initials, date)"]]) + 2, LEN(Table27[[#This Row],[BRIEF DESCRIPTION OF NC if VOID: "VOID, Location, details (initials, date)"]]))} -> CE | G24: =MID(LEFT(Table27[[#This Row],[BRIEF DESCRIPTION OF NC if VOID: "VOID, Location, details (initials, date)"]], FIND(",", Table27[[#This Row],[BRIEF DESCRIPTION OF NC if VOID: "VOID, Location, details (initials, date)"]]) - 1), FIND("{token}", SUBSTITUTE(Table27[[#This Row],[BRIEF DESCRIPTION OF NC if VOID: "VOID, Location, details (initials, date)"]], " ", "{token}", 2)) + 1, LEN(Table27[[#This Row],[BRIEF DESCRIPTION OF NC if VOID: "VOID, Location, details (initials, date)"]])) -> D5580 - C9+ Aromatics | H24: 2.27 | I24: 45302 | J24: JN | K24: 45302 | L24: Meets both the precision performance and reproducibility criteria. | M24: 23 | N24: =IF(ISBLANK(K24), TODAY()-(I24), "CLOSED") -> CLOSED
A25: New Orleans (Destrehan), LA | B25: =VLOOKUP(Table27[[#This Row],[Location (drop-down)]],'List source'!D$2:E$60,2,FALSE) -> 170 | C25: 024 | D25: ="PTO" & C25 & "-" & B25 & "-" & "24" -> PTO024-170-24 | E25: PT: CE512; D2699 - Research Octane Number | F25: {=MID(LEFT(Table27[[#This Row],[BRIEF DESCRIPTION OF NC if VOID: "VOID, Location, details (initials, date)"]], INDEX(_xlfn._xlws.FILTER(ROW(INDIRECT("1:" & LEN(Table27[[#This Row],[BRIEF DESCRIPTION OF NC if VOID: "VOID, Location, details (initials, date)"]]))), (48 <= CODE(MID(Table27[[#This Row],[BRIEF DESCRIPTION OF NC if VOID: "VOID, Location, details (initials, date)"]], ROW(INDIRECT("1:" & LEN(Table27[[#This Row],[BRIEF DESCRIPTION OF NC if VOID: "VOID, Location, details (initials, date)"]]))), 1))) * (CODE(MID(Table27[[#This Row],[BRIEF DESCRIPTION OF NC if VOID: "VOID, Location, details (initials, date)"]], ROW(INDIRECT("1:" & LEN(Table27[[#This Row],[BRIEF DESCRIPTION OF NC if VOID: "VOID, Location, details (initials, date)"]]))), 1)) <= 57)), 1) - 1), FIND(":", Table27[[#This Row],[BRIEF DESCRIPTION OF NC if VOID: "VOID, Location, details (initials, date)"]]) + 2, LEN(Table27[[#This Row],[BRIEF DESCRIPTION OF NC if VOID: "VOID, Location, details (initials, date)"]]))} -> CE | G25: D2699 - Research Octane Number | H25: 2.11 | I25: 45302 | J25: JN | K25: 45302 | L25: Meets both the precision performance and reproducibility criteria. | M25: 24 | N25: =IF(ISBLANK(K25), TODAY()-(I25), "CLOSED") -> CLOSED
A26: Avenel (NYH), NJ | B26: =VLOOKUP(Table27[[#This Row],[Location (drop-down)]],'List source'!D$2:E$60,2,FALSE) -> 110 | C26: 025 | D26: ="PTO" & C26 & "-" & B26 & "-" & "24" -> PTO025-110-24 | E26: PT: RFG2309; D1319 - HC Type, Aromatics, Corrected (EPA), Z-Score = -2.24 | F26: {=MID(LEFT(Table27[[#This Row],[BRIEF DESCRIPTION OF NC if VOID: "VOID, Location, details (initials, date)"]], INDEX(_xlfn._xlws.FILTER(ROW(INDIRECT("1:" & LEN(Table27[[#This Row],[BRIEF DESCRIPTION OF NC if VOID: "VOID, Location, details (initials, date)"]]))), (48 <= CODE(MID(Table27[[#This Row],[BRIEF DESCRIPTION OF NC if VOID: "VOID, Location, details (initials, date)"]], ROW(INDIRECT("1:" & LEN(Table27[[#This Row],[BRIEF DESCRIPTION OF NC if VOID: "VOID, Location, details (initials, date)"]]))), 1))) * (CODE(MID(Table27[[#This Row],[BRIEF DESCRIPTION OF NC if VOID: "VOID, Location, details (initials, date)"]], ROW(INDIRECT("1:" & LEN(Table27[[#This Row],[BRIEF DESCRIPTION OF NC if VOID: "VOID, Location, details (initials, date)"]]))), 1)) <= 57)), 1) - 1), FIND(":", Table27[[#This Row],[BRIEF DESCRIPTION OF NC if VOID: "VOID, Location, details (initials, date)"]]) + 2, LEN(Table27[[#This Row],[BRIEF DESCRIPTION OF NC if VOID: "VOID, Location, details (initials, date)"]]))} -> RFG | G26: =MID(LEFT(Table27[[#This Row],[BRIEF DESCRIPTION OF NC if VOID: "VOID, Location, details (initials, date)"]], FIND(",", Table27[[#This Row],[BRIEF DESCRIPTION OF NC if VOID: "VOID, Location, details (initials, date)"]]) - 1), FIND("{token}", SUBSTITUTE(Table27[[#This Row],[BRIEF DESCRIPTION OF NC if VOID: "VOID, Location, details (initials, date)"]], " ", "{token}", 2)) + 1, LEN(Table27[[#This Row],[BRIEF DESCRIPTION OF NC if VOID: "VOID, Location, details (initials, date)"]])) -> D1319 - HC Type | H26: -2.24 | I26: 45306 | J26: Eco | K26: 45574 | M26: 25 | N26: =IF(ISBLANK(K26), TODAY()-(I26), "CLOSED") -> CLOSED
A27: Ft Lauderdale (Davie), FL | B27: =VLOOKUP(Table27[[#This Row],[Location (drop-down)]],'List source'!D$2:E$60,2,FALSE) -> 125 | C27: 026 | D27: ="PTO" & C27 & "-" & B27 & "-" & "24" -> PTO026-125-24 | E27: PT: RFG2309; D1319 - HC Type, Olefins, Corrected, Z-Score = 11.44 | F27: {=MID(LEFT(Table27[[#This Row],[BRIEF DESCRIPTION OF NC if VOID: "VOID, Location, details (initials, date)"]], INDEX(_xlfn._xlws.FILTER(ROW(INDIRECT("1:" & LEN(Table27[[#This Row],[BRIEF DESCRIPTION OF NC if VOID: "VOID, Location, details (initials, date)"]]))), (48 <= CODE(MID(Table27[[#This Row],[BRIEF DESCRIPTION OF NC if VOID: "VOID, Location, details (initials, date)"]], ROW(INDIRECT("1:" & LEN(Table27[[#This Row],[BRIEF DESCRIPTION OF NC if VOID: "VOID, Location, details (initials, date)"]]))), 1))) * (CODE(MID(Table27[[#This Row],[BRIEF DESCRIPTION OF NC if VOID: "VOID, Location, details (initials, date)"]], ROW(INDIRECT("1:" & LEN(Table27[[#This Row],[BRIEF DESCRIPTION OF NC if VOID: "VOID, Location, details (initials, date)"]]))), 1)) <= 57)), 1) - 1), FIND(":", Table27[[#This Row],[BRIEF DESCRIPTION OF NC if VOID: "VOID, Location, details (initials, date)"]]) + 2, LEN(Table27[[#This Row],[BRIEF DESCRIPTION OF NC if VOID: "VOID, Location, details (initials, date)"]]))} -> RFG | G27: =MID(LEFT(Table27[[#This Row],[BRIEF DESCRIPTION OF NC if VOID: "VOID, Location, details (initials, date)"]], FIND(",", Table27[[#This Row],[BRIEF DESCRIPTION OF NC if VOID: "VOID, Location, details (initials, date)"]]) - 1), FIND("{token}", SUBSTITUTE(Table27[[#This Row],[BRIEF DESCRIPTION OF NC if VOID: "VOID, Location, details (initials, date)"]], " ", "{token}", 2)) + 1, LEN(Table27[[#This Row],[BRIEF DESCRIPTION OF NC if VOID: "VOID, Location, details (initials, date)"]])) -> D1319 - HC Type | H27: 11.44 | I27: 45306 | J27: JP | K27: 45371 | M27: 26 | N27: =IF(ISBLANK(K27), TODAY()-(I27), "CLOSED") -> CLOSED
A28: Tampa, FL | B28: =VLOOKUP(Table27[[#This Row],[Location (drop-down)]],'List source'!D$2:E$60,2,FALSE) -> 126 | C28: 027 | D28: ="PTO" & C28 & "-" & B28 & "-" & "24" -> PTO027-126-24 | E28: PT: RFG2309; D4052 - Density, Digital, 15 °C | F28: {=MID(LEFT(Table27[[#This Row],[BRIEF DESCRIPTION OF NC if VOID: "VOID, Location, details (initials, date)"]], INDEX(_xlfn._xlws.FILTER(ROW(INDIRECT("1:" & LEN(Table27[[#This Row],[BRIEF DESCRIPTION OF NC if VOID: "VOID, Location, details (initials, date)"]]))), (48 <= CODE(MID(Table27[[#This Row],[BRIEF DESCRIPTION OF NC if VOID: "VOID, Location, details (initials, date)"]], ROW(INDIRECT("1:" & LEN(Table27[[#This Row],[BRIEF DESCRIPTION OF NC if VOID: "VOID, Location, details (initials, date)"]]))), 1))) * (CODE(MID(Table27[[#This Row],[BRIEF DESCRIPTION OF NC if VOID: "VOID, Location, details (initials, date)"]], ROW(INDIRECT("1:" & LEN(Table27[[#This Row],[BRIEF DESCRIPTION OF NC if VOID: "VOID, Location, details (initials, date)"]]))), 1)) <= 57)), 1) - 1), FIND(":", Table27[[#This Row],[BRIEF DESCRIPTION OF NC if VOID: "VOID, Location, details (initials, date)"]]) + 2, LEN(Table27[[#This Row],[BRIEF DESCRIPTION OF NC if VOID: "VOID, Location, details (initials, date)"]]))} -> RFG | G28: =MID(LEFT(Table27[[#This Row],[BRIEF DESCRIPTION OF NC if VOID: "VOID, Location, details (initials, date)"]], FIND(",", Table27[[#This Row],[BRIEF DESCRIPTION OF NC if VOID: "VOID, Location, details (initials, date)"]]) - 1), FIND("{token}", SUBSTITUTE(Table27[[#This Row],[BRIEF DESCRIPTION OF NC if VOID: "VOID, Location, details (initials, date)"]], " ", "{token}", 2)) + 1, LEN(Table27[[#This Row],[BRIEF DESCRIPTION OF NC if VOID: "VOID, Location, details (initials, date)"]])) -> D4052 - Density | H28: 2.11 | I28: 45306 | J28: JN | K28: 45306 | L28: Meets both the precision performance and reproducibility criteria. | M28: 27 | N28: =IF(ISBLANK(K28), TODAY()-(I28), "CLOSED") -> CLOSED
A29: Tampa, FL | B29: =VLOOKUP(Table27[[#This Row],[Location (drop-down)]],'List source'!D$2:E$60,2,FALSE) -> 126 | C29: 028 | D29: ="PTO" & C29 & "-" & B29 & "-" & "24" -> PTO028-126-24 | E29: PT: RFG2309; D86 - Distillation, Auto, 50%, 60%, 70%, 80%,°F, E200, E300, & Resid, % (EPA) | F29: {=MID(LEFT(Table27[[#This Row],[BRIEF DESCRIPTION OF NC if VOID: "VOID, Location, details (initials, date)"]], INDEX(_xlfn._xlws.FILTER(ROW(INDIRECT("1:" & LEN(Table27[[#This Row],[BRIEF DESCRIPTION OF NC if VOID: "VOID, Location, details (initials, date)"]]))), (48 <= CODE(MID(Table27[[#This Row],[BRIEF DESCRIPTION OF NC if VOID: "VOID, Location, details (initials, date)"]], ROW(INDIRECT("1:" & LEN(Table27[[#This Row],[BRIEF DESCRIPTION OF NC if VOID: "VOID, Location, details (initials, date)"]]))), 1))) * (CODE(MID(Table27[[#This Row],[BRIEF DESCRIPTION OF NC if VOID: "VOID, Location, details (initials, date)"]], ROW(INDIRECT("1:" & LEN(Table27[[#This Row],[BRIEF DESCRIPTION OF NC if VOID: "VOID, Location, details (initials, date)"]]))), 1)) <= 57)), 1) - 1), FIND(":", Table27[[#This Row],[BRIEF DESCRIPTION OF NC if VOID: "VOID, Location, details (initials, date)"]]) + 2, LEN(Table27[[#This Row],[BRIEF DESCRIPTION OF NC if VOID: "VOID, Location, details (initials, date)"]]))} -> RFG | G29: =MID(LEFT(Table27[[#This Row],[BRIEF DESCRIPTION OF NC if VOID: "VOID, Location, details (initials, date)"]], FIND(",", Table27[[#This Row],[BRIEF DESCRIPTION OF NC if VOID: "VOID, Location, details (initials, date)"]]) - 1), FIND("{token}", SUBSTITUTE(Table27[[#This Row],[BRIEF DESCRIPTION OF NC if VOID: "VOID, Location, details (initials, date)"]], " ", "{token}", 2)) + 1, LEN(Table27[[#This Row],[BRIEF DESCRIPTION OF NC if VOID: "VOID, Location, details (initials, date)"]])) -> D86 - Distillation | H29: Multiple Outliers | I29: 45306 | J29: JN | K29: 45306 | L29: Meets both the precision performance and reproducibility criteria. | M29: 28 | N29: =IF(ISBLANK(K29), TODAY()-(I29), "CLOSED") -> CLOSED
A30: Tampa, FL | B30: =VLOOKUP(Table27[[#This Row],[Location (drop-down)]],'List source'!D$2:E$60,2,FALSE) -> 126 | C30: 029 | D30: ="PTO" & C30 & "-" & B30 & "-" & "24" -> PTO029-126-24 | E30: PT: RFG2309; D1319 - HC Type, Aromatics, Corrected (EPA), Z-Score = 2.14 | F30: {=MID(LEFT(Table27[[#This Row],[BRIEF DESCRIPTION OF NC if VOID: "VOID, Location, details (initials, date)"]], INDEX(_xlfn._xlws.FILTER(ROW(INDIRECT("1:" & LEN(Table27[[#This Row],[BRIEF DESCRIPTION OF NC if VOID: "VOID, Location, details (initials, date)"]]))), (48 <= CODE(MID(Table27[[#This Row],[BRIEF DESCRIPTION OF NC if VOID: "VOID, Location, details (initials, date)"]], ROW(INDIRECT("1:" & LEN(Table27[[#This Row],[BRIEF DESCRIPTION OF NC if VOID: "VOID, Location, details (initials, date)"]]))), 1))) * (CODE(MID(Table27[[#This Row],[BRIEF DESCRIPTION OF NC if VOID: "VOID, Location, details (initials, date)"]], ROW(INDIRECT("1:" & LEN(Table27[[#This Row],[BRIEF DESCRIPTION OF NC if VOID: "VOID, Location, details (initials, date)"]]))), 1)) <= 57)), 1) - 1), FIND(":", Table27[[#This Row],[BRIEF DESCRIPTION OF NC if VOID: "VOID, Location, details (initials, date)"]]) + 2, LEN(Table27[[#This Row],[BRIEF DESCRIPTION OF NC if VOID: "VOID, Location, details (initials, date)"]]))} -> RFG | G30: =MID(LEFT(Table27[[#This Row],[BRIEF DESCRIPTION OF NC if VOID: "VOID, Location, details (initials, date)"]], FIND(",", Table27[[#This Row],[BRIEF DESCRIPTION OF NC if VOID: "VOID, Location, details (initials, date)"]]) - 1), FIND("{token}", SUBSTITUTE(Table27[[#This Row],[BRIEF DESCRIPTION OF NC if VOID: "VOID, Location, details (initials, date)"]], " ", "{token}", 2)) + 1, LEN(Table27[[#This Row],[BRIEF DESCRIPTION OF NC if VOID: "VOID, Location, details (initials, date)"]])) -> D1319 - HC Type | H30: 2.14 | I30: 45306 | J30: JP | K30: 45418 | M30: 29 | N30: =IF(ISBLANK(K30), TODAY()-(I30), "CLOSED") -> CLOSED
A31: Tampa, FL | B31: =VLOOKUP(Table27[[#This Row],[Location (drop-down)]],'List source'!D$2:E$60,2,FALSE) -> 126 | C31: 030 | D31: ="PTO" & C31 & "-" & B31 & "-" & "24" -> PTO030-126-24 | E31: PT: RFG2309; D5191 - Vapor Pressure, DVPE, 1L (EPA) & TVP, Z-Scores = 13.62 & 19.50 | F31: {=MID(LEFT(Table27[[#This Row],[BRIEF DESCRIPTION OF NC if VOID: "VOID, Location, details (initials, date)"]], INDEX(_xlfn._xlws.FILTER(ROW(INDIRECT("1:" & LEN(Table27[[#This Row],[BRIEF DESCRIPTION OF NC if VOID: "VOID, Location, details (initials, date)"]]))), (48 <= CODE(MID(Table27[[#This Row],[BRIEF DESCRIPTION OF NC if VOID: "VOID, Location, details (initials, date)"]], ROW(INDIRECT("1:" & LEN(Table27[[#This Row],[BRIEF DESCRIPTION OF NC if VOID: "VOID, Location, details (initials, date)"]]))), 1))) * (CODE(MID(Table27[[#This Row],[BRIEF DESCRIPTION OF NC if VOID: "VOID, Location, details (initials, date)"]], ROW(INDIRECT("1:" & LEN(Table27[[#This Row],[BRIEF DESCRIPTION OF NC if VOID: "VOID, Location, details (initials, date)"]]))), 1)) <= 57)), 1) - 1), FIND(":", Table27[[#This Row],[BRIEF DESCRIPTION OF NC if VOID: "VOID, Location, details (initials, date)"]]) + 2, LEN(Table27[[#This Row],[BRIEF DESCRIPTION OF NC if VOID: "VOID, Location, details (initials, date)"]]))} -> RFG | G31: =MID(LEFT(Table27[[#This Row],[BRIEF DESCRIPTION OF NC if VOID: "VOID, Location, details (initials, date)"]], FIND(",", Table27[[#This Row],[BRIEF DESCRIPTION OF NC if VOID: "VOID, Location, details (initials, date)"]]) - 1), FIND("{token}", SUBSTITUTE(Table27[[#This Row],[BRIEF DESCRIPTION OF NC if VOID: "VOID, Location, details (initials, date)"]], " ", "{token}", 2)) + 1, LEN(Table27[[#This Row],[BRIEF DESCRIPTION OF NC if VOID: "VOID, Location, details (initials, date)"]])) -> D5191 - Vapor Pressure | H31: 13.62 & 19.50 | I31: 45306 | J31: JP | K31: 45401 | M31: 30 | N31: =IF(ISBLANK(K31), TODAY()-(I31), "CLOSED") -> CLOSED
A32: Chicago, IL | B32: =VLOOKUP(Table27[[#This Row],[Location (drop-down)]],'List source'!D$2:E$60,2,FALSE) -> 136 | C32: 031 | D32: ="PTO" & C32 & "-" & B32 & "-" & "24" -> PTO031-136-24 | E32: PT: RFG2309; D86 - Distillation, Auto, 20%°F (EPA) | F32: {=MID(LEFT(Table27[[#This Row],[BRIEF DESCRIPTION OF NC if VOID: "VOID, Location, details (initials, date)"]], INDEX(_xlfn._xlws.FILTER(ROW(INDIRECT("1:" & LEN(Table27[[#This Row],[BRIEF DESCRIPTION OF NC if VOID: "VOID, Location, details (initials, date)"]]))), (48 <= CODE(MID(Table27[[#This Row],[BRIEF DESCRIPTION OF NC if VOID: "VOID, Location, details (initials, date)"]], ROW(INDIRECT("1:" & LEN(Table27[[#This Row],[BRIEF DESCRIPTION OF NC if VOID: "VOID, Location, details (initials, date)"]]))), 1))) * (CODE(MID(Table27[[#This Row],[BRIEF DESCRIPTION OF NC if VOID: "VOID, Location, details (initials, date)"]], ROW(INDIRECT("1:" & LEN(Table27[[#This Row],[BRIEF DESCRIPTION OF NC if VOID: "VOID, Location, details (initials, date)"]]))), 1)) <= 57)), 1) - 1), FIND(":", Table27[[#This Row],[BRIEF DESCRIPTION OF NC if VOID: "VOID, Location, details (initials, date)"]]) + 2, LEN(Table27[[#This Row],[BRIEF DESCRIPTION OF NC if VOID: "VOID, Location, details (initials, date)"]]))} -> RFG | G32: =MID(LEFT(Table27[[#This Row],[BRIEF DESCRIPTION OF NC if VOID: "VOID, Location, details (initials, date)"]], FIND(",", Table27[[#This Row],[BRIEF DESCRIPTION OF NC if VOID: "VOID, Location, details (initials, date)"]]) - 1), FIND("{token}", SUBSTITUTE(Table27[[#This Row],[BRIEF DESCRIPTION OF NC if VOID: "VOID, Location, details (initials, date)"]], " ", "{token}", 2)) + 1, LEN(Table27[[#This Row],[BRIEF DESCRIPTION OF NC if VOID: "VOID, Location, details (initials, date)"]])) -> D86 - Distillation | H32: 2.05 | I32: 45306 | J32: JN | K32: 45306 | L32: Meets both the precision performance and reproducibility criteria. | M32: 31 | N32: =IF(ISBLANK(K32), TODAY()-(I32), "CLOSED") -> CLOSED
A33: Providence, RI | B33: =VLOOKUP(Table27[[#This Row],[Location (drop-down)]],'List source'!D$2:E$60,2,FALSE) -> 140 | C33: 032 | D33: ="PTO" & C33 & "-" & B33 & "-" & "24" -> PTO032-140-24 | E33: PT: RFG2309; D5769 - Toluene, by GC/MS | F33: {=MID(LEFT(Table27[[#This Row],[BRIEF DESCRIPTION OF NC if VOID: "VOID, Location, details (initials, date)"]], INDEX(_xlfn._xlws.FILTER(ROW(INDIRECT("1:" & LEN(Table27[[#This Row],[BRIEF DESCRIPTION OF NC if VOID: "VOID, Location, details (initials, date)"]]))), (48 <= CODE(MID(Table27[[#This Row],[BRIEF DESCRIPTION OF NC if VOID: "VOID, Location, details (initials, date)"]], ROW(INDIRECT("1:" & LEN(Table27[[#This Row],[BRIEF DESCRIPTION OF NC if VOID: "VOID, Location, details (initials, date)"]]))), 1))) * (CODE(MID(Table27[[#This Row],[BRIEF DESCRIPTION OF NC if VOID: "VOID, Location, details (initials, date)"]], ROW(INDIRECT("1:" & LEN(Table27[[#This Row],[BRIEF DESCRIPTION OF NC if VOID: "VOID, Location, details (initials, date)"]]))), 1)) <= 57)), 1) - 1), FIND(":", Table27[[#This Row],[BRIEF DESCRIPTION OF NC if VOID: "VOID, Location, details (initials, date)"]]) + 2, LEN(Table27[[#This Row],[BRIEF DESCRIPTION OF NC if VOID: "VOID, Location, details (initials, date)"]]))} -> RFG | G33: =MID(LEFT(Table27[[#This Row],[BRIEF DESCRIPTION OF NC if VOID: "VOID, Location, details (initials, date)"]], FIND(",", Table27[[#This Row],[BRIEF DESCRIPTION OF NC if VOID: "VOID, Location, details (initials, date)"]]) - 1), FIND("{token}", SUBSTITUTE(Table27[[#This Row],[BRIEF DESCRIPTION OF NC if VOID: "VOID, Location, details (initials, date)"]], " ", "{token}", 2)) + 1, LEN(Table27[[#This Row],[BRIEF DESCRIPTION OF NC if VOID: "VOID, Location, details (initials, date)"]])) -> D5769 - Toluene | H33: -2.2 | I33: 45306 | J33: JN | K33: 45306 | L33: Meets both the precision performance and reproducibility criteria. | M33: 32 | N33: =IF(ISBLANK(K33), TODAY()-(I33), "CLOSED") -> CLOSED
A34: Boston (Everett), MA | B34: =VLOOKUP(Table27[[#This Row],[Location (drop-down)]],'List source'!D$2:E$60,2,FALSE) -> 141 | C34: 033 | D34: ="PTO" & C34 & "-" & B34 & "-" & "24" -> PTO033-141-24 | E34: PT: RFG2309; D1319 - HC Type, Olefins, Corrected (EPA), Z-Score = -2.14 | F34: {=MID(LEFT(Table27[[#This Row],[BRIEF DESCRIPTION OF NC if VOID: "VOID, Location, details (initials, date)"]], INDEX(_xlfn._xlws.FILTER(ROW(INDIRECT("1:" & LEN(Table27[[#This Row],[BRIEF DESCRIPTION OF NC if VOID: "VOID, Location, details (initials, date)"]]))), (48 <= CODE(MID(Table27[[#This Row],[BRIEF DESCRIPTION OF NC if VOID: "VOID, Location, details (initials, date)"]], ROW(INDIRECT("1:" & LEN(Table27[[#This Row],[BRIEF DESCRIPTION OF NC if VOID: "VOID, Location, details (initials, date)"]]))), 1))) * (CODE(MID(Table27[[#This Row],[BRIEF DESCRIPTION OF NC if VOID: "VOID, Location, details (initials, date)"]], ROW(INDIRECT("1:" & LEN(Table27[[#This Row],[BRIEF DESCRIPTION OF NC if VOID: "VOID, Location, details (initials, date)"]]))), 1)) <= 57)), 1) - 1), FIND(":", Table27[[#This Row],[BRIEF DESCRIPTION OF NC if VOID: "VOID, Location, details (initials, date)"]]) + 2, LEN(Table27[[#This Row],[BRIEF DESCRIPTION OF NC if VOID: "VOID, Location, details (initials, date)"]]))} -> RFG | G34: =MID(LEFT(Table27[[#This Row],[BRIEF DESCRIPTION OF NC if VOID: "VOID, Location, details (initials, date)"]], FIND(",", Table27[[#This Row],[BRIEF DESCRIPTION OF NC if VOID: "VOID, Location, details (initials, date)"]]) - 1), FIND("{token}", SUBSTITUTE(Table27[[#This Row],[BRIEF DESCRIPTION OF NC if VOID: "VOID, Location, details (initials, date)"]], " ", "{token}", 2)) + 1, LEN(Table27[[#This Row],[BRIEF DESCRIPTION OF NC if VOID: "VOID, Location, details (initials, date)"]])) -> D1319 - HC Type | H34: -2.14 | I34: 45306 | J34: ECu | K34: 45315 | M34: 33 | N34: =IF(ISBLANK(K34), TODAY()-(I34), "CLOSED") -> CLOSED
A35: Boston (Everett), MA | B35: =VLOOKUP(Table27[[#This Row],[Location (drop-down)]],'List source'!D$2:E$60,2,FALSE) -> 141 | C35: 034 | D35: ="PTO" & C35 & "-" & B35 & "-" & "24" -> PTO034-141-24 | E35: PT: RFG2309; D6550 - HC Type, Olefins, by SFC, Z-Score = -2.86 | F35: {=MID(LEFT(Table27[[#This Row],[BRIEF DESCRIPTION OF NC if VOID: "VOID, Location, details (initials, date)"]], INDEX(_xlfn._xlws.FILTER(ROW(INDIRECT("1:" & LEN(Table27[[#This Row],[BRIEF DESCRIPTION OF NC if VOID: "VOID, Location, details (initials, date)"]]))), (48 <= CODE(MID(Table27[[#This Row],[BRIEF DESCRIPTION OF NC if VOID: "VOID, Location, details (initials, date)"]], ROW(INDIRECT("1:" & LEN(Table27[[#This Row],[BRIEF DESCRIPTION OF NC if VOID: "VOID, Location, details (initials, date)"]]))), 1))) * (CODE(MID(Table27[[#This Row],[BRIEF DESCRIPTION OF NC if VOID: "VOID, Location, details (initials, date)"]], ROW(INDIRECT("1:" & LEN(Table27[[#This Row],[BRIEF DESCRIPTION OF NC if VOID: "VOID, Location, details (initials, date)"]]))), 1)) <= 57)), 1) - 1), FIND(":", Table27[[#This Row],[BRIEF DESCRIPTION OF NC if VOID: "VOID, Location, details (initials, date)"]]) + 2, LEN(Table27[[#This Row],[BRIEF DESCRIPTION OF NC if VOID: "VOID, Location, details (initials, date)"]]))} -> RFG | G35: =MID(LEFT(Table27[[#This Row],[BRIEF DESCRIPTION OF NC if VOID: "VOID, Location, details (initials, date)"]], FIND(",", Table27[[#This Row],[BRIEF DESCRIPTION OF NC if VOID: "VOID, Location, details (initials, date)"]]) - 1), FIND("{token}", SUBSTITUTE(Table27[[#This Row],[BRIEF DESCRIPTION OF NC if VOID: "VOID, Location, details (initials, date)"]], " ", "{token}", 2)) + 1, LEN(Table27[[#This Row],[BRIEF DESCRIPTION OF NC if VOID: "VOID, Location, details (initials, date)"]])) -> D6550 - HC Type | H35: -2.86 | I35: 45306 | J35: ECu | K35: 45315 | M35: 34 | N35: =IF(ISBLANK(K35), TODAY()-(I35), "CLOSED") -> CLOSED
A36: Portland, ME | B36: =VLOOKUP(Table27[[#This Row],[Location (drop-down)]],'List source'!D$2:E$60,2,FALSE) -> 142 | C36: 035 | D36: ="PTO" & C36 & "-" & B36 & "-" & "24" -> PTO035-142-24 | E36: PT: RFG2309; D86 - Distillation, Auto, 90%°F (EPA) | F36: {=MID(LEFT(Table27[[#This Row],[BRIEF DESCRIPTION OF NC if VOID: "VOID, Location, details (initials, date)"]], INDEX(_xlfn._xlws.FILTER(ROW(INDIRECT("1:" & LEN(Table27[[#This Row],[BRIEF DESCRIPTION OF NC if VOID: "VOID, Location, details (initials, date)"]]))), (48 <= CODE(MID(Table27[[#This Row],[BRIEF DESCRIPTION OF NC if VOID: "VOID, Location, details (initials, date)"]], ROW(INDIRECT("1:" & LEN(Table27[[#This Row],[BRIEF DESCRIPTION OF NC if VOID: "VOID, Location, details (initials, date)"]]))), 1))) * (CODE(MID(Table27[[#This Row],[BRIEF DESCRIPTION OF NC if VOID: "VOID, Location, details (initials, date)"]], ROW(INDIRECT("1:" & LEN(Table27[[#This Row],[BRIEF DESCRIPTION OF NC if VOID: "VOID, Location, details (initials, date)"]]))), 1)) <= 57)), 1) - 1), FIND(":", Table27[[#This Row],[BRIEF DESCRIPTION OF NC if VOID: "VOID, Location, details (initials, date)"]]) + 2, LEN(Table27[[#This Row],[BRIEF DESCRIPTION OF NC if VOID: "VOID, Location, details (initials, date)"]]))} -> RFG | G36: =MID(LEFT(Table27[[#This Row],[BRIEF DESCRIPTION OF NC if VOID: "VOID, Location, details (initials, date)"]], FIND(",", Table27[[#This Row],[BRIEF DESCRIPTION OF NC if VOID: "VOID, Location, details (initials, date)"]]) - 1), FIND("{token}", SUBSTITUTE(Table27[[#This Row],[BRIEF DESCRIPTION OF NC if VOID: "VOID, Location, details (initials, date)"]], " ", "{token}", 2)) + 1, LEN(Table27[[#This Row],[BRIEF DESCRIPTION OF NC if VOID: "VOID, Location, details (initials, date)"]])) -> D86 - Distillation | H36: -2.3 | I36: 45306 | J36: JN | K36: 45306 | L36: Meets both the precision performance and reproducibility criteria. | M36: 35 | N36: =IF(ISBLANK(K36), TODAY()-(I36), "CLOSED") -> CLOSED
A37: Savannah, GA / Charleston, SC | B37: =VLOOKUP(Table27[[#This Row],[Location (drop-down)]],'List source'!D$2:E$60,2,FALSE) -> 144 | C37: 036 | D37: ="PTO" & C37 & "-" & B37 & "-" & "24" -> PTO036-144-24 | E37: PT: RFG2309; D86 - Distillation, Auto, 95% & 95%,°F (EPA), & E300 % | F37: {=MID(LEFT(Table27[[#This Row],[BRIEF DESCRIPTION OF NC if VOID: "VOID, Location, details (initials, date)"]], INDEX(_xlfn._xlws.FILTER(ROW(INDIRECT("1:" & LEN(Table27[[#This Row],[BRIEF DESCRIPTION OF NC if VOID: "VOID, Location, details (initials, date)"]]))), (48 <= CODE(MID(Table27[[#This Row],[BRIEF DESCRIPTION OF NC if VOID: "VOID, Location, details (initials, date)"]], ROW(INDIRECT("1:" & LEN(Table27[[#This Row],[BRIEF DESCRIPTION OF NC if VOID: "VOID, Location, details (initials, date)"]]))), 1))) * (CODE(MID(Table27[[#This Row],[BRIEF DESCRIPTION OF NC if VOID: "VOID, Location, details (initials, date)"]], ROW(INDIRECT("1:" & LEN(Table27[[#This Row],[BRIEF DESCRIPTION OF NC if VOID: "VOID, Location, details (initials, date)"]]))), 1)) <= 57)), 1) - 1), FIND(":", Table27[[#This Row],[BRIEF DESCRIPTION OF NC if VOID: "VOID, Location, details (initials, date)"]]) + 2, LEN(Table27[[#This Row],[BRIEF DESCRIPTION OF NC if VOID: "VOID, Location, details (initials, date)"]]))} -> RFG | G37: =MID(LEFT(Table27[[#This Row],[BRIEF DESCRIPTION OF NC if VOID: "VOID, Location, details (initials, date)"]], FIND(",", Table27[[#This Row],[BRIEF DESCRIPTION OF NC if VOID: "VOID, Location, details (initials, date)"]]) - 1), FIND("{token}", SUBSTITUTE(Table27[[#This Row],[BRIEF DESCRIPTION OF NC if VOID: "VOID, Location, details (initials, date)"]], " ", "{token}", 2)) + 1, LEN(Table27[[#This Row],[BRIEF DESCRIPTION OF NC if VOID: "VOID, Location, details (initials, date)"]])) -> D86 - Distillation | H37: -2.36, -2.41, & 2.10 | I37: 45306 | J37: JN | K37: 45306 | L37: Meets both the precision performance and reproducibility criteria. | M37: 36 | N37: =IF(ISBLANK(K37), TODAY()-(I37), "CLOSED") -> CLOSED
A38: New Haven, CT | B38: =VLOOKUP(Table27[[#This Row],[Location (drop-down)]],'List source'!D$2:E$60,2,FALSE) -> 145 | C38: 037 | D38: ="PTO" & C38 & "-" & B38 & "-" & "24" -> PTO037-145-24 | E38: PT: RFG2309; D86 - Distillation, Auto, 90%°F (EPA) | F38: {=MID(LEFT(Table27[[#This Row],[BRIEF DESCRIPTION OF NC if VOID: "VOID, Location, details (initials, date)"]], INDEX(_xlfn._xlws.FILTER(ROW(INDIRECT("1:" & LEN(Table27[[#This Row],[BRIEF DESCRIPTION OF NC if VOID: "VOID, Location, details (initials, date)"]]))), (48 <= CODE(MID(Table27[[#This Row],[BRIEF DESCRIPTION OF NC if VOID: "VOID, Location, details (initials, date)"]], ROW(INDIRECT("1:" & LEN(Table27[[#This Row],[BRIEF DESCRIPTION OF NC if VOID: "VOID, Location, details (initials, date)"]]))), 1))) * (CODE(MID(Table27[[#This Row],[BRIEF DESCRIPTION OF NC if VOID: "VOID, Location, details (initials, date)"]], ROW(INDIRECT("1:" & LEN(Table27[[#This Row],[BRIEF DESCRIPTION OF NC if VOID: "VOID, Location, details (initials, date)"]]))), 1)) <= 57)), 1) - 1), FIND(":", Table27[[#This Row],[BRIEF DESCRIPTION OF NC if VOID: "VOID, Location, details (initials, date)"]]) + 2, LEN(Table27[[#This Row],[BRIEF DESCRIPTION OF NC if VOID: "VOID, Location, details (initials, date)"]]))} -> RFG | G38: =MID(LEFT(Table27[[#This Row],[BRIEF DESCRIPTION OF NC if VOID: "VOID, Location, details (initials, date)"]], FIND(",", Table27[[#This Row],[BRIEF DESCRIPTION OF NC if VOID: "VOID, Location, details (initials, date)"]]) - 1), FIND("{token}", SUBSTITUTE(Table27[[#This Row],[BRIEF DESCRIPTION OF NC if VOID: "VOID, Location, details (initials, date)"]], " ", "{token}", 2)) + 1, LEN(Table27[[#This Row],[BRIEF DESCRIPTION OF NC if VOID: "VOID, Location, details (initials, date)"]])) -> D86 - Distillation | H38: -2.05 | I38: 45306 | J38: JN | K38: 45306 | L38: Meets both the precision performance and reproducibility criteria. | M38: 37 | N38: =IF(ISBLANK(K38), TODAY()-(I38), "CLOSED") -> CLOSED
A39: Mobile, AL | B39: =VLOOKUP(Table27[[#This Row],[Location (drop-down)]],'List source'!D$2:E$60,2,FALSE) -> 146 | C39: 038 | D39: ="PTO" & C39 & "-" & B39 & "-" & "24" -> PTO038-146-24 | E39: PT: RFG2309; D86 - Distillation, Auto, % Resid (EPA), Z-Score = -3.00 | F39: {=MID(LEFT(Table27[[#This Row],[BRIEF DESCRIPTION OF NC if VOID: "VOID, Location, details (initials, date)"]], INDEX(_xlfn._xlws.FILTER(ROW(INDIRECT("1:" & LEN(Table27[[#This Row],[BRIEF DESCRIPTION OF NC if VOID: "VOID, Location, details (initials, date)"]]))), (48 <= CODE(MID(Table27[[#This Row],[BRIEF DESCRIPTION OF NC if VOID: "VOID, Location, details (initials, date)"]], ROW(INDIRECT("1:" & LEN(Table27[[#This Row],[BRIEF DESCRIPTION OF NC if VOID: "VOID, Location, details (initials, date)"]]))), 1))) * (CODE(MID(Table27[[#This Row],[BRIEF DESCRIPTION OF NC if VOID: "VOID, Location, details (initials, date)"]], ROW(INDIRECT("1:" & LEN(Table27[[#This Row],[BRIEF DESCRIPTION OF NC if VOID: "VOID, Location, details (initials, date)"]]))), 1)) <= 57)), 1) - 1), FIND(":", Table27[[#This Row],[BRIEF DESCRIPTION OF NC if VOID: "VOID, Location, details (initials, date)"]]) + 2, LEN(Table27[[#This Row],[BRIEF DESCRIPTION OF NC if VOID: "VOID, Location, details (initials, date)"]]))} -> RFG | G39: =MID(LEFT(Table27[[#This Row],[BRIEF DESCRIPTION OF NC if VOID: "VOID, Location, details (initials, date)"]], FIND(",", Table27[[#This Row],[BRIEF DESCRIPTION OF NC if VOID: "VOID, Location, details (initials, date)"]]) - 1), FIND("{token}", SUBSTITUTE(Table27[[#This Row],[BRIEF DESCRIPTION OF NC if VOID: "VOID, Location, details (initials, date)"]], " ", "{token}", 2)) + 1, LEN(Table27[[#This Row],[BRIEF DESCRIPTION OF NC if VOID: "VOID, Location, details (initials, date)"]])) -> D86 - Distillation | H39: -3 | I39: 45306 | J39: LJ | K39: 45341 | M39: 38 | N39: =IF(ISBLANK(K39), TODAY()-(I39), "CLOSED") -> CLOSED
A40: Mobile, AL | B40: =VLOOKUP(Table27[[#This Row],[Location (drop-down)]],'List source'!D$2:E$60,2,FALSE) -> 146 | C40: 039 | D40: ="PTO" & C40 & "-" & B40 & "-" & "24" -> PTO039-146-24 | E40: PT: RFG2309; D1319-19 - HC Type, Aromatics, Oxy-Free (EPA), Z-Score = 2.39, D1319-20a - HC Type, Aromatics & Saturates, Oxy-Free, Z-Scores = 2.37 & -2.31 | F40: {=MID(LEFT(Table27[[#This Row],[BRIEF DESCRIPTION OF NC if VOID: "VOID, Location, details (initials, date)"]], INDEX(_xlfn._xlws.FILTER(ROW(INDIRECT("1:" & LEN(Table27[[#This Row],[BRIEF DESCRIPTION OF NC if VOID: "VOID, Location, details (initials, date)"]]))), (48 <= CODE(MID(Table27[[#This Row],[BRIEF DESCRIPTION OF NC if VOID: "VOID, Location, details (initials, date)"]], ROW(INDIRECT("1:" & LEN(Table27[[#This Row],[BRIEF DESCRIPTION OF NC if VOID: "VOID, Location, details (initials, date)"]]))), 1))) * (CODE(MID(Table27[[#This Row],[BRIEF DESCRIPTION OF NC if VOID: "VOID, Location, details (initials, date)"]], ROW(INDIRECT("1:" & LEN(Table27[[#This Row],[BRIEF DESCRIPTION OF NC if VOID: "VOID, Location, details (initials, date)"]]))), 1)) <= 57)), 1) - 1), FIND(":", Table27[[#This Row],[BRIEF DESCRIPTION OF NC if VOID: "VOID, Location, details (initials, date)"]]) + 2, LEN(Table27[[#This Row],[BRIEF DESCRIPTION OF NC if VOID: "VOID, Location, details (initials, date)"]]))} -> RFG | G40: =MID(LEFT(Table27[[#This Row],[BRIEF DESCRIPTION OF NC if VOID: "VOID, Location, details (initials, date)"]], FIND(",", Table27[[#This Row],[BRIEF DESCRIPTION OF NC if VOID: "VOID, Location, details (initials, date)"]]) - 1), FIND("{token}", SUBSTITUTE(Table27[[#This Row],[BRIEF DESCRIPTION OF NC if VOID: "VOID, Location, details (initials, date)"]], " ", "{token}", 2)) + 1, LEN(Table27[[#This Row],[BRIEF DESCRIPTION OF NC if VOID: "VOID, Location, details (initials, date)"]])) -> D1319-19 - HC Type | H40: 2.39, 2.37, & -2.31 | I40: 45306 | J40: LJ | K40: 45337 | M40: 39 | N40: =IF(ISBLANK(K40), TODAY()-(I40), "CLOSED") -> CLOSED
A41: Texas City, TX | B41: =VLOOKUP(Table27[[#This Row],[Location (drop-down)]],'List source'!D$2:E$60,2,FALSE) -> 150 | C41: 040 | D41: ="PTO" & C41 & "-" & B41 & "-" & "24" -> PTO040-150-24 | E41: PT: RFG2309; D5769 - Benzene & Toluene, by GC/MS (EPA), Z-Scores = -20.44 & 4.71 | F41: {=MID(LEFT(Table27[[#This Row],[BRIEF DESCRIPTION OF NC if VOID: "VOID, Location, details (initials, date)"]], INDEX(_xlfn._xlws.FILTER(ROW(INDIRECT("1:" & LEN(Table27[[#This Row],[BRIEF DESCRIPTION OF NC if VOID: "VOID, Location, details (initials, date)"]]))), (48 <= CODE(MID(Table27[[#This Row],[BRIEF DESCRIPTION OF NC if VOID: "VOID, Location, details (initials, date)"]], ROW(INDIRECT("1:" & LEN(Table27[[#This Row],[BRIEF DESCRIPTION OF NC if VOID: "VOID, Location, details (initials, date)"]]))), 1))) * (CODE(MID(Table27[[#This Row],[BRIEF DESCRIPTION OF NC if VOID: "VOID, Location, details (initials, date)"]], ROW(INDIRECT("1:" & LEN(Table27[[#This Row],[BRIEF DESCRIPTION OF NC if VOID: "VOID, Location, details (initials, date)"]]))), 1)) <= 57)), 1) - 1), FIND(":", Table27[[#This Row],[BRIEF DESCRIPTION OF NC if VOID: "VOID, Location, details (initials, date)"]]) + 2, LEN(Table27[[#This Row],[BRIEF DESCRIPTION OF NC if VOID: "VOID, Location, details (initials, date)"]]))} -> RFG | G41: =MID(LEFT(Table27[[#This Row],[BRIEF DESCRIPTION OF NC if VOID: "VOID, Location, details (initials, date)"]], FIND(",", Table27[[#This Row],[BRIEF DESCRIPTION OF NC if VOID: "VOID, Location, details (initials, date)"]]) - 1), FIND("{token}", SUBSTITUTE(Table27[[#This Row],[BRIEF DESCRIPTION OF NC if VOID: "VOID, Location, details (initials, date)"]], " ", "{token}", 2)) + 1, LEN(Table27[[#This Row],[BRIEF DESCRIPTION OF NC if VOID: "VOID, Location, details (initials, date)"]])) -> D5769 - Benzene & Toluene | H41: -20.44 & 4.71 | I41: 45306 | J41: HB | K41: 45761 | M41: 40 | N41: =IF(ISBLANK(K41), TODAY()-(I41), "CLOSED") -> CLOSED
A42: Corpus Christi, TX | B42: =VLOOKUP(Table27[[#This Row],[Location (drop-down)]],'List source'!D$2:E$60,2,FALSE) -> 155 | C42: 041 | D42: ="PTO" & C42 & "-" & B42 & "-" & "24" -> PTO041-155-24 | E42: PT: RFG2309; D5580 - C9+ Aromatics, Total Aromatics, Benzene, & Toluene, Z-Scores = -9.83, -14.91, -9.01, & -15.72 | F42: {=MID(LEFT(Table27[[#This Row],[BRIEF DESCRIPTION OF NC if VOID: "VOID, Location, details (initials, date)"]], INDEX(_xlfn._xlws.FILTER(ROW(INDIRECT("1:" & LEN(Table27[[#This Row],[BRIEF DESCRIPTION OF NC if VOID: "VOID, Location, details (initials, date)"]]))), (48 <= CODE(MID(Table27[[#This Row],[BRIEF DESCRIPTION OF NC if VOID: "VOID, Location, details (initials, date)"]], ROW(INDIRECT("1:" & LEN(Table27[[#This Row],[BRIEF DESCRIPTION OF NC if VOID: "VOID, Location, details (initials, date)"]]))), 1))) * (CODE(MID(Table27[[#This Row],[BRIEF DESCRIPTION OF NC if VOID: "VOID, Location, details (initials, date)"]], ROW(INDIRECT("1:" & LEN(Table27[[#This Row],[BRIEF DESCRIPTION OF NC if VOID: "VOID, Location, details (initials, date)"]]))), 1)) <= 57)), 1) - 1), FIND(":", Table27[[#This Row],[BRIEF DESCRIPTION OF NC if VOID: "VOID, Location, details (initials, date)"]]) + 2, LEN(Table27[[#This Row],[BRIEF DESCRIPTION OF NC if VOID: "VOID, Location, details (initials, date)"]]))} -> RFG | G42: =MID(LEFT(Table27[[#This Row],[BRIEF DESCRIPTION OF NC if VOID: "VOID, Location, details (initials, date)"]], FIND(",", Table27[[#This Row],[BRIEF DESCRIPTION OF NC if VOID: "VOID, Location, details (initials, date)"]]) - 1), FIND("{token}", SUBSTITUTE(Table27[[#This Row],[BRIEF DESCRIPTION OF NC if VOID: "VOID, Location, details (initials, date)"]], " ", "{token}", 2)) + 1, LEN(Table27[[#This Row],[BRIEF DESCRIPTION OF NC if VOID: "VOID, Location, details (initials, date)"]])) -> D5580 - C9+ Aromatics | H42: -9.83, -14.91, -9.01, &-15.72 | I42: 45306 | J42: HB | K42: 45337 | M42: 41 | N42: =IF(ISBLANK(K42), TODAY()-(I42), "CLOSED") -> CLOSED
A43: Port Arthur (Beaumont), TX | B43: =VLOOKUP(Table27[[#This Row],[Location (drop-down)]],'List source'!D$2:E$60,2,FALSE) -> 160 | C43: 042 | D43: ="PTO" & C43 & "-" & B43 & "-" & "24" -> PTO042-160-24 | E43: PT: RFG2309; D2622 - Sulfur by WDXRF & EPA, Z-Scores = 2.65 & 2.99 | F43: {=MID(LEFT(Table27[[#This Row],[BRIEF DESCRIPTION OF NC if VOID: "VOID, Location, details (initials, date)"]], INDEX(_xlfn._xlws.FILTER(ROW(INDIRECT("1:" & LEN(Table27[[#This Row],[BRIEF DESCRIPTION OF NC if VOID: "VOID, Location, details (initials, date)"]]))), (48 <= CODE(MID(Table27[[#This Row],[BRIEF DESCRIPTION OF NC if VOID: "VOID, Location, details (initials, date)"]], ROW(INDIRECT("1:" & LEN(Table27[[#This Row],[BRIEF DESCRIPTION OF NC if VOID: "VOID, Location, details (initials, date)"]]))), 1))) * (CODE(MID(Table27[[#This Row],[BRIEF DESCRIPTION OF NC if VOID: "VOID, Location, details (initials, date)"]], ROW(INDIRECT("1:" & LEN(Table27[[#This Row],[BRIEF DESCRIPTION OF NC if VOID: "VOID, Location, details (initials, date)"]]))), 1)) <= 57)), 1) - 1), FIND(":", Table27[[#This Row],[BRIEF DESCRIPTION OF NC if VOID: "VOID, Location, details (initials, date)"]]) + 2, LEN(Table27[[#This Row],[BRIEF DESCRIPTION OF NC if VOID: "VOID, Location, details (initials, date)"]]))} -> RFG | G43: =MID(LEFT(Table27[[#This Row],[BRIEF DESCRIPTION OF NC if VOID: "VOID, Location, details (initials, date)"]], FIND(",", Table27[[#This Row],[BRIEF DESCRIPTION OF NC if VOID: "VOID, Location, details (initials, date)"]]) - 1), FIND("{token}", SUBSTITUTE(Table27[[#This Row],[BRIEF DESCRIPTION OF NC if VOID: "VOID, Location, details (initials, date)"]], " ", "{token}", 2)) + 1, LEN(Table27[[#This Row],[BRIEF DESCRIPTION OF NC if VOID: "VOID, Location, details (initials, date)"]])) -> D2622 - Sulfur by WDXRF & EPA | H43: 2.65 & 2.99 | I43: 45306 | J43: ECu | K43: 45559 | M43: 42 | N43: =IF(ISBLANK(K43), TODAY()-(I43), "CLOSED") -> CLOSED
A44: Lake Charles (Sulfur), LA | B44: =VLOOKUP(Table27[[#This Row],[Location (drop-down)]],'List source'!D$2:E$60,2,FALSE) -> 165 | C44: 043 | D44: ="PTO" & C44 & "-" & B44 & "-" & "24" -> PTO043-165-24 | E44: PT: RFG2309; D3606-20e1 & D3606-22; Benzene, by GC, Proc B (EPA) & Benzene, by GC, Proc B | F44: {=MID(LEFT(Table27[[#This Row],[BRIEF DESCRIPTION OF NC if VOID: "VOID, Location, details (initials, date)"]], INDEX(_xlfn._xlws.FILTER(ROW(INDIRECT("1:" & LEN(Table27[[#This Row],[BRIEF DESCRIPTION OF NC if VOID: "VOID, Location, details (initials, date)"]]))), (48 <= CODE(MID(Table27[[#This Row],[BRIEF DESCRIPTION OF NC if VOID: "VOID, Location, details (initials, date)"]], ROW(INDIRECT("1:" & LEN(Table27[[#This Row],[BRIEF DESCRIPTION OF NC if VOID: "VOID, Location, details (initials, date)"]]))), 1))) * (CODE(MID(Table27[[#This Row],[BRIEF DESCRIPTION OF NC if VOID: "VOID, Location, details (initials, date)"]], ROW(INDIRECT("1:" & LEN(Table27[[#This Row],[BRIEF DESCRIPTION OF NC if VOID: "VOID, Location, details (initials, date)"]]))), 1)) <= 57)), 1) - 1), FIND(":", Table27[[#This Row],[BRIEF DESCRIPTION OF NC if VOID: "VOID, Location, details (initials, date)"]]) + 2, LEN(Table27[[#This Row],[BRIEF DESCRIPTION OF NC if VOID: "VOID, Location, details (initials, date)"]]))} -> RFG | G44: =MID(LEFT(Table27[[#This Row],[BRIEF DESCRIPTION OF NC if VOID: "VOID, Location, details (initials, date)"]], FIND(",", Table27[[#This Row],[BRIEF DESCRIPTION OF NC if VOID: "VOID, Location, details (initials, date)"]]) - 1), FIND("{token}", SUBSTITUTE(Table27[[#This Row],[BRIEF DESCRIPTION OF NC if VOID: "VOID, Location, details (initials, date)"]], " ", "{token}", 2)) + 1, LEN(Table27[[#This Row],[BRIEF DESCRIPTION OF NC if VOID: "VOID, Location, details (initials, date)"]])) -> D3606-20e1 & D3606-22; Benzene | H44: 2.37 & 2.12 | I44: 45306 | J44: JN | K44: 45306 | L44: Meets both the precision performance and reproducibility criteria. | M44: 43 | N44: =IF(ISBLANK(K44), TODAY()-(I44), "CLOSED") -> CLOSED
A45: Lake Charles (Sulfur), LA | B45: =VLOOKUP(Table27[[#This Row],[Location (drop-down)]],'List source'!D$2:E$60,2,FALSE) -> 165 | C45: 044 | D45: ="PTO" & C45 & "-" & B45 & "-" & "24" -> PTO044-165-24 | E45: PT: RFG2309: D6839 - HC Type/Oxy, Olefins, by M-D GC, Z-Score = 2.27 | F45: {=MID(LEFT(Table27[[#This Row],[BRIEF DESCRIPTION OF NC if VOID: "VOID, Location, details (initials, date)"]], INDEX(_xlfn._xlws.FILTER(ROW(INDIRECT("1:" & LEN(Table27[[#This Row],[BRIEF DESCRIPTION OF NC if VOID: "VOID, Location, details (initials, date)"]]))), (48 <= CODE(MID(Table27[[#This Row],[BRIEF DESCRIPTION OF NC if VOID: "VOID, Location, details (initials, date)"]], ROW(INDIRECT("1:" & LEN(Table27[[#This Row],[BRIEF DESCRIPTION OF NC if VOID: "VOID, Location, details (initials, date)"]]))), 1))) * (CODE(MID(Table27[[#This Row],[BRIEF DESCRIPTION OF NC if VOID: "VOID, Location, details (initials, date)"]], ROW(INDIRECT("1:" & LEN(Table27[[#This Row],[BRIEF DESCRIPTION OF NC if VOID: "VOID, Location, details (initials, date)"]]))), 1)) <= 57)), 1) - 1), FIND(":", Table27[[#This Row],[BRIEF DESCRIPTION OF NC if VOID: "VOID, Location, details (initials, date)"]]) + 2, LEN(Table27[[#This Row],[BRIEF DESCRIPTION OF NC if VOID: "VOID, Location, details (initials, date)"]]))} -> RFG | G45: =MID(LEFT(Table27[[#This Row],[BRIEF DESCRIPTION OF NC if VOID: "VOID, Location, details (initials, date)"]], FIND(",", Table27[[#This Row],[BRIEF DESCRIPTION OF NC if VOID: "VOID, Location, details (initials, date)"]]) - 1), FIND("{token}", SUBSTITUTE(Table27[[#This Row],[BRIEF DESCRIPTION OF NC if VOID: "VOID, Location, details (initials, date)"]], " ", "{token}", 2)) + 1, LEN(Table27[[#This Row],[BRIEF DESCRIPTION OF NC if VOID: "VOID, Location, details (initials, date)"]])) -> D6839 - HC Type/Oxy | H45: 2.27 | I45: 45306 | J45: JN | K45: 45329 | L45: Consolidated with PTO289-165-23. | M45: 44 | N45: =IF(ISBLANK(K45), TODAY()-(I45), "CLOSED") -> CLOSED
A46: Lake Charles (Sulfur), LA | B46: =VLOOKUP(Table27[[#This Row],[Location (drop-down)]],'List source'!D$2:E$60,2,FALSE) -> 165 | C46: 045 | D46: ="PTO" & C46 & "-" & B46 & "-" & "24" -> PTO045-165-24 | E46: PT: RFG2309; D5191 - Vapor Pressure, TVP, 1L & Vapor Pressure, TVP, 1L (EPA) , Z-Scores = -2.01 & -2.04 | F46: {=MID(LEFT(Table27[[#This Row],[BRIEF DESCRIPTION OF NC if VOID: "VOID, Location, details (initials, date)"]], INDEX(_xlfn._xlws.FILTER(ROW(INDIRECT("1:" & LEN(Table27[[#This Row],[BRIEF DESCRIPTION OF NC if VOID: "VOID, Location, details (initials, date)"]]))), (48 <= CODE(MID(Table27[[#This Row],[BRIEF DESCRIPTION OF NC if VOID: "VOID, Location, details (initials, date)"]], ROW(INDIRECT("1:" & LEN(Table27[[#This Row],[BRIEF DESCRIPTION OF NC if VOID: "VOID, Location, details (initials, date)"]]))), 1))) * (CODE(MID(Table27[[#This Row],[BRIEF DESCRIPTION OF NC if VOID: "VOID, Location, details (initials, date)"]], ROW(INDIRECT("1:" & LEN(Table27[[#This Row],[BRIEF DESCRIPTION OF NC if VOID: "VOID, Location, details (initials, date)"]]))), 1)) <= 57)), 1) - 1), FIND(":", Table27[[#This Row],[BRIEF DESCRIPTION OF NC if VOID: "VOID, Location, details (initials, date)"]]) + 2, LEN(Table27[[#This Row],[BRIEF DESCRIPTION OF NC if VOID: "VOID, Location, details (initials, date)"]]))} -> RFG | G46: =MID(LEFT(Table27[[#This Row],[BRIEF DESCRIPTION OF NC if VOID: "VOID, Location, details (initials, date)"]], FIND(",", Table27[[#This Row],[BRIEF DESCRIPTION OF NC if VOID: "VOID, Location, details (initials, date)"]]) - 1), FIND("{token}", SUBSTITUTE(Table27[[#This Row],[BRIEF DESCRIPTION OF NC if VOID: "VOID, Location, details (initials, date)"]], " ", "{token}", 2)) + 1, LEN(Table27[[#This Row],[BRIEF DESCRIPTION OF NC if VOID: "VOID, Location, details (initials, date)"]])) -> D5191 - Vapor Pressure | H46: 2.01 & -2.04 | I46: 45306 | J46: JN | K46: 45306 | L46: Meets both the precision performance and reproducibility criteria. | M46: 45 | N46: =IF(ISBLANK(K46), TODAY()-(I46), "CLOSED") -> CLOSED
A47: New Orleans (Destrehan), LA | B47: =VLOOKUP(Table27[[#This Row],[Location (drop-down)]],'List source'!D$2:E$60,2,FALSE) -> 170 | C47: 046 | D47: ="PTO" & C47 & "-" & B47 & "-" & "24" -> PTO046-170-24 | E47: PT: RFG2309; D3606-20e1 & D3606-22; Benzene, by GC, Proc B (EPA) & Benzene, by GC, Proc B | F47: {=MID(LEFT(Table27[[#This Row],[BRIEF DESCRIPTION OF NC if VOID: "VOID, Location, details (initials, date)"]], INDEX(_xlfn._xlws.FILTER(ROW(INDIRECT("1:" & LEN(Table27[[#This Row],[BRIEF DESCRIPTION OF NC if VOID: "VOID, Location, details (initials, date)"]]))), (48 <= CODE(MID(Table27[[#This Row],[BRIEF DESCRIPTION OF NC if VOID: "VOID, Location, details (initials, date)"]], ROW(INDIRECT("1:" & LEN(Table27[[#This Row],[BRIEF DESCRIPTION OF NC if VOID: "VOID, Location, details (initials, date)"]]))), 1))) * (CODE(MID(Table27[[#This Row],[BRIEF DESCRIPTION OF NC if VOID: "VOID, Location, details (initials, date)"]], ROW(INDIRECT("1:" & LEN(Table27[[#This Row],[BRIEF DESCRIPTION OF NC if VOID: "VOID, Location, details (initials, date)"]]))), 1)) <= 57)), 1) - 1), FIND(":", Table27[[#This Row],[BRIEF DESCRIPTION OF NC if VOID: "VOID, Location, details (initials, date)"]]) + 2, LEN(Table27[[#This Row],[BRIEF DESCRIPTION OF NC if VOID: "VOID, Location, details (initials, date)"]]))} -> RFG | G47: =MID(LEFT(Table27[[#This Row],[BRIEF DESCRIPTION OF NC if VOID: "VOID, Location, details (initials, date)"]], FIND(",", Table27[[#This Row],[BRIEF DESCRIPTION OF NC if VOID: "VOID, Location, details (initials, date)"]]) - 1), FIND("{token}", SUBSTITUTE(Table27[[#This Row],[BRIEF DESCRIPTION OF NC if VOID: "VOID, Location, details (initials, date)"]], " ", "{token}", 2)) + 1, LEN(Table27[[#This Row],[BRIEF DESCRIPTION OF NC if VOID: "VOID, Location, details (initials, date)"]])) -> D3606-20e1 & D3606-22; Benzene | H47: 2.72 & 2.43 | I47: 45306 | J47: JN | K47: 45306 | L47: Meets both the precision performance and reproducibility criteria. | M47: 46 | N47: =IF(ISBLANK(K47), TODAY()-(I47), "CLOSED") -> CLOSED
A48: New Orleans (Destrehan), LA | B48: =VLOOKUP(Table27[[#This Row],[Location (drop-down)]],'List source'!D$2:E$60,2,FALSE) -> 170 | C48: 047 | D48: ="PTO" & C48 & "-" & B48 & "-" & "24" -> PTO047-170-24 | E48: PT: RFG2309; D86 - Distillation, Auto, 40% & 40%, oF (EPA), Z-Scores = 5.84 & 5.60 | F48: {=MID(LEFT(Table27[[#This Row],[BRIEF DESCRIPTION OF NC if VOID: "VOID, Location, details (initials, date)"]], INDEX(_xlfn._xlws.FILTER(ROW(INDIRECT("1:" & LEN(Table27[[#This Row],[BRIEF DESCRIPTION OF NC if VOID: "VOID, Location, details (initials, date)"]]))), (48 <= CODE(MID(Table27[[#This Row],[BRIEF DESCRIPTION OF NC if VOID: "VOID, Location, details (initials, date)"]], ROW(INDIRECT("1:" & LEN(Table27[[#This Row],[BRIEF DESCRIPTION OF NC if VOID: "VOID, Location, details (initials, date)"]]))), 1))) * (CODE(MID(Table27[[#This Row],[BRIEF DESCRIPTION OF NC if VOID: "VOID, Location, details (initials, date)"]], ROW(INDIRECT("1:" & LEN(Table27[[#This Row],[BRIEF DESCRIPTION OF NC if VOID: "VOID, Location, details (initials, date)"]]))), 1)) <= 57)), 1) - 1), FIND(":", Table27[[#This Row],[BRIEF DESCRIPTION OF NC if VOID: "VOID, Location, details (initials, date)"]]) + 2, LEN(Table27[[#This Row],[BRIEF DESCRIPTION OF NC if VOID: "VOID, Location, details (initials, date)"]]))} -> RFG | G48: =MID(LEFT(Table27[[#This Row],[BRIEF DESCRIPTION OF NC if VOID: "VOID, Location, details (initials, date)"]], FIND(",", Table27[[#This Row],[BRIEF DESCRIPTION OF NC if VOID: "VOID, Location, details (initials, date)"]]) - 1), FIND("{token}", SUBSTITUTE(Table27[[#This Row],[BRIEF DESCRIPTION OF NC if VOID: "VOID, Location, details (initials, date)"]], " ", "{token}", 2)) + 1, LEN(Table27[[#This Row],[BRIEF DESCRIPTION OF NC if VOID: "VOID, Location, details (initials, date)"]])) -> D86 - Distillation | H48: 5.84 & 5.60 | I48: 45306 | J48: LJ | K48: 45337 | M48: 47 | N48: =IF(ISBLANK(K48), TODAY()-(I48), "CLOSED") -> CLOSED
A49: Mickleton (Philly), NJ | B49: =VLOOKUP(Table27[[#This Row],[Location (drop-down)]],'List source'!D$2:E$60,2,FALSE) -> 180 | C49: 048 | D49: ="PTO" & C49 & "-" & B49 & "-" & "24" -> PTO048-180-24 | E49: PT: RFG2309; D3606-20e1 & D3606-22; Benzene, by GC, Proc B (EPA) & Benzene, by GC, Proc B | F49: {=MID(LEFT(Table27[[#This Row],[BRIEF DESCRIPTION OF NC if VOID: "VOID, Location, details (initials, date)"]], INDEX(_xlfn._xlws.FILTER(ROW(INDIRECT("1:" & LEN(Table27[[#This Row],[BRIEF DESCRIPTION OF NC if VOID: "VOID, Location, details (initials, date)"]]))), (48 <= CODE(MID(Table27[[#This Row],[BRIEF DESCRIPTION OF NC if VOID: "VOID, Location, details (initials, date)"]], ROW(INDIRECT("1:" & LEN(Table27[[#This Row],[BRIEF DESCRIPTION OF NC if VOID: "VOID, Location, details (initials, date)"]]))), 1))) * (CODE(MID(Table27[[#This Row],[BRIEF DESCRIPTION OF NC if VOID: "VOID, Location, details (initials, date)"]], ROW(INDIRECT("1:" & LEN(Table27[[#This Row],[BRIEF DESCRIPTION OF NC if VOID: "VOID, Location, details (initials, date)"]]))), 1)) <= 57)), 1) - 1), FIND(":", Table27[[#This Row],[BRIEF DESCRIPTION OF NC if VOID: "VOID, Location, details (initials, date)"]]) + 2, LEN(Table27[[#This Row],[BRIEF DESCRIPTION OF NC if VOID: "VOID, Location, details (initials, date)"]]))} -> RFG | G49: =MID(LEFT(Table27[[#This Row],[BRIEF DESCRIPTION OF NC if VOID: "VOID, Location, details (initials, date)"]], FIND(",", Table27[[#This Row],[BRIEF DESCRIPTION OF NC if VOID: "VOID, Location, details (initials, date)"]]) - 1), FIND("{token}", SUBSTITUTE(Table27[[#This Row],[BRIEF DESCRIPTION OF NC if VOID: "VOID, Location, details (initials, date)"]], " ", "{token}", 2)) + 1, LEN(Table27[[#This Row],[BRIEF DESCRIPTION OF NC if VOID: "VOID, Location, details (initials, date)"]])) -> D3606-20e1 & D3606-22; Benzene | H49: 2.23 & 2.58 | I49: 45306 | J49: JN | K49: 45306 | L49: Meets both the precision performance and reproducibility criteria. | M49: 48 | N49: =IF(ISBLANK(K49), TODAY()-(I49), "CLOSED") -> CLOSED
A50: Yorktown (Norfolk), VA | B50: =VLOOKUP(Table27[[#This Row],[Location (drop-down)]],'List source'!D$2:E$61,2,FALSE) -> 185 | C50: 049 | D50: ="PTO" & C50 & "-" & B50 & "-" & "24" -> PTO049-185-24 | E50: PT: RFG2309: D5191 - Vapor Pressure, DVPE, 1L (EPA), Z-Score = 2.16 | F50: {=MID(LEFT(Table27[[#This Row],[BRIEF DESCRIPTION OF NC if VOID: "VOID, Location, details (initials, date)"]], INDEX(_xlfn._xlws.FILTER(ROW(INDIRECT("1:" & LEN(Table27[[#This Row],[BRIEF DESCRIPTION OF NC if VOID: "VOID, Location, details (initials, date)"]]))), (48 <= CODE(MID(Table27[[#This Row],[BRIEF DESCRIPTION OF NC if VOID: "VOID, Location, details (initials, date)"]], ROW(INDIRECT("1:" & LEN(Table27[[#This Row],[BRIEF DESCRIPTION OF NC if VOID: "VOID, Location, details (initials, date)"]]))), 1))) * (CODE(MID(Table27[[#This Row],[BRIEF DESCRIPTION OF NC if VOID: "VOID, Location, details (initials, date)"]], ROW(INDIRECT("1:" & LEN(Table27[[#This Row],[BRIEF DESCRIPTION OF NC if VOID: "VOID, Location, details (initials, date)"]]))), 1)) <= 57)), 1) - 1), FIND(":", Table27[[#This Row],[BRIEF DESCRIPTION OF NC if VOID: "VOID, Location, details (initials, date)"]]) + 2, LEN(Table27[[#This Row],[BRIEF DESCRIPTION OF NC if VOID: "VOID, Location, details (initials, date)"]]))} -> RFG | G50: =MID(LEFT(Table27[[#This Row],[BRIEF DESCRIPTION OF NC if VOID: "VOID, Location, details (initials, date)"]], FIND(",", Table27[[#This Row],[BRIEF DESCRIPTION OF NC if VOID: "VOID, Location, details (initials, date)"]]) - 1), FIND("{token}", SUBSTITUTE(Table27[[#This Row],[BRIEF DESCRIPTION OF NC if VOID: "VOID, Location, details (initials, date)"]], " ", "{token}", 2)) + 1, LEN(Table27[[#This Row],[BRIEF DESCRIPTION OF NC if VOID: "VOID, Location, details (initials, date)"]])) -> D5191 - Vapor Pressure | H50: 2.16 | I50: 45306 | J50: JP | K50: 45337 | M50: 49 | N50: =IF(ISBLANK(K50), TODAY()-(I50), "CLOSED") -> CLOSED
A51: Puerto Rico | B51: =VLOOKUP(Table27[[#This Row],[Location (drop-down)]],'List source'!D$2:E$60,2,FALSE) -> 192 | C51: 050 | D51: ="PTO" & C51 & "-" & B51 & "-" & "24" -> PTO050-192-24 | E51: PT: RFG2309; D86 - Distillation, Auto, 70%°F (EPA) | F51: {=MID(LEFT(Table27[[#This Row],[BRIEF DESCRIPTION OF NC if VOID: "VOID, Location, details (initials, date)"]], INDEX(_xlfn._xlws.FILTER(ROW(INDIRECT("1:" & LEN(Table27[[#This Row],[BRIEF DESCRIPTION OF NC if VOID: "VOID, Location, details (initials, date)"]]))), (48 <= CODE(MID(Table27[[#This Row],[BRIEF DESCRIPTION OF NC if VOID: "VOID, Location, details (initials, date)"]], ROW(INDIRECT("1:" & LEN(Table27[[#This Row],[BRIEF DESCRIPTION OF NC if VOID: "VOID, Location, details (initials, date)"]]))), 1))) * (CODE(MID(Table27[[#This Row],[BRIEF DESCRIPTION OF NC if VOID: "VOID, Location, details (initials, date)"]], ROW(INDIRECT("1:" & LEN(Table27[[#This Row],[BRIEF DESCRIPTION OF NC if VOID: "VOID, Location, details (initials, date)"]]))), 1)) <= 57)), 1) - 1), FIND(":", Table27[[#This Row],[BRIEF DESCRIPTION OF NC if VOID: "VOID, Location, details (initials, date)"]]) + 2, LEN(Table27[[#This Row],[BRIEF DESCRIPTION OF NC if VOID: "VOID, Location, details (initials, date)"]]))} -> RFG | G51: =MID(LEFT(Table27[[#This Row],[BRIEF DESCRIPTION OF NC if VOID: "VOID, Location, details (initials, date)"]], FIND(",", Table27[[#This Row],[BRIEF DESCRIPTION OF NC if VOID: "VOID, Location, details (initials, date)"]]) - 1), FIND("{token}", SUBSTITUTE(Table27[[#This Row],[BRIEF DESCRIPTION OF NC if VOID: "VOID, Location, details (initials, date)"]], " ", "{token}", 2)) + 1, LEN(Table27[[#This Row],[BRIEF DESCRIPTION OF NC if VOID: "VOID, Location, details (initials, date)"]])) -> D86 - Distillation | H51: -2.64 | I51: 45306 | J51: JN | K51: 45306 | L51: Meets both the precision performance and reproducibility criteria. | M51: 50 | N51: =IF(ISBLANK(K51), TODAY()-(I51), "CLOSED") -> CLOSED
A52: St Croix, USVI | B52: =VLOOKUP(Table27[[#This Row],[Location (drop-down)]],'List source'!D$2:E$60,2,FALSE) -> 210 | C52: 051 | D52: ="PTO" & C52 & "-" & B52 & "-" & "24" -> PTO051-210-24 | E52: PT: RFG2309; D3606-22; Benzene, by GC, Proc B | F52: {=MID(LEFT(Table27[[#This Row],[BRIEF DESCRIPTION OF NC if VOID: "VOID, Location, details (initials, date)"]], INDEX(_xlfn._xlws.FILTER(ROW(INDIRECT("1:" & LEN(Table27[[#This Row],[BRIEF DESCRIPTION OF NC if VOID: "VOID, Location, details (initials, date)"]]))), (48 <= CODE(MID(Table27[[#This Row],[BRIEF DESCRIPTION OF NC if VOID: "VOID, Location, details (initials, date)"]], ROW(INDIRECT("1:" & LEN(Table27[[#This Row],[BRIEF DESCRIPTION OF NC if VOID: "VOID, Location, details (initials, date)"]]))), 1))) * (CODE(MID(Table27[[#This Row],[BRIEF DESCRIPTION OF NC if VOID: "VOID, Location, details (initials, date)"]], ROW(INDIRECT("1:" & LEN(Table27[[#This Row],[BRIEF DESCRIPTION OF NC if VOID: "VOID, Location, details (initials, date)"]]))), 1)) <= 57)), 1) - 1), FIND(":", Table27[[#This Row],[BRIEF DESCRIPTION OF NC if VOID: "VOID, Location, details (initials, date)"]]) + 2, LEN(Table27[[#This Row],[BRIEF DESCRIPTION OF NC if VOID: "VOID, Location, details (initials, date)"]]))} -> RFG | G52: =MID(LEFT(Table27[[#This Row],[BRIEF DESCRIPTION OF NC if VOID: "VOID, Location, details (initials, date)"]], FIND(",", Table27[[#This Row],[BRIEF DESCRIPTION OF NC if VOID: "VOID, Location, details (initials, date)"]]) - 1), FIND("{token}", SUBSTITUTE(Table27[[#This Row],[BRIEF DESCRIPTION OF NC if VOID: "VOID, Location, details (initials, date)"]], " ", "{token}", 2)) + 1, LEN(Table27[[#This Row],[BRIEF DESCRIPTION OF NC if VOID: "VOID, Location, details (initials, date)"]])) -> D3606-22; Benzene | H52: -2.22 | I52: 45306 | J52: JN | K52: 45306 | L52: Meets both the precision performance and reproducibility criteria. | M52: 51 | N52: =IF(ISBLANK(K52), TODAY()-(I52), "CLOSED") -> CLOSED
A53: St Croix, USVI | B53: =VLOOKUP(Table27[[#This Row],[Location (drop-down)]],'List source'!D$2:E$60,2,FALSE) -> 210 | C53: 052 | D53: ="PTO" & C53 & "-" & B53 & "-" & "24" -> PTO052-210-24 | E53: PT: RFG2309: D4815 - Oxygenates, Ethanol, by GC, Z-Score = -2.51 | F53: {=MID(LEFT(Table27[[#This Row],[BRIEF DESCRIPTION OF NC if VOID: "VOID, Location, details (initials, date)"]], INDEX(_xlfn._xlws.FILTER(ROW(INDIRECT("1:" & LEN(Table27[[#This Row],[BRIEF DESCRIPTION OF NC if VOID: "VOID, Location, details (initials, date)"]]))), (48 <= CODE(MID(Table27[[#This Row],[BRIEF DESCRIPTION OF NC if VOID: "VOID, Location, details (initials, date)"]], ROW(INDIRECT("1:" & LEN(Table27[[#This Row],[BRIEF DESCRIPTION OF NC if VOID: "VOID, Location, details (initials, date)"]]))), 1))) * (CODE(MID(Table27[[#This Row],[BRIEF DESCRIPTION OF NC if VOID: "VOID, Location, details (initials, date)"]], ROW(INDIRECT("1:" & LEN(Table27[[#This Row],[BRIEF DESCRIPTION OF NC if VOID: "VOID, Location, details (initials, date)"]]))), 1)) <= 57)), 1) - 1), FIND(":", Table27[[#This Row],[BRIEF DESCRIPTION OF NC if VOID: "VOID, Location, details (initials, date)"]]) + 2, LEN(Table27[[#This Row],[BRIEF DESCRIPTION OF NC if VOID: "VOID, Location, details (initials, date)"]]))} -> RFG | G53: =MID(LEFT(Table27[[#This Row],[BRIEF DESCRIPTION OF NC if VOID: "VOID, Location, details (initials, date)"]], FIND(",", Table27[[#This Row],[BRIEF DESCRIPTION OF NC if VOID: "VOID, Location, details (initials, date)"]]) - 1), FIND("{token}", SUBSTITUTE(Table27[[#This Row],[BRIEF DESCRIPTION OF NC if VOID: "VOID, Location, details (initials, date)"]], " ", "{token}", 2)) + 1, LEN(Table27[[#This Row],[BRIEF DESCRIPTION OF NC if VOID: "VOID, Location, details (initials, date)"]])) -> D4815 - Oxygenates | H53: -2.51 | I53: 45306 | J53: Eco | K53: 45467 | M53: 52 | N53: =IF(ISBLANK(K53), TODAY()-(I53), "CLOSED") -> CLOSED
A54: Bahamas (Freeport), GBI | B54: =VLOOKUP(Table27[[#This Row],[Location (drop-down)]],'List source'!D$2:E$60,2,FALSE) -> 215 | C54: 053 | D54: ="PTO" & C54 & "-" & B54 & "-" & "24" -> PTO053-215-24 | E54: PT: RFG2309; D5580 - C9+ Aromatics, Total Aromatics, & Toluene, Z-Scores = 9.03, 11.01, & 8.33 | F54: {=MID(LEFT(Table27[[#This Row],[BRIEF DESCRIPTION OF NC if VOID: "VOID, Location, details (initials, date)"]], INDEX(_xlfn._xlws.FILTER(ROW(INDIRECT("1:" & LEN(Table27[[#This Row],[BRIEF DESCRIPTION OF NC if VOID: "VOID, Location, details (initials, date)"]]))), (48 <= CODE(MID(Table27[[#This Row],[BRIEF DESCRIPTION OF NC if VOID: "VOID, Location, details (initials, date)"]], ROW(INDIRECT("1:" & LEN(Table27[[#This Row],[BRIEF DESCRIPTION OF NC if VOID: "VOID, Location, details (initials, date)"]]))), 1))) * (CODE(MID(Table27[[#This Row],[BRIEF DESCRIPTION OF NC if VOID: "VOID, Location, details (initials, date)"]], ROW(INDIRECT("1:" & LEN(Table27[[#This Row],[BRIEF DESCRIPTION OF NC if VOID: "VOID, Location, details (initials, date)"]]))), 1)) <= 57)), 1) - 1), FIND(":", Table27[[#This Row],[BRIEF DESCRIPTION OF NC if VOID: "VOID, Location, details (initials, date)"]]) + 2, LEN(Table27[[#This Row],[BRIEF DESCRIPTION OF NC if VOID: "VOID, Location, details (initials, date)"]]))} -> RFG | G54: =MID(LEFT(Table27[[#This Row],[BRIEF DESCRIPTION OF NC if VOID: "VOID, Location, details (initials, date)"]], FIND(",", Table27[[#This Row],[BRIEF DESCRIPTION OF NC if VOID: "VOID, Location, details (initials, date)"]]) - 1), FIND("{token}", SUBSTITUTE(Table27[[#This Row],[BRIEF DESCRIPTION OF NC if VOID: "VOID, Location, details (initials, date)"]], " ", "{token}", 2)) + 1, LEN(Table27[[#This Row],[BRIEF DESCRIPTION OF NC if VOID: "VOID, Location, details (initials, date)"]])) -> D5580 - C9+ Aromatics | H54: 9.03, 11.01, & 8.33 | I54: 45306 | J54: JP | K54: VOID | L54: oided per local MOC 132 due to lab fire on 11/2/24. | M54: 53 | N54: =IF(ISBLANK(K54), TODAY()-(I54), "CLOSED") -> CLOSED
A55: Bahamas (Freeport), GBI | B55: =VLOOKUP(Table27[[#This Row],[Location (drop-down)]],'List source'!D$2:E$60,2,FALSE) -> 215 | C55: 054 | D55: ="PTO" & C55 & "-" & B55 & "-" & "24" -> PTO054-215-24 | E55: PT: RFG2309; D7039 - Sulfur, by MWDXRF, Z-Score = -3.30 | F55: {=MID(LEFT(Table27[[#This Row],[BRIEF DESCRIPTION OF NC if VOID: "VOID, Location, details (initials, date)"]], INDEX(_xlfn._xlws.FILTER(ROW(INDIRECT("1:" & LEN(Table27[[#This Row],[BRIEF DESCRIPTION OF NC if VOID: "VOID, Location, details (initials, date)"]]))), (48 <= CODE(MID(Table27[[#This Row],[BRIEF DESCRIPTION OF NC if VOID: "VOID, Location, details (initials, date)"]], ROW(INDIRECT("1:" & LEN(Table27[[#This Row],[BRIEF DESCRIPTION OF NC if VOID: "VOID, Location, details (initials, date)"]]))), 1))) * (CODE(MID(Table27[[#This Row],[BRIEF DESCRIPTION OF NC if VOID: "VOID, Location, details (initials, date)"]], ROW(INDIRECT("1:" & LEN(Table27[[#This Row],[BRIEF DESCRIPTION OF NC if VOID: "VOID, Location, details (initials, date)"]]))), 1)) <= 57)), 1) - 1), FIND(":", Table27[[#This Row],[BRIEF DESCRIPTION OF NC if VOID: "VOID, Location, details (initials, date)"]]) + 2, LEN(Table27[[#This Row],[BRIEF DESCRIPTION OF NC if VOID: "VOID, Location, details (initials, date)"]]))} -> RFG | G55: =MID(LEFT(Table27[[#This Row],[BRIEF DESCRIPTION OF NC if VOID: "VOID, Location, details (initials, date)"]], FIND(",", Table27[[#This Row],[BRIEF DESCRIPTION OF NC if VOID: "VOID, Location, details (initials, date)"]]) - 1), FIND("{token}", SUBSTITUTE(Table27[[#This Row],[BRIEF DESCRIPTION OF NC if VOID: "VOID, Location, details (initials, date)"]], " ", "{token}", 2)) + 1, LEN(Table27[[#This Row],[BRIEF DESCRIPTION OF NC if VOID: "VOID, Location, details (initials, date)"]])) -> D7039 - Sulfur | H55: -3.30 | I55: 45306 | J55: JP | K55: VOID | L55: oided per local MOC 132 due to lab fire on 11/2/24. | M55: 54 | N55: =IF(ISBLANK(K55), TODAY()-(I55), "CLOSED") -> CLOSED
A56: Bahamas (Freeport), GBI | B56: =VLOOKUP(Table27[[#This Row],[Location (drop-down)]],'List source'!D$2:E$60,2,FALSE) -> 215 | C56: 055 | D56: ="PTO" & C56 & "-" & B56 & "-" & "24" -> PTO055-215-24 | E56: PT: RFG2309; D86 - Distillation, Auto, 70% & Distillation, Auto, 70%, & 80% °F (EPA) | F56: {=MID(LEFT(Table27[[#This Row],[BRIEF DESCRIPTION OF NC if VOID: "VOID, Location, details (initials, date)"]], INDEX(_xlfn._xlws.FILTER(ROW(INDIRECT("1:" & LEN(Table27[[#This Row],[BRIEF DESCRIPTION OF NC if VOID: "VOID, Location, details (initials, date)"]]))), (48 <= CODE(MID(Table27[[#This Row],[BRIEF DESCRIPTION OF NC if VOID: "VOID, Location, details (initials, date)"]], ROW(INDIRECT("1:" & LEN(Table27[[#This Row],[BRIEF DESCRIPTION OF NC if VOID: "VOID, Location, details (initials, date)"]]))), 1))) * (CODE(MID(Table27[[#This Row],[BRIEF DESCRIPTION OF NC if VOID: "VOID, Location, details (initials, date)"]], ROW(INDIRECT("1:" & LEN(Table27[[#This Row],[BRIEF DESCRIPTION OF NC if VOID: "VOID, Location, details (initials, date)"]]))), 1)) <= 57)), 1) - 1), FIND(":", Table27[[#This Row],[BRIEF DESCRIPTION OF NC if VOID: "VOID, Location, details (initials, date)"]]) + 2, LEN(Table27[[#This Row],[BRIEF DESCRIPTION OF NC if VOID: "VOID, Location, details (initials, date)"]]))} -> RFG | G56: =MID(LEFT(Table27[[#This Row],[BRIEF DESCRIPTION OF NC if VOID: "VOID, Location, details (initials, date)"]], FIND(",", Table27[[#This Row],[BRIEF DESCRIPTION OF NC if VOID: "VOID, Location, details (initials, date)"]]) - 1), FIND("{token}", SUBSTITUTE(Table27[[#This Row],[BRIEF DESCRIPTION OF NC if VOID: "VOID, Location, details (initials, date)"]], " ", "{token}", 2)) + 1, LEN(Table27[[#This Row],[BRIEF DESCRIPTION OF NC if VOID: "VOID, Location, details (initials, date)"]])) -> D86 - Distillation | H56: 2.04, 2.13, & 2.13 | I56: 45306 | J56: JN | K56: 45306 | L56: Meets both the precision performance and reproducibility criteria. | M56: 55 | N56: =IF(ISBLANK(K56), TODAY()-(I56), "CLOSED") -> CLOSED
A57: Houston (HTC), TX | B57: =VLOOKUP(Table27[[#This Row],[Location (drop-down)]],'List source'!D$2:E$60,2,FALSE) -> 120 | C57: 056 | D57: ="PTO" & C57 & "-" & B57 & "-" & "24" -> PTO056-120-24 | E57: PT: CO2307; D1298 - API Gravity, Hydrometer, Opaque, at 15 °C, Z-Score = -235.50 | F57: {=MID(LEFT(Table27[[#This Row],[BRIEF DESCRIPTION OF NC if VOID: "VOID, Location, details (initials, date)"]], INDEX(_xlfn._xlws.FILTER(ROW(INDIRECT("1:" & LEN(Table27[[#This Row],[BRIEF DESCRIPTION OF NC if VOID: "VOID, Location, details (initials, date)"]]))), (48 <= CODE(MID(Table27[[#This Row],[BRIEF DESCRIPTION OF NC if VOID: "VOID, Location, details (initials, date)"]], ROW(INDIRECT("1:" & LEN(Table27[[#This Row],[BRIEF DESCRIPTION OF NC if VOID: "VOID, Location, details (initials, date)"]]))), 1))) * (CODE(MID(Table27[[#This Row],[BRIEF DESCRIPTION OF NC if VOID: "VOID, Location, details (initials, date)"]], ROW(INDIRECT("1:" & LEN(Table27[[#This Row],[BRIEF DESCRIPTION OF NC if VOID: "VOID, Location, details (initials, date)"]]))), 1)) <= 57)), 1) - 1), FIND(":", Table27[[#This Row],[BRIEF DESCRIPTION OF NC if VOID: "VOID, Location, details (initials, date)"]]) + 2, LEN(Table27[[#This Row],[BRIEF DESCRIPTION OF NC if VOID: "VOID, Location, details (initials, date)"]]))} -> CO | G57: =MID(LEFT(Table27[[#This Row],[BRIEF DESCRIPTION OF NC if VOID: "VOID, Location, details (initials, date)"]], FIND(",", Table27[[#This Row],[BRIEF DESCRIPTION OF NC if VOID: "VOID, Location, details (initials, date)"]]) - 1), FIND("{token}", SUBSTITUTE(Table27[[#This Row],[BRIEF DESCRIPTION OF NC if VOID: "VOID, Location, details (initials, date)"]], " ", "{token}", 2)) + 1, LEN(Table27[[#This Row],[BRIEF DESCRIPTION OF NC if VOID: "VOID, Location, details (initials, date)"]])) -> D1298 - API Gravity | H57: -235.5 | I57: 45307 | J57: JN | K57: 45309 | L57: Confirmed Transcription Error. | M57: 56 | N57: =IF(ISBLANK(K57), TODAY()-(I57), "CLOSED") -> CLOSED
A58: Houston (HTC), TX | B58: =VLOOKUP(Table27[[#This Row],[Location (drop-down)]],'List source'!D$2:E$60,2,FALSE) -> 120 | C58: 057 | D58: ="PTO" & C58 & "-" & B58 & "-" & "24" -> PTO057-120-24 | E58: PT: RFG2309; D7039 - Sulfur, by MWDXRF, Z-Score = -3.30 | F58: {=MID(LEFT(Table27[[#This Row],[BRIEF DESCRIPTION OF NC if VOID: "VOID, Location, details (initials, date)"]], INDEX(_xlfn._xlws.FILTER(ROW(INDIRECT("1:" & LEN(Table27[[#This Row],[BRIEF DESCRIPTION OF NC if VOID: "VOID, Location, details (initials, date)"]]))), (48 <= CODE(MID(Table27[[#This Row],[BRIEF DESCRIPTION OF NC if VOID: "VOID, Location, details (initials, date)"]], ROW(INDIRECT("1:" & LEN(Table27[[#This Row],[BRIEF DESCRIPTION OF NC if VOID: "VOID, Location, details (initials, date)"]]))), 1))) * (CODE(MID(Table27[[#This Row],[BRIEF DESCRIPTION OF NC if VOID: "VOID, Location, details (initials, date)"]], ROW(INDIRECT("1:" & LEN(Table27[[#This Row],[BRIEF DESCRIPTION OF NC if VOID: "VOID, Location, details (initials, date)"]]))), 1)) <= 57)), 1) - 1), FIND(":", Table27[[#This Row],[BRIEF DESCRIPTION OF NC if VOID: "VOID, Location, details (initials, date)"]]) + 2, LEN(Table27[[#This Row],[BRIEF DESCRIPTION OF NC if VOID: "VOID, Location, details (initials, date)"]]))} -> RFG | G58: =MID(LEFT(Table27[[#This Row],[BRIEF DESCRIPTION OF NC if VOID: "VOID, Location, details (initials, date)"]], FIND(",", Table27[[#This Row],[BRIEF DESCRIPTION OF NC if VOID: "VOID, Location, details (initials, date)"]]) - 1), FIND("{token}", SUBSTITUTE(Table27[[#This Row],[BRIEF DESCRIPTION OF NC if VOID: "VOID, Location, details (initials, date)"]], " ", "{token}", 2)) + 1, LEN(Table27[[#This Row],[BRIEF DESCRIPTION OF NC if VOID: "VOID, Location, details (initials, date)"]])) -> D7039 - Sulfur | H58: -3.3 | I58: 45307 | J58: JN | K58: 45309 | L58: Confirmed Transcription Error. | M58: 57 | N58: =IF(ISBLANK(K58), TODAY()-(I58), "CLOSED") -> CLOSED
A59: Houston (HTC), TX | B59: =VLOOKUP(Table27[[#This Row],[Location (drop-down)]],'List source'!D$2:E$60,2,FALSE) -> 120 | C59: 058 | D59: ="PTO" & C59 & "-" & B59 & "-" & "24" -> PTO058-120-24 | E59: PT: CO2307; D5708 - Element, Nickel, ICPAES, Method A | F59: {=MID(LEFT(Table27[[#This Row],[BRIEF DESCRIPTION OF NC if VOID: "VOID, Location, details (initials, date)"]], INDEX(_xlfn._xlws.FILTER(ROW(INDIRECT("1:" & LEN(Table27[[#This Row],[BRIEF DESCRIPTION OF NC if VOID: "VOID, Location, details (initials, date)"]]))), (48 <= CODE(MID(Table27[[#This Row],[BRIEF DESCRIPTION OF NC if VOID: "VOID, Location, details (initials, date)"]], ROW(INDIRECT("1:" & LEN(Table27[[#This Row],[BRIEF DESCRIPTION OF NC if VOID: "VOID, Location, details (initials, date)"]]))), 1))) * (CODE(MID(Table27[[#This Row],[BRIEF DESCRIPTION OF NC if VOID: "VOID, Location, details (initials, date)"]], ROW(INDIRECT("1:" & LEN(Table27[[#This Row],[BRIEF DESCRIPTION OF NC if VOID: "VOID, Location, details (initials, date)"]]))), 1)) <= 57)), 1) - 1), FIND(":", Table27[[#This Row],[BRIEF DESCRIPTION OF NC if VOID: "VOID, Location, details (initials, date)"]]) + 2, LEN(Table27[[#This Row],[BRIEF DESCRIPTION OF NC if VOID: "VOID, Location, details (initials, date)"]]))} -> CO | G59: =MID(LEFT(Table27[[#This Row],[BRIEF DESCRIPTION OF NC if VOID: "VOID, Location, details (initials, date)"]], FIND(",", Table27[[#This Row],[BRIEF DESCRIPTION OF NC if VOID: "VOID, Location, details (initials, date)"]]) - 1), FIND("{token}", SUBSTITUTE(Table27[[#This Row],[BRIEF DESCRIPTION OF NC if VOID: "VOID, Location, details (initials, date)"]], " ", "{token}", 2)) + 1, LEN(Table27[[#This Row],[BRIEF DESCRIPTION OF NC if VOID: "VOID, Location, details (initials, date)"]])) -> D5708 - Element | H59: -2.77 | I59: 45307 | J59: JN | K59: 45307 | L59: Meets both the precision performance and reproducibility criteria. | M59: 58 | N59: =IF(ISBLANK(K59), TODAY()-(I59), "CLOSED") -> CLOSED
A60: San Francisco (Concord), CA | B60: =VLOOKUP(Table27[[#This Row],[Location (drop-down)]],'List source'!D$2:E$60,2,FALSE) -> 131 | C60: 059 | D60: ="PTO" & C60 & "-" & B60 & "-" & "24" -> PTO059-131-24 | E60: PT: CO2307; D664 - Acid Number, A, 60 mL, inflection EP | F60: {=MID(LEFT(Table27[[#This Row],[BRIEF DESCRIPTION OF NC if VOID: "VOID, Location, details (initials, date)"]], INDEX(_xlfn._xlws.FILTER(ROW(INDIRECT("1:" & LEN(Table27[[#This Row],[BRIEF DESCRIPTION OF NC if VOID: "VOID, Location, details (initials, date)"]]))), (48 <= CODE(MID(Table27[[#This Row],[BRIEF DESCRIPTION OF NC if VOID: "VOID, Location, details (initials, date)"]], ROW(INDIRECT("1:" & LEN(Table27[[#This Row],[BRIEF DESCRIPTION OF NC if VOID: "VOID, Location, details (initials, date)"]]))), 1))) * (CODE(MID(Table27[[#This Row],[BRIEF DESCRIPTION OF NC if VOID: "VOID, Location, details (initials, date)"]], ROW(INDIRECT("1:" & LEN(Table27[[#This Row],[BRIEF DESCRIPTION OF NC if VOID: "VOID, Location, details (initials, date)"]]))), 1)) <= 57)), 1) - 1), FIND(":", Table27[[#This Row],[BRIEF DESCRIPTION OF NC if VOID: "VOID, Location, details (initials, date)"]]) + 2, LEN(Table27[[#This Row],[BRIEF DESCRIPTION OF NC if VOID: "VOID, Location, details (initials, date)"]]))} -> CO | G60: =MID(LEFT(Table27[[#This Row],[BRIEF DESCRIPTION OF NC if VOID: "VOID, Location, details (initials, date)"]], FIND(",", Table27[[#This Row],[BRIEF DESCRIPTION OF NC if VOID: "VOID, Location, details (initials, date)"]]) - 1), FIND("{token}", SUBSTITUTE(Table27[[#This Row],[BRIEF DESCRIPTION OF NC if VOID: "VOID, Location, details (initials, date)"]], " ", "{token}", 2)) + 1, LEN(Table27[[#This Row],[BRIEF DESCRIPTION OF NC if VOID: "VOID, Location, details (initials, date)"]])) -> D664 - Acid Number | H60: 2.09 | I60: 45307 | J60: JN | K60: 45307 | L60: Meets both the precision performance and reproducibility criteria. | M60: 59 | N60: =IF(ISBLANK(K60), TODAY()-(I60), "CLOSED") -> CLOSED
A61: Mobile, AL | B61: =VLOOKUP(Table27[[#This Row],[Location (drop-down)]],'List source'!D$2:E$60,2,FALSE) -> 146 | C61: 060 | D61: ="PTO" & C61 & "-" & B61 & "-" & "24" -> PTO060-146-24 | E61: PT: CO2307; D5708 - Element, Vanadium, ICPAES, Method A | F61: {=MID(LEFT(Table27[[#This Row],[BRIEF DESCRIPTION OF NC if VOID: "VOID, Location, details (initials, date)"]], INDEX(_xlfn._xlws.FILTER(ROW(INDIRECT("1:" & LEN(Table27[[#This Row],[BRIEF DESCRIPTION OF NC if VOID: "VOID, Location, details (initials, date)"]]))), (48 <= CODE(MID(Table27[[#This Row],[BRIEF DESCRIPTION OF NC if VOID: "VOID, Location, details (initials, date)"]], ROW(INDIRECT("1:" & LEN(Table27[[#This Row],[BRIEF DESCRIPTION OF NC if VOID: "VOID, Location, details (initials, date)"]]))), 1))) * (CODE(MID(Table27[[#This Row],[BRIEF DESCRIPTION OF NC if VOID: "VOID, Location, details (initials, date)"]], ROW(INDIRECT("1:" & LEN(Table27[[#This Row],[BRIEF DESCRIPTION OF NC if VOID: "VOID, Location, details (initials, date)"]]))), 1)) <= 57)), 1) - 1), FIND(":", Table27[[#This Row],[BRIEF DESCRIPTION OF NC if VOID: "VOID, Location, details (initials, date)"]]) + 2, LEN(Table27[[#This Row],[BRIEF DESCRIPTION OF NC if VOID: "VOID, Location, details (initials, date)"]]))} -> CO | G61: =MID(LEFT(Table27[[#This Row],[BRIEF DESCRIPTION OF NC if VOID: "VOID, Location, details (initials, date)"]], FIND(",", Table27[[#This Row],[BRIEF DESCRIPTION OF NC if VOID: "VOID, Location, details (initials, date)"]]) - 1), FIND("{token}", SUBSTITUTE(Table27[[#This Row],[BRIEF DESCRIPTION OF NC if VOID: "VOID, Location, details (initials, date)"]], " ", "{token}", 2)) + 1, LEN(Table27[[#This Row],[BRIEF DESCRIPTION OF NC if VOID: "VOID, Location, details (initials, date)"]])) -> D5708 - Element | H61: -2.05 | I61: 45307 | J61: JN | K61: 45307 | L61: Meets both the precision performance and reproducibility criteria. | M61: 60 | N61: =IF(ISBLANK(K61), TODAY()-(I61), "CLOSED") -> CLOSED
A62: Mobile, AL | B62: =VLOOKUP(Table27[[#This Row],[Location (drop-down)]],'List source'!D$2:E$60,2,FALSE) -> 146 | C62: 061 | D62: ="PTO" & C62 & "-" & B62 & "-" & "24" -> PTO061-146-24 | E62: PT: CO2307; D6377 - Vapor Pressure, Crude Oil, Expansion Method | F62: {=MID(LEFT(Table27[[#This Row],[BRIEF DESCRIPTION OF NC if VOID: "VOID, Location, details (initials, date)"]], INDEX(_xlfn._xlws.FILTER(ROW(INDIRECT("1:" & LEN(Table27[[#This Row],[BRIEF DESCRIPTION OF NC if VOID: "VOID, Location, details (initials, date)"]]))), (48 <= CODE(MID(Table27[[#This Row],[BRIEF DESCRIPTION OF NC if VOID: "VOID, Location, details (initials, date)"]], ROW(INDIRECT("1:" & LEN(Table27[[#This Row],[BRIEF DESCRIPTION OF NC if VOID: "VOID, Location, details (initials, date)"]]))), 1))) * (CODE(MID(Table27[[#This Row],[BRIEF DESCRIPTION OF NC if VOID: "VOID, Location, details (initials, date)"]], ROW(INDIRECT("1:" & LEN(Table27[[#This Row],[BRIEF DESCRIPTION OF NC if VOID: "VOID, Location, details (initials, date)"]]))), 1)) <= 57)), 1) - 1), FIND(":", Table27[[#This Row],[BRIEF DESCRIPTION OF NC if VOID: "VOID, Location, details (initials, date)"]]) + 2, LEN(Table27[[#This Row],[BRIEF DESCRIPTION OF NC if VOID: "VOID, Location, details (initials, date)"]]))} -> CO | G62: =MID(LEFT(Table27[[#This Row],[BRIEF DESCRIPTION OF NC if VOID: "VOID, Location, details (initials, date)"]], FIND(",", Table27[[#This Row],[BRIEF DESCRIPTION OF NC if VOID: "VOID, Location, details (initials, date)"]]) - 1), FIND("{token}", SUBSTITUTE(Table27[[#This Row],[BRIEF DESCRIPTION OF NC if VOID: "VOID, Location, details (initials, date)"]], " ", "{token}", 2)) + 1, LEN(Table27[[#This Row],[BRIEF DESCRIPTION OF NC if VOID: "VOID, Location, details (initials, date)"]])) -> D6377 - Vapor Pressure | H62: 2.99 | I62: 45307 | J62: JN | K62: 45307 | L62: Meets both the precision performance and reproducibility criteria. | M62: 61 | N62: =IF(ISBLANK(K62), TODAY()-(I62), "CLOSED") -> CLOSED
A63: Texas City, TX | B63: =VLOOKUP(Table27[[#This Row],[Location (drop-down)]],'List source'!D$2:E$60,2,FALSE) -> 150 | C63: 062 | D63: ="PTO" & C63 & "-" & B63 & "-" & "24" -> PTO062-150-24 | E63: PT: CO2307; D4928 - Water, Coulometric KF, Z-Score = 4.35 | F63: {=MID(LEFT(Table27[[#This Row],[BRIEF DESCRIPTION OF NC if VOID: "VOID, Location, details (initials, date)"]], INDEX(_xlfn._xlws.FILTER(ROW(INDIRECT("1:" & LEN(Table27[[#This Row],[BRIEF DESCRIPTION OF NC if VOID: "VOID, Location, details (initials, date)"]]))), (48 <= CODE(MID(Table27[[#This Row],[BRIEF DESCRIPTION OF NC if VOID: "VOID, Location, details (initials, date)"]], ROW(INDIRECT("1:" & LEN(Table27[[#This Row],[BRIEF DESCRIPTION OF NC if VOID: "VOID, Location, details (initials, date)"]]))), 1))) * (CODE(MID(Table27[[#This Row],[BRIEF DESCRIPTION OF NC if VOID: "VOID, Location, details (initials, date)"]], ROW(INDIRECT("1:" & LEN(Table27[[#This Row],[BRIEF DESCRIPTION OF NC if VOID: "VOID, Location, details (initials, date)"]]))), 1)) <= 57)), 1) - 1), FIND(":", Table27[[#This Row],[BRIEF DESCRIPTION OF NC if VOID: "VOID, Location, details (initials, date)"]]) + 2, LEN(Table27[[#This Row],[BRIEF DESCRIPTION OF NC if VOID: "VOID, Location, details (initials, date)"]]))} -> CO | G63: =MID(LEFT(Table27[[#This Row],[BRIEF DESCRIPTION OF NC if VOID: "VOID, Location, details (initials, date)"]], FIND(",", Table27[[#This Row],[BRIEF DESCRIPTION OF NC if VOID: "VOID, Location, details (initials, date)"]]) - 1), FIND("{token}", SUBSTITUTE(Table27[[#This Row],[BRIEF DESCRIPTION OF NC if VOID: "VOID, Location, details (initials, date)"]], " ", "{token}", 2)) + 1, LEN(Table27[[#This Row],[BRIEF DESCRIPTION OF NC if VOID: "VOID, Location, details (initials, date)"]])) -> D4928 - Water | H63: -3.15 | I63: 45307 | J63: ECu | K63: 45566 | M63: 62 | N63: =IF(ISBLANK(K63), TODAY()-(I63), "CLOSED") -> CLOSED
A64: Texas City, TX | B64: =VLOOKUP(Table27[[#This Row],[Location (drop-down)]],'List source'!D$2:E$60,2,FALSE) -> 150 | C64: 063 | D64: ="PTO" & C64 & "-" & B64 & "-" & "24" -> PTO063-150-24 | E64: PT: CO2307; D4006 - Water,by Distillation | F64: {=MID(LEFT(Table27[[#This Row],[BRIEF DESCRIPTION OF NC if VOID: "VOID, Location, details (initials, date)"]], INDEX(_xlfn._xlws.FILTER(ROW(INDIRECT("1:" & LEN(Table27[[#This Row],[BRIEF DESCRIPTION OF NC if VOID: "VOID, Location, details (initials, date)"]]))), (48 <= CODE(MID(Table27[[#This Row],[BRIEF DESCRIPTION OF NC if VOID: "VOID, Location, details (initials, date)"]], ROW(INDIRECT("1:" & LEN(Table27[[#This Row],[BRIEF DESCRIPTION OF NC if VOID: "VOID, Location, details (initials, date)"]]))), 1))) * (CODE(MID(Table27[[#This Row],[BRIEF DESCRIPTION OF NC if VOID: "VOID, Location, details (initials, date)"]], ROW(INDIRECT("1:" & LEN(Table27[[#This Row],[BRIEF DESCRIPTION OF NC if VOID: "VOID, Location, details (initials, date)"]]))), 1)) <= 57)), 1) - 1), FIND(":", Table27[[#This Row],[BRIEF DESCRIPTION OF NC if VOID: "VOID, Location, details (initials, date)"]]) + 2, LEN(Table27[[#This Row],[BRIEF DESCRIPTION OF NC if VOID: "VOID, Location, details (initials, date)"]]))} -> CO | G64: =MID(LEFT(Table27[[#This Row],[BRIEF DESCRIPTION OF NC if VOID: "VOID, Location, details (initials, date)"]], FIND(",", Table27[[#This Row],[BRIEF DESCRIPTION OF NC if VOID: "VOID, Location, details (initials, date)"]]) - 1), FIND("{token}", SUBSTITUTE(Table27[[#This Row],[BRIEF DESCRIPTION OF NC if VOID: "VOID, Location, details (initials, date)"]], " ", "{token}", 2)) + 1, LEN(Table27[[#This Row],[BRIEF DESCRIPTION OF NC if VOID: "VOID, Location, details (initials, date)"]])) -> D4006 - Water | H64: -2.25 | I64: 45307 | J64: JN | K64: 45307 | L64: Meets both the precision performance and reproducibility criteria. | M64: 63 | N64: =IF(ISBLANK(K64), TODAY()-(I64), "CLOSED") -> CLOSED
A65: Corpus Christi, TX | B65: =VLOOKUP(Table27[[#This Row],[Location (drop-down)]],'List source'!D$2:E$60,2,FALSE) -> 155 | C65: 064 | D65: ="PTO" & C65 & "-" & B65 & "-" & "24" -> PTO064-155-24 | E65: PT: CO2307; D7169 - BP Dist by HT-GC, Cut 1, 82.2C (180F), Cut 2, Cut 3, Cut 4, Cut 5, Cut 6, & Cut 7, Z-Scores = 22.68, 88.23, 53.37, 28.81, 15.57, 4.53, & 2.82 | F65: {=MID(LEFT(Table27[[#This Row],[BRIEF DESCRIPTION OF NC if VOID: "VOID, Location, details (initials, date)"]], INDEX(_xlfn._xlws.FILTER(ROW(INDIRECT("1:" & LEN(Table27[[#This Row],[BRIEF DESCRIPTION OF NC if VOID: "VOID, Location, details (initials, date)"]]))), (48 <= CODE(MID(Table27[[#This Row],[BRIEF DESCRIPTION OF NC if VOID: "VOID, Location, details (initials, date)"]], ROW(INDIRECT("1:" & LEN(Table27[[#This Row],[BRIEF DESCRIPTION OF NC if VOID: "VOID, Location, details (initials, date)"]]))), 1))) * (CODE(MID(Table27[[#This Row],[BRIEF DESCRIPTION OF NC if VOID: "VOID, Location, details (initials, date)"]], ROW(INDIRECT("1:" & LEN(Table27[[#This Row],[BRIEF DESCRIPTION OF NC if VOID: "VOID, Location, details (initials, date)"]]))), 1)) <= 57)), 1) - 1), FIND(":", Table27[[#This Row],[BRIEF DESCRIPTION OF NC if VOID: "VOID, Location, details (initials, date)"]]) + 2, LEN(Table27[[#This Row],[BRIEF DESCRIPTION OF NC if VOID: "VOID, Location, details (initials, date)"]]))} -> CO | G65: =MID(LEFT(Table27[[#This Row],[BRIEF DESCRIPTION OF NC if VOID: "VOID, Location, details (initials, date)"]], FIND(",", Table27[[#This Row],[BRIEF DESCRIPTION OF NC if VOID: "VOID, Location, details (initials, date)"]]) - 1), FIND("{token}", SUBSTITUTE(Table27[[#This Row],[BRIEF DESCRIPTION OF NC if VOID: "VOID, Location, details (initials, date)"]], " ", "{token}", 2)) + 1, LEN(Table27[[#This Row],[BRIEF DESCRIPTION OF NC if VOID: "VOID, Location, details (initials, date)"]])) -> D7169 - BP Dist by HT-GC | H65: 22.68, 88.23, 53.37, 28.81, 15.57, 4.53, & 2.82 | I65: 45307 | J65: ECu | K65: 45631 | M65: 64 | N65: =IF(ISBLANK(K65), TODAY()-(I65), "CLOSED") -> CLOSED
A66: Corpus Christi, TX | B66: =VLOOKUP(Table27[[#This Row],[Location (drop-down)]],'List source'!D$2:E$60,2,FALSE) -> 155 | C66: 065 | D66: ="PTO" & C66 & "-" & B66 & "-" & "24" -> PTO065-155-24 | E66: PT: CO2307; D445 - Viscosity, Kinematic, 40 °C, Z-Score = 4.93 | F66: {=MID(LEFT(Table27[[#This Row],[BRIEF DESCRIPTION OF NC if VOID: "VOID, Location, details (initials, date)"]], INDEX(_xlfn._xlws.FILTER(ROW(INDIRECT("1:" & LEN(Table27[[#This Row],[BRIEF DESCRIPTION OF NC if VOID: "VOID, Location, details (initials, date)"]]))), (48 <= CODE(MID(Table27[[#This Row],[BRIEF DESCRIPTION OF NC if VOID: "VOID, Location, details (initials, date)"]], ROW(INDIRECT("1:" & LEN(Table27[[#This Row],[BRIEF DESCRIPTION OF NC if VOID: "VOID, Location, details (initials, date)"]]))), 1))) * (CODE(MID(Table27[[#This Row],[BRIEF DESCRIPTION OF NC if VOID: "VOID, Location, details (initials, date)"]], ROW(INDIRECT("1:" & LEN(Table27[[#This Row],[BRIEF DESCRIPTION OF NC if VOID: "VOID, Location, details (initials, date)"]]))), 1)) <= 57)), 1) - 1), FIND(":", Table27[[#This Row],[BRIEF DESCRIPTION OF NC if VOID: "VOID, Location, details (initials, date)"]]) + 2, LEN(Table27[[#This Row],[BRIEF DESCRIPTION OF NC if VOID: "VOID, Location, details (initials, date)"]]))} -> CO | G66: =MID(LEFT(Table27[[#This Row],[BRIEF DESCRIPTION OF NC if VOID: "VOID, Location, details (initials, date)"]], FIND(",", Table27[[#This Row],[BRIEF DESCRIPTION OF NC if VOID: "VOID, Location, details (initials, date)"]]) - 1), FIND("{token}", SUBSTITUTE(Table27[[#This Row],[BRIEF DESCRIPTION OF NC if VOID: "VOID, Location, details (initials, date)"]], " ", "{token}", 2)) + 1, LEN(Table27[[#This Row],[BRIEF DESCRIPTION OF NC if VOID: "VOID, Location, details (initials, date)"]])) -> D445 - Viscosity | H66: 4.93 | I66: 45307 | J66: HB | K66: 45378 | M66: 65 | N66: =IF(ISBLANK(K66), TODAY()-(I66), "CLOSED") -> CLOSED
A67: Corpus Christi, TX | B67: =VLOOKUP(Table27[[#This Row],[Location (drop-down)]],'List source'!D$2:E$60,2,FALSE) -> 155 | C67: 066 | D67: ="PTO" & C67 & "-" & B67 & "-" & "24" -> PTO066-155-24 | E67: PT: CO2307; D4007 - Water and Sediment, Centrifuge, Z-Score = 4.29 | F67: {=MID(LEFT(Table27[[#This Row],[BRIEF DESCRIPTION OF NC if VOID: "VOID, Location, details (initials, date)"]], INDEX(_xlfn._xlws.FILTER(ROW(INDIRECT("1:" & LEN(Table27[[#This Row],[BRIEF DESCRIPTION OF NC if VOID: "VOID, Location, details (initials, date)"]]))), (48 <= CODE(MID(Table27[[#This Row],[BRIEF DESCRIPTION OF NC if VOID: "VOID, Location, details (initials, date)"]], ROW(INDIRECT("1:" & LEN(Table27[[#This Row],[BRIEF DESCRIPTION OF NC if VOID: "VOID, Location, details (initials, date)"]]))), 1))) * (CODE(MID(Table27[[#This Row],[BRIEF DESCRIPTION OF NC if VOID: "VOID, Location, details (initials, date)"]], ROW(INDIRECT("1:" & LEN(Table27[[#This Row],[BRIEF DESCRIPTION OF NC if VOID: "VOID, Location, details (initials, date)"]]))), 1)) <= 57)), 1) - 1), FIND(":", Table27[[#This Row],[BRIEF DESCRIPTION OF NC if VOID: "VOID, Location, details (initials, date)"]]) + 2, LEN(Table27[[#This Row],[BRIEF DESCRIPTION OF NC if VOID: "VOID, Location, details (initials, date)"]]))} -> CO | G67: =MID(LEFT(Table27[[#This Row],[BRIEF DESCRIPTION OF NC if VOID: "VOID, Location, details (initials, date)"]], FIND(",", Table27[[#This Row],[BRIEF DESCRIPTION OF NC if VOID: "VOID, Location, details (initials, date)"]]) - 1), FIND("{token}", SUBSTITUTE(Table27[[#This Row],[BRIEF DESCRIPTION OF NC if VOID: "VOID, Location, details (initials, date)"]], " ", "{token}", 2)) + 1, LEN(Table27[[#This Row],[BRIEF DESCRIPTION OF NC if VOID: "VOID, Location, details (initials, date)"]])) -> D4007 - Water and Sediment | H67: 4.29 | I67: 45307 | J67: HB | K67: 45337 | M67: 66 | N67: =IF(ISBLANK(K67), TODAY()-(I67), "CLOSED") -> CLOSED
A68: Pecos (West Texas), TX | B68: =VLOOKUP(Table27[[#This Row],[Location (drop-down)]],'List source'!D$2:E$60,2,FALSE) -> 156 | C68: 067 | D68: ="PTO" & C68 & "-" & B68 & "-" & "24" -> PTO067-156-24 | E68: PT: CO2307: D4294 - Sulfur, by EDXRF, Z-Score = -2.19 | F68: {=MID(LEFT(Table27[[#This Row],[BRIEF DESCRIPTION OF NC if VOID: "VOID, Location, details (initials, date)"]], INDEX(_xlfn._xlws.FILTER(ROW(INDIRECT("1:" & LEN(Table27[[#This Row],[BRIEF DESCRIPTION OF NC if VOID: "VOID, Location, details (initials, date)"]]))), (48 <= CODE(MID(Table27[[#This Row],[BRIEF DESCRIPTION OF NC if VOID: "VOID, Location, details (initials, date)"]], ROW(INDIRECT("1:" & LEN(Table27[[#This Row],[BRIEF DESCRIPTION OF NC if VOID: "VOID, Location, details (initials, date)"]]))), 1))) * (CODE(MID(Table27[[#This Row],[BRIEF DESCRIPTION OF NC if VOID: "VOID, Location, details (initials, date)"]], ROW(INDIRECT("1:" & LEN(Table27[[#This Row],[BRIEF DESCRIPTION OF NC if VOID: "VOID, Location, details (initials, date)"]]))), 1)) <= 57)), 1) - 1), FIND(":", Table27[[#This Row],[BRIEF DESCRIPTION OF NC if VOID: "VOID, Location, details (initials, date)"]]) + 2, LEN(Table27[[#This Row],[BRIEF DESCRIPTION OF NC if VOID: "VOID, Location, details (initials, date)"]]))} -> CO | G68: =MID(LEFT(Table27[[#This Row],[BRIEF DESCRIPTION OF NC if VOID: "VOID, Location, details (initials, date)"]], FIND(",", Table27[[#This Row],[BRIEF DESCRIPTION OF NC if VOID: "VOID, Location, details (initials, date)"]]) - 1), FIND("{token}", SUBSTITUTE(Table27[[#This Row],[BRIEF DESCRIPTION OF NC if VOID: "VOID, Location, details (initials, date)"]], " ", "{token}", 2)) + 1, LEN(Table27[[#This Row],[BRIEF DESCRIPTION OF NC if VOID: "VOID, Location, details (initials, date)"]])) -> D4294 - Sulfur | H68: -2.19 | I68: 45307 | J68: HB | K68: 45337 | M68: 67 | N68: =IF(ISBLANK(K68), TODAY()-(I68), "CLOSED") -> CLOSED
A69: Cushing, OK | B69: =VLOOKUP(Table27[[#This Row],[Location (drop-down)]],'List source'!D$2:E$60,2,FALSE) -> 159 | C69: 068 | D69: ="PTO" & C69 & "-" & B69 & "-" & "24" -> PTO068-159-24 | E69: PT: CO2307: D4530 - Carbon Residue, Micro, Z-Score = -2.25 | F69: {=MID(LEFT(Table27[[#This Row],[BRIEF DESCRIPTION OF NC if VOID: "VOID, Location, details (initials, date)"]], INDEX(_xlfn._xlws.FILTER(ROW(INDIRECT("1:" & LEN(Table27[[#This Row],[BRIEF DESCRIPTION OF NC if VOID: "VOID, Location, details (initials, date)"]]))), (48 <= CODE(MID(Table27[[#This Row],[BRIEF DESCRIPTION OF NC if VOID: "VOID, Location, details (initials, date)"]], ROW(INDIRECT("1:" & LEN(Table27[[#This Row],[BRIEF DESCRIPTION OF NC if VOID: "VOID, Location, details (initials, date)"]]))), 1))) * (CODE(MID(Table27[[#This Row],[BRIEF DESCRIPTION OF NC if VOID: "VOID, Location, details (initials, date)"]], ROW(INDIRECT("1:" & LEN(Table27[[#This Row],[BRIEF DESCRIPTION OF NC if VOID: "VOID, Location, details (initials, date)"]]))), 1)) <= 57)), 1) - 1), FIND(":", Table27[[#This Row],[BRIEF DESCRIPTION OF NC if VOID: "VOID, Location, details (initials, date)"]]) + 2, LEN(Table27[[#This Row],[BRIEF DESCRIPTION OF NC if VOID: "VOID, Location, details (initials, date)"]]))} -> CO | G69: =MID(LEFT(Table27[[#This Row],[BRIEF DESCRIPTION OF NC if VOID: "VOID, Location, details (initials, date)"]], FIND(",", Table27[[#This Row],[BRIEF DESCRIPTION OF NC if VOID: "VOID, Location, details (initials, date)"]]) - 1), FIND("{token}", SUBSTITUTE(Table27[[#This Row],[BRIEF DESCRIPTION OF NC if VOID: "VOID, Location, details (initials, date)"]], " ", "{token}", 2)) + 1, LEN(Table27[[#This Row],[BRIEF DESCRIPTION OF NC if VOID: "VOID, Location, details (initials, date)"]])) -> D4530 - Carbon Residue | H69: -2.25 | I69: 45307 | J69: HB | K69: 45318 | M69: 68 | N69: =IF(ISBLANK(K69), TODAY()-(I69), "CLOSED") -> CLOSED
A70: Cushing, OK | B70: =VLOOKUP(Table27[[#This Row],[Location (drop-down)]],'List source'!D$2:E$60,2,FALSE) -> 159 | C70: 069 | D70: ="PTO" & C70 & "-" & B70 & "-" & "24" -> PTO069-159-24 | E70: PT: CO2307; D5002 - Density, digital, 15 °C, Z-Score = -3.27 | F70: {=MID(LEFT(Table27[[#This Row],[BRIEF DESCRIPTION OF NC if VOID: "VOID, Location, details (initials, date)"]], INDEX(_xlfn._xlws.FILTER(ROW(INDIRECT("1:" & LEN(Table27[[#This Row],[BRIEF DESCRIPTION OF NC if VOID: "VOID, Location, details (initials, date)"]]))), (48 <= CODE(MID(Table27[[#This Row],[BRIEF DESCRIPTION OF NC if VOID: "VOID, Location, details (initials, date)"]], ROW(INDIRECT("1:" & LEN(Table27[[#This Row],[BRIEF DESCRIPTION OF NC if VOID: "VOID, Location, details (initials, date)"]]))), 1))) * (CODE(MID(Table27[[#This Row],[BRIEF DESCRIPTION OF NC if VOID: "VOID, Location, details (initials, date)"]], ROW(INDIRECT("1:" & LEN(Table27[[#This Row],[BRIEF DESCRIPTION OF NC if VOID: "VOID, Location, details (initials, date)"]]))), 1)) <= 57)), 1) - 1), FIND(":", Table27[[#This Row],[BRIEF DESCRIPTION OF NC if VOID: "VOID, Location, details (initials, date)"]]) + 2, LEN(Table27[[#This Row],[BRIEF DESCRIPTION OF NC if VOID: "VOID, Location, details (initials, date)"]]))} -> CO | G70: =MID(LEFT(Table27[[#This Row],[BRIEF DESCRIPTION OF NC if VOID: "VOID, Location, details (initials, date)"]], FIND(",", Table27[[#This Row],[BRIEF DESCRIPTION OF NC if VOID: "VOID, Location, details (initials, date)"]]) - 1), FIND("{token}", SUBSTITUTE(Table27[[#This Row],[BRIEF DESCRIPTION OF NC if VOID: "VOID, Location, details (initials, date)"]], " ", "{token}", 2)) + 1, LEN(Table27[[#This Row],[BRIEF DESCRIPTION OF NC if VOID: "VOID, Location, details (initials, date)"]])) -> D5002 - Density | H70: -3.27 | I70: 45307 | J70: MT | K70: 45327 | M70: 69 | N70: =IF(ISBLANK(K70), TODAY()-(I70), "CLOSED") -> CLOSED
A71: Lake Charles (Sulfur), LA | B71: =VLOOKUP(Table27[[#This Row],[Location (drop-down)]],'List source'!D$2:E$60,2,FALSE) -> 165 | C71: 070 | D71: ="PTO" & C71 & "-" & B71 & "-" & "24" -> PTO070-165-24 | E71: PT: CO2307; D7169 - BP Dist by HT-GC, IBP - FBP Z-Scores = Multiple Outliers | F71: {=MID(LEFT(Table27[[#This Row],[BRIEF DESCRIPTION OF NC if VOID: "VOID, Location, details (initials, date)"]], INDEX(_xlfn._xlws.FILTER(ROW(INDIRECT("1:" & LEN(Table27[[#This Row],[BRIEF DESCRIPTION OF NC if VOID: "VOID, Location, details (initials, date)"]]))), (48 <= CODE(MID(Table27[[#This Row],[BRIEF DESCRIPTION OF NC if VOID: "VOID, Location, details (initials, date)"]], ROW(INDIRECT("1:" & LEN(Table27[[#This Row],[BRIEF DESCRIPTION OF NC if VOID: "VOID, Location, details (initials, date)"]]))), 1))) * (CODE(MID(Table27[[#This Row],[BRIEF DESCRIPTION OF NC if VOID: "VOID, Location, details (initials, date)"]], ROW(INDIRECT("1:" & LEN(Table27[[#This Row],[BRIEF DESCRIPTION OF NC if VOID: "VOID, Location, details (initials, date)"]]))), 1)) <= 57)), 1) - 1), FIND(":", Table27[[#This Row],[BRIEF DESCRIPTION OF NC if VOID: "VOID, Location, details (initials, date)"]]) + 2, LEN(Table27[[#This Row],[BRIEF DESCRIPTION OF NC if VOID: "VOID, Location, details (initials, date)"]]))} -> CO | G71: =MID(LEFT(Table27[[#This Row],[BRIEF DESCRIPTION OF NC if VOID: "VOID, Location, details (initials, date)"]], FIND(",", Table27[[#This Row],[BRIEF DESCRIPTION OF NC if VOID: "VOID, Location, details (initials, date)"]]) - 1), FIND("{token}", SUBSTITUTE(Table27[[#This Row],[BRIEF DESCRIPTION OF NC if VOID: "VOID, Location, details (initials, date)"]], " ", "{token}", 2)) + 1, LEN(Table27[[#This Row],[BRIEF DESCRIPTION OF NC if VOID: "VOID, Location, details (initials, date)"]])) -> D7169 - BP Dist by HT-GC | H71: Multiple | I71: 45307 | J71: JN | K71: 45308 | L71: Confirmed Transcription Error. | M71: 70 | N71: =IF(ISBLANK(K71), TODAY()-(I71), "CLOSED") -> CLOSED
A72: Lake Charles (Sulfur), LA | B72: =VLOOKUP(Table27[[#This Row],[Location (drop-down)]],'List source'!D$2:E$60,2,FALSE) -> 165 | C72: 071 | D72: ="PTO" & C72 & "-" & B72 & "-" & "24" -> PTO071-165-24 | E72: PT: CO2307: D473 - Sediment, Z-Score = 2.32 | F72: {=MID(LEFT(Table27[[#This Row],[BRIEF DESCRIPTION OF NC if VOID: "VOID, Location, details (initials, date)"]], INDEX(_xlfn._xlws.FILTER(ROW(INDIRECT("1:" & LEN(Table27[[#This Row],[BRIEF DESCRIPTION OF NC if VOID: "VOID, Location, details (initials, date)"]]))), (48 <= CODE(MID(Table27[[#This Row],[BRIEF DESCRIPTION OF NC if VOID: "VOID, Location, details (initials, date)"]], ROW(INDIRECT("1:" & LEN(Table27[[#This Row],[BRIEF DESCRIPTION OF NC if VOID: "VOID, Location, details (initials, date)"]]))), 1))) * (CODE(MID(Table27[[#This Row],[BRIEF DESCRIPTION OF NC if VOID: "VOID, Location, details (initials, date)"]], ROW(INDIRECT("1:" & LEN(Table27[[#This Row],[BRIEF DESCRIPTION OF NC if VOID: "VOID, Location, details (initials, date)"]]))), 1)) <= 57)), 1) - 1), FIND(":", Table27[[#This Row],[BRIEF DESCRIPTION OF NC if VOID: "VOID, Location, details (initials, date)"]]) + 2, LEN(Table27[[#This Row],[BRIEF DESCRIPTION OF NC if VOID: "VOID, Location, details (initials, date)"]]))} -> CO | G72: =MID(LEFT(Table27[[#This Row],[BRIEF DESCRIPTION OF NC if VOID: "VOID, Location, details (initials, date)"]], FIND(",", Table27[[#This Row],[BRIEF DESCRIPTION OF NC if VOID: "VOID, Location, details (initials, date)"]]) - 1), FIND("{token}", SUBSTITUTE(Table27[[#This Row],[BRIEF DESCRIPTION OF NC if VOID: "VOID, Location, details (initials, date)"]], " ", "{token}", 2)) + 1, LEN(Table27[[#This Row],[BRIEF DESCRIPTION OF NC if VOID: "VOID, Location, details (initials, date)"]])) -> D473 - Sediment | H72: 2.32 | I72: 45307 | J72: HB | K72: 45391 | M72: 71 | N72: =IF(ISBLANK(K72), TODAY()-(I72), "CLOSED") -> CLOSED
A73: Lake Charles (Sulfur), LA | B73: =VLOOKUP(Table27[[#This Row],[Location (drop-down)]],'List source'!D$2:E$60,2,FALSE) -> 165 | C73: 072 | D73: ="PTO" & C73 & "-" & B73 & "-" & "24" -> PTO072-165-24 | E73: PT: CO2307; D445 - Viscosity, Kinematic, 40 °C, Z-Score = -20.40 | F73: {=MID(LEFT(Table27[[#This Row],[BRIEF DESCRIPTION OF NC if VOID: "VOID, Location, details (initials, date)"]], INDEX(_xlfn._xlws.FILTER(ROW(INDIRECT("1:" & LEN(Table27[[#This Row],[BRIEF DESCRIPTION OF NC if VOID: "VOID, Location, details (initials, date)"]]))), (48 <= CODE(MID(Table27[[#This Row],[BRIEF DESCRIPTION OF NC if VOID: "VOID, Location, details (initials, date)"]], ROW(INDIRECT("1:" & LEN(Table27[[#This Row],[BRIEF DESCRIPTION OF NC if VOID: "VOID, Location, details (initials, date)"]]))), 1))) * (CODE(MID(Table27[[#This Row],[BRIEF DESCRIPTION OF NC if VOID: "VOID, Location, details (initials, date)"]], ROW(INDIRECT("1:" & LEN(Table27[[#This Row],[BRIEF DESCRIPTION OF NC if VOID: "VOID, Location, details (initials, date)"]]))), 1)) <= 57)), 1) - 1), FIND(":", Table27[[#This Row],[BRIEF DESCRIPTION OF NC if VOID: "VOID, Location, details (initials, date)"]]) + 2, LEN(Table27[[#This Row],[BRIEF DESCRIPTION OF NC if VOID: "VOID, Location, details (initials, date)"]]))} -> CO | G73: =MID(LEFT(Table27[[#This Row],[BRIEF DESCRIPTION OF NC if VOID: "VOID, Location, details (initials, date)"]], FIND(",", Table27[[#This Row],[BRIEF DESCRIPTION OF NC if VOID: "VOID, Location, details (initials, date)"]]) - 1), FIND("{token}", SUBSTITUTE(Table27[[#This Row],[BRIEF DESCRIPTION OF NC if VOID: "VOID, Location, details (initials, date)"]], " ", "{token}", 2)) + 1, LEN(Table27[[#This Row],[BRIEF DESCRIPTION OF NC if VOID: "VOID, Location, details (initials, date)"]])) -> D445 - Viscosity | H73: -20.4 | I73: 45307 | J73: HB | K73: 45511 | M73: 72 | N73: =IF(ISBLANK(K73), TODAY()-(I73), "CLOSED") -> CLOSED
A74: Mickleton (Philly), NJ | B74: =VLOOKUP(Table27[[#This Row],[Location (drop-down)]],'List source'!D$2:E$60,2,FALSE) -> 180 | C74: 073 | D74: ="PTO" & C74 & "-" & B74 & "-" & "24" -> PTO073-180-24 | E74: PT: CO2307: D4928 - Water, Coulometric KF, Z-Score = -2.82 | F74: {=MID(LEFT(Table27[[#This Row],[BRIEF DESCRIPTION OF NC if VOID: "VOID, Location, details (initials, date)"]], INDEX(_xlfn._xlws.FILTER(ROW(INDIRECT("1:" & LEN(Table27[[#This Row],[BRIEF DESCRIPTION OF NC if VOID: "VOID, Location, details (initials, date)"]]))), (48 <= CODE(MID(Table27[[#This Row],[BRIEF DESCRIPTION OF NC if VOID: "VOID, Location, details (initials, date)"]], ROW(INDIRECT("1:" & LEN(Table27[[#This Row],[BRIEF DESCRIPTION OF NC if VOID: "VOID, Location, details (initials, date)"]]))), 1))) * (CODE(MID(Table27[[#This Row],[BRIEF DESCRIPTION OF NC if VOID: "VOID, Location, details (initials, date)"]], ROW(INDIRECT("1:" & LEN(Table27[[#This Row],[BRIEF DESCRIPTION OF NC if VOID: "VOID, Location, details (initials, date)"]]))), 1)) <= 57)), 1) - 1), FIND(":", Table27[[#This Row],[BRIEF DESCRIPTION OF NC if VOID: "VOID, Location, details (initials, date)"]]) + 2, LEN(Table27[[#This Row],[BRIEF DESCRIPTION OF NC if VOID: "VOID, Location, details (initials, date)"]]))} -> CO | G74: =MID(LEFT(Table27[[#This Row],[BRIEF DESCRIPTION OF NC if VOID: "VOID, Location, details (initials, date)"]], FIND(",", Table27[[#This Row],[BRIEF DESCRIPTION OF NC if VOID: "VOID, Location, details (initials, date)"]]) - 1), FIND("{token}", SUBSTITUTE(Table27[[#This Row],[BRIEF DESCRIPTION OF NC if VOID: "VOID, Location, details (initials, date)"]], " ", "{token}", 2)) + 1, LEN(Table27[[#This Row],[BRIEF DESCRIPTION OF NC if VOID: "VOID, Location, details (initials, date)"]])) -> D4928 - Water | H74: -2.82 | I74: 45307 | J74: JN | K74: 45307 | L74: Confirmed Transcription Error. | M74: 73 | N74: =IF(ISBLANK(K74), TODAY()-(I74), "CLOSED") -> CLOSED
A75: Mickleton (Philly), NJ | B75: =VLOOKUP(Table27[[#This Row],[Location (drop-down)]],'List source'!D$2:E$60,2,FALSE) -> 180 | C75: 074 | D75: ="PTO" & C75 & "-" & B75 & "-" & "24" -> PTO074-180-24 | E75: PT: CO2307; D4006 - Water,by Distillation | F75: {=MID(LEFT(Table27[[#This Row],[BRIEF DESCRIPTION OF NC if VOID: "VOID, Location, details (initials, date)"]], INDEX(_xlfn._xlws.FILTER(ROW(INDIRECT("1:" & LEN(Table27[[#This Row],[BRIEF DESCRIPTION OF NC if VOID: "VOID, Location, details (initials, date)"]]))), (48 <= CODE(MID(Table27[[#This Row],[BRIEF DESCRIPTION OF NC if VOID: "VOID, Location, details (initials, date)"]], ROW(INDIRECT("1:" & LEN(Table27[[#This Row],[BRIEF DESCRIPTION OF NC if VOID: "VOID, Location, details (initials, date)"]]))), 1))) * (CODE(MID(Table27[[#This Row],[BRIEF DESCRIPTION OF NC if VOID: "VOID, Location, details (initials, date)"]], ROW(INDIRECT("1:" & LEN(Table27[[#This Row],[BRIEF DESCRIPTION OF NC if VOID: "VOID, Location, details (initials, date)"]]))), 1)) <= 57)), 1) - 1), FIND(":", Table27[[#This Row],[BRIEF DESCRIPTION OF NC if VOID: "VOID, Location, details (initials, date)"]]) + 2, LEN(Table27[[#This Row],[BRIEF DESCRIPTION OF NC if VOID: "VOID, Location, details (initials, date)"]]))} -> CO | G75: =MID(LEFT(Table27[[#This Row],[BRIEF DESCRIPTION OF NC if VOID: "VOID, Location, details (initials, date)"]], FIND(",", Table27[[#This Row],[BRIEF DESCRIPTION OF NC if VOID: "VOID, Location, details (initials, date)"]]) - 1), FIND("{token}", SUBSTITUTE(Table27[[#This Row],[BRIEF DESCRIPTION OF NC if VOID: "VOID, Location, details (initials, date)"]], " ", "{token}", 2)) + 1, LEN(Table27[[#This Row],[BRIEF DESCRIPTION OF NC if VOID: "VOID, Location, details (initials, date)"]])) -> D4006 - Water | H75: -2.25 | I75: 45307 | J75: JN | K75: 45307 | L75: Meets both the precision performance and reproducibility criteria. | M75: 74 | N75: =IF(ISBLANK(K75), TODAY()-(I75), "CLOSED") -> CLOSED
A76: Baton Rouge (Gonzales), LA | B76: =VLOOKUP(Table27[[#This Row],[Location (drop-down)]],'List source'!D$2:E$60,2,FALSE) -> 190 | C76: 075 | D76: ="PTO" & C76 & "-" & B76 & "-" & "24" -> PTO075-190-24 | E76: PT: CO2307; D473 - Sediment, Z-Score = 4.35 | F76: {=MID(LEFT(Table27[[#This Row],[BRIEF DESCRIPTION OF NC if VOID: "VOID, Location, details (initials, date)"]], INDEX(_xlfn._xlws.FILTER(ROW(INDIRECT("1:" & LEN(Table27[[#This Row],[BRIEF DESCRIPTION OF NC if VOID: "VOID, Location, details (initials, date)"]]))), (48 <= CODE(MID(Table27[[#This Row],[BRIEF DESCRIPTION OF NC if VOID: "VOID, Location, details (initials, date)"]], ROW(INDIRECT("1:" & LEN(Table27[[#This Row],[BRIEF DESCRIPTION OF NC if VOID: "VOID, Location, details (initials, date)"]]))), 1))) * (CODE(MID(Table27[[#This Row],[BRIEF DESCRIPTION OF NC if VOID: "VOID, Location, details (initials, date)"]], ROW(INDIRECT("1:" & LEN(Table27[[#This Row],[BRIEF DESCRIPTION OF NC if VOID: "VOID, Location, details (initials, date)"]]))), 1)) <= 57)), 1) - 1), FIND(":", Table27[[#This Row],[BRIEF DESCRIPTION OF NC if VOID: "VOID, Location, details (initials, date)"]]) + 2, LEN(Table27[[#This Row],[BRIEF DESCRIPTION OF NC if VOID: "VOID, Location, details (initials, date)"]]))} -> CO | G76: =MID(LEFT(Table27[[#This Row],[BRIEF DESCRIPTION OF NC if VOID: "VOID, Location, details (initials, date)"]], FIND(",", Table27[[#This Row],[BRIEF DESCRIPTION OF NC if VOID: "VOID, Location, details (initials, date)"]]) - 1), FIND("{token}", SUBSTITUTE(Table27[[#This Row],[BRIEF DESCRIPTION OF NC if VOID: "VOID, Location, details (initials, date)"]], " ", "{token}", 2)) + 1, LEN(Table27[[#This Row],[BRIEF DESCRIPTION OF NC if VOID: "VOID, Location, details (initials, date)"]])) -> D473 - Sediment | H76: 4.35 | I76: 45307 | J76: LJ | K76: 45324 | M76: 75 | N76: =IF(ISBLANK(K76), TODAY()-(I76), "CLOSED") -> CLOSED
A77: Memphis, TN | B77: =VLOOKUP(Table27[[#This Row],[Location (drop-down)]],'List source'!D$2:E$60,2,FALSE) -> 191 | C77: 076 | D77: ="PTO" & C77 & "-" & B77 & "-" & "24" -> PTO076-191-24 | E77: PT: CO2307; D473 - Sediment, Z-Score = 4.35 | F77: {=MID(LEFT(Table27[[#This Row],[BRIEF DESCRIPTION OF NC if VOID: "VOID, Location, details (initials, date)"]], INDEX(_xlfn._xlws.FILTER(ROW(INDIRECT("1:" & LEN(Table27[[#This Row],[BRIEF DESCRIPTION OF NC if VOID: "VOID, Location, details (initials, date)"]]))), (48 <= CODE(MID(Table27[[#This Row],[BRIEF DESCRIPTION OF NC if VOID: "VOID, Location, details (initials, date)"]], ROW(INDIRECT("1:" & LEN(Table27[[#This Row],[BRIEF DESCRIPTION OF NC if VOID: "VOID, Location, details (initials, date)"]]))), 1))) * (CODE(MID(Table27[[#This Row],[BRIEF DESCRIPTION OF NC if VOID: "VOID, Location, details (initials, date)"]], ROW(INDIRECT("1:" & LEN(Table27[[#This Row],[BRIEF DESCRIPTION OF NC if VOID: "VOID, Location, details (initials, date)"]]))), 1)) <= 57)), 1) - 1), FIND(":", Table27[[#This Row],[BRIEF DESCRIPTION OF NC if VOID: "VOID, Location, details (initials, date)"]]) + 2, LEN(Table27[[#This Row],[BRIEF DESCRIPTION OF NC if VOID: "VOID, Location, details (initials, date)"]]))} -> CO | G77: =MID(LEFT(Table27[[#This Row],[BRIEF DESCRIPTION OF NC if VOID: "VOID, Location, details (initials, date)"]], FIND(",", Table27[[#This Row],[BRIEF DESCRIPTION OF NC if VOID: "VOID, Location, details (initials, date)"]]) - 1), FIND("{token}", SUBSTITUTE(Table27[[#This Row],[BRIEF DESCRIPTION OF NC if VOID: "VOID, Location, details (initials, date)"]], " ", "{token}", 2)) + 1, LEN(Table27[[#This Row],[BRIEF DESCRIPTION OF NC if VOID: "VOID, Location, details (initials, date)"]])) -> D473 - Sediment | H77: 4.35 | I77: 45307 | J77: JN | K77: 45313 | L77: Confirmed Transcription Error. | M77: 76 | N77: =IF(ISBLANK(K77), TODAY()-(I77), "CLOSED") -> CLOSED
A78: Memphis, TN | B78: =VLOOKUP(Table27[[#This Row],[Location (drop-down)]],'List source'!D$2:E$60,2,FALSE) -> 191 | C78: 077 | D78: ="PTO" & C78 & "-" & B78 & "-" & "24" -> PTO077-191-24 | E78: PT: CO2307; D4807 - Sediment, Z-Score = 4.17 | F78: {=MID(LEFT(Table27[[#This Row],[BRIEF DESCRIPTION OF NC if VOID: "VOID, Location, details (initials, date)"]], INDEX(_xlfn._xlws.FILTER(ROW(INDIRECT("1:" & LEN(Table27[[#This Row],[BRIEF DESCRIPTION OF NC if VOID: "VOID, Location, details (initials, date)"]]))), (48 <= CODE(MID(Table27[[#This Row],[BRIEF DESCRIPTION OF NC if VOID: "VOID, Location, details (initials, date)"]], ROW(INDIRECT("1:" & LEN(Table27[[#This Row],[BRIEF DESCRIPTION OF NC if VOID: "VOID, Location, details (initials, date)"]]))), 1))) * (CODE(MID(Table27[[#This Row],[BRIEF DESCRIPTION OF NC if VOID: "VOID, Location, details (initials, date)"]], ROW(INDIRECT("1:" & LEN(Table27[[#This Row],[BRIEF DESCRIPTION OF NC if VOID: "VOID, Location, details (initials, date)"]]))), 1)) <= 57)), 1) - 1), FIND(":", Table27[[#This Row],[BRIEF DESCRIPTION OF NC if VOID: "VOID, Location, details (initials, date)"]]) + 2, LEN(Table27[[#This Row],[BRIEF DESCRIPTION OF NC if VOID: "VOID, Location, details (initials, date)"]]))} -> CO | G78: =MID(LEFT(Table27[[#This Row],[BRIEF DESCRIPTION OF NC if VOID: "VOID, Location, details (initials, date)"]], FIND(",", Table27[[#This Row],[BRIEF DESCRIPTION OF NC if VOID: "VOID, Location, details (initials, date)"]]) - 1), FIND("{token}", SUBSTITUTE(Table27[[#This Row],[BRIEF DESCRIPTION OF NC if VOID: "VOID, Location, details (initials, date)"]], " ", "{token}", 2)) + 1, LEN(Table27[[#This Row],[BRIEF DESCRIPTION OF NC if VOID: "VOID, Location, details (initials, date)"]])) -> D4807 - Sediment | H78: 4.17 | I78: 45307 | J78: LJ | K78: 45356 | M78: 77 | N78: =IF(ISBLANK(K78), TODAY()-(I78), "CLOSED") -> CLOSED
A79: St Croix, USVI | B79: =VLOOKUP(Table27[[#This Row],[Location (drop-down)]],'List source'!D$2:E$60,2,FALSE) -> 210 | C79: 078 | D79: ="PTO" & C79 & "-" & B79 & "-" & "24" -> PTO078-210-24 | E79: PT: CO2307; D97 - Pour Point, residual fuels | F79: {=MID(LEFT(Table27[[#This Row],[BRIEF DESCRIPTION OF NC if VOID: "VOID, Location, details (initials, date)"]], INDEX(_xlfn._xlws.FILTER(ROW(INDIRECT("1:" & LEN(Table27[[#This Row],[BRIEF DESCRIPTION OF NC if VOID: "VOID, Location, details (initials, date)"]]))), (48 <= CODE(MID(Table27[[#This Row],[BRIEF DESCRIPTION OF NC if VOID: "VOID, Location, details (initials, date)"]], ROW(INDIRECT("1:" & LEN(Table27[[#This Row],[BRIEF DESCRIPTION OF NC if VOID: "VOID, Location, details (initials, date)"]]))), 1))) * (CODE(MID(Table27[[#This Row],[BRIEF DESCRIPTION OF NC if VOID: "VOID, Location, details (initials, date)"]], ROW(INDIRECT("1:" & LEN(Table27[[#This Row],[BRIEF DESCRIPTION OF NC if VOID: "VOID, Location, details (initials, date)"]]))), 1)) <= 57)), 1) - 1), FIND(":", Table27[[#This Row],[BRIEF DESCRIPTION OF NC if VOID: "VOID, Location, details (initials, date)"]]) + 2, LEN(Table27[[#This Row],[BRIEF DESCRIPTION OF NC if VOID: "VOID, Location, details (initials, date)"]]))} -> CO | G79: =MID(LEFT(Table27[[#This Row],[BRIEF DESCRIPTION OF NC if VOID: "VOID, Location, details (initials, date)"]], FIND(",", Table27[[#This Row],[BRIEF DESCRIPTION OF NC if VOID: "VOID, Location, details (initials, date)"]]) - 1), FIND("{token}", SUBSTITUTE(Table27[[#This Row],[BRIEF DESCRIPTION OF NC if VOID: "VOID, Location, details (initials, date)"]], " ", "{token}", 2)) + 1, LEN(Table27[[#This Row],[BRIEF DESCRIPTION OF NC if VOID: "VOID, Location, details (initials, date)"]])) -> D97 - Pour Point | H79: 2.7 | I79: 45307 | J79: JN | K79: 45307 | L79: Meets both the precision performance and reproducibility criteria. | M79: 78 | N79: =IF(ISBLANK(K79), TODAY()-(I79), "CLOSED") -> CLOSED
A80: St Croix, USVI | B80: =VLOOKUP(Table27[[#This Row],[Location (drop-down)]],'List source'!D$2:E$60,2,FALSE) -> 210 | C80: 079 | D80: ="PTO" & C80 & "-" & B80 & "-" & "24" -> PTO079-210-24 | E80: PT: CO2307; D445 - Viscosity, Kinematic, 25 °C, Z-Score = -24.94 | F80: {=MID(LEFT(Table27[[#This Row],[BRIEF DESCRIPTION OF NC if VOID: "VOID, Location, details (initials, date)"]], INDEX(_xlfn._xlws.FILTER(ROW(INDIRECT("1:" & LEN(Table27[[#This Row],[BRIEF DESCRIPTION OF NC if VOID: "VOID, Location, details (initials, date)"]]))), (48 <= CODE(MID(Table27[[#This Row],[BRIEF DESCRIPTION OF NC if VOID: "VOID, Location, details (initials, date)"]], ROW(INDIRECT("1:" & LEN(Table27[[#This Row],[BRIEF DESCRIPTION OF NC if VOID: "VOID, Location, details (initials, date)"]]))), 1))) * (CODE(MID(Table27[[#This Row],[BRIEF DESCRIPTION OF NC if VOID: "VOID, Location, details (initials, date)"]], ROW(INDIRECT("1:" & LEN(Table27[[#This Row],[BRIEF DESCRIPTION OF NC if VOID: "VOID, Location, details (initials, date)"]]))), 1)) <= 57)), 1) - 1), FIND(":", Table27[[#This Row],[BRIEF DESCRIPTION OF NC if VOID: "VOID, Location, details (initials, date)"]]) + 2, LEN(Table27[[#This Row],[BRIEF DESCRIPTION OF NC if VOID: "VOID, Location, details (initials, date)"]]))} -> CO | G80: =MID(LEFT(Table27[[#This Row],[BRIEF DESCRIPTION OF NC if VOID: "VOID, Location, details (initials, date)"]], FIND(",", Table27[[#This Row],[BRIEF DESCRIPTION OF NC if VOID: "VOID, Location, details (initials, date)"]]) - 1), FIND("{token}", SUBSTITUTE(Table27[[#This Row],[BRIEF DESCRIPTION OF NC if VOID: "VOID, Location, details (initials, date)"]], " ", "{token}", 2)) + 1, LEN(Table27[[#This Row],[BRIEF DESCRIPTION OF NC if VOID: "VOID, Location, details (initials, date)"]])) -> D445 - Viscosity | H80: -24.94 | I80: 45307 | J80: ECo | K80: 45432 | M80: 79 | N80: =IF(ISBLANK(K80), TODAY()-(I80), "CLOSED") -> CLOSED
A81: St Louis, MO | B81: =VLOOKUP(Table27[[#This Row],[Location (drop-down)]],'List source'!D$2:E$60,2,FALSE) -> 139 | C81: 080 | D81: ="PTO" & C81 & "-" & B81 & "-" & "24" -> PTO080-139-24 | E81: PT: OC2308; D2699 - Research Octane Number, Z-Score = -3.57 | F81: {=MID(LEFT(Table27[[#This Row],[BRIEF DESCRIPTION OF NC if VOID: "VOID, Location, details (initials, date)"]], INDEX(_xlfn._xlws.FILTER(ROW(INDIRECT("1:" & LEN(Table27[[#This Row],[BRIEF DESCRIPTION OF NC if VOID: "VOID, Location, details (initials, date)"]]))), (48 <= CODE(MID(Table27[[#This Row],[BRIEF DESCRIPTION OF NC if VOID: "VOID, Location, details (initials, date)"]], ROW(INDIRECT("1:" & LEN(Table27[[#This Row],[BRIEF DESCRIPTION OF NC if VOID: "VOID, Location, details (initials, date)"]]))), 1))) * (CODE(MID(Table27[[#This Row],[BRIEF DESCRIPTION OF NC if VOID: "VOID, Location, details (initials, date)"]], ROW(INDIRECT("1:" & LEN(Table27[[#This Row],[BRIEF DESCRIPTION OF NC if VOID: "VOID, Location, details (initials, date)"]]))), 1)) <= 57)), 1) - 1), FIND(":", Table27[[#This Row],[BRIEF DESCRIPTION OF NC if VOID: "VOID, Location, details (initials, date)"]]) + 2, LEN(Table27[[#This Row],[BRIEF DESCRIPTION OF NC if VOID: "VOID, Location, details (initials, date)"]]))} -> OC | G81: =MID(LEFT(Table27[[#This Row],[BRIEF DESCRIPTION OF NC if VOID: "VOID, Location, details (initials, date)"]], FIND(",", Table27[[#This Row],[BRIEF DESCRIPTION OF NC if VOID: "VOID, Location, details (initials, date)"]]) - 1), FIND("{token}", SUBSTITUTE(Table27[[#This Row],[BRIEF DESCRIPTION OF NC if VOID: "VOID, Location, details (initials, date)"]], " ", "{token}", 2)) + 1, LEN(Table27[[#This Row],[BRIEF DESCRIPTION OF NC if VOID: "VOID, Location, details (initials, date)"]])) -> D2699 - Research Octane Number | H81: -3.57 | I81: 45307 | J81: LJ | K81: 45369 | M81: 80 | N81: =IF(ISBLANK(K81), TODAY()-(I81), "CLOSED") -> CLOSED
A82: St Louis, MO | B82: =VLOOKUP(Table27[[#This Row],[Location (drop-down)]],'List source'!D$2:E$60,2,FALSE) -> 139 | C82: 081 | D82: ="PTO" & C82 & "-" & B82 & "-" & "24" -> PTO081-139-24 | E82: PT: OC2308; D2700 - Motor Octane Number, Z-Score = -2.74 | F82: {=MID(LEFT(Table27[[#This Row],[BRIEF DESCRIPTION OF NC if VOID: "VOID, Location, details (initials, date)"]], INDEX(_xlfn._xlws.FILTER(ROW(INDIRECT("1:" & LEN(Table27[[#This Row],[BRIEF DESCRIPTION OF NC if VOID: "VOID, Location, details (initials, date)"]]))), (48 <= CODE(MID(Table27[[#This Row],[BRIEF DESCRIPTION OF NC if VOID: "VOID, Location, details (initials, date)"]], ROW(INDIRECT("1:" & LEN(Table27[[#This Row],[BRIEF DESCRIPTION OF NC if VOID: "VOID, Location, details (initials, date)"]]))), 1))) * (CODE(MID(Table27[[#This Row],[BRIEF DESCRIPTION OF NC if VOID: "VOID, Location, details (initials, date)"]], ROW(INDIRECT("1:" & LEN(Table27[[#This Row],[BRIEF DESCRIPTION OF NC if VOID: "VOID, Location, details (initials, date)"]]))), 1)) <= 57)), 1) - 1), FIND(":", Table27[[#This Row],[BRIEF DESCRIPTION OF NC if VOID: "VOID, Location, details (initials, date)"]]) + 2, LEN(Table27[[#This Row],[BRIEF DESCRIPTION OF NC if VOID: "VOID, Location, details (initials, date)"]]))} -> OC | G82: =MID(LEFT(Table27[[#This Row],[BRIEF DESCRIPTION OF NC if VOID: "VOID, Location, details (initials, date)"]], FIND(",", Table27[[#This Row],[BRIEF DESCRIPTION OF NC if VOID: "VOID, Location, details (initials, date)"]]) - 1), FIND("{token}", SUBSTITUTE(Table27[[#This Row],[BRIEF DESCRIPTION OF NC if VOID: "VOID, Location, details (initials, date)"]], " ", "{token}", 2)) + 1, LEN(Table27[[#This Row],[BRIEF DESCRIPTION OF NC if VOID: "VOID, Location, details (initials, date)"]])) -> D2700 - Motor Octane Number | H82: -2.74 | I82: 45307 | J82: LJ | K82: 45369 | M82: 81 | N82: =IF(ISBLANK(K82), TODAY()-(I82), "CLOSED") -> CLOSED
A83: Corpus Christi, TX | B83: =VLOOKUP(Table27[[#This Row],[Location (drop-down)]],'List source'!D$2:E$60,2,FALSE) -> 155 | C83: 082 | D83: ="PTO" & C83 & "-" & B83 & "-" & "24" -> PTO082-155-24 | E83: PT: OC2308; D2699 - Research Octane Number | F83: {=MID(LEFT(Table27[[#This Row],[BRIEF DESCRIPTION OF NC if VOID: "VOID, Location, details (initials, date)"]], INDEX(_xlfn._xlws.FILTER(ROW(INDIRECT("1:" & LEN(Table27[[#This Row],[BRIEF DESCRIPTION OF NC if VOID: "VOID, Location, details (initials, date)"]]))), (48 <= CODE(MID(Table27[[#This Row],[BRIEF DESCRIPTION OF NC if VOID: "VOID, Location, details (initials, date)"]], ROW(INDIRECT("1:" & LEN(Table27[[#This Row],[BRIEF DESCRIPTION OF NC if VOID: "VOID, Location, details (initials, date)"]]))), 1))) * (CODE(MID(Table27[[#This Row],[BRIEF DESCRIPTION OF NC if VOID: "VOID, Location, details (initials, date)"]], ROW(INDIRECT("1:" & LEN(Table27[[#This Row],[BRIEF DESCRIPTION OF NC if VOID: "VOID, Location, details (initials, date)"]]))), 1)) <= 57)), 1) - 1), FIND(":", Table27[[#This Row],[BRIEF DESCRIPTION OF NC if VOID: "VOID, Location, details (initials, date)"]]) + 2, LEN(Table27[[#This Row],[BRIEF DESCRIPTION OF NC if VOID: "VOID, Location, details (initials, date)"]]))} -> OC | G83: D2699 - Research Octane Number | H83: -2.18 | I83: 45307 | J83: JN | K83: 45307 | L83: Meets both the precision performance and reproducibility criteria. | M83: 82 | N83: =IF(ISBLANK(K83), TODAY()-(I83), "CLOSED") -> CLOSED
A84: Corpus Christi, TX | B84: =VLOOKUP(Table27[[#This Row],[Location (drop-down)]],'List source'!D$2:E$60,2,FALSE) -> 155 | C84: 083 | D84: ="PTO" & C84 & "-" & B84 & "-" & "24" -> PTO083-155-24 | E84: PT: OC2308; Sulfur Content, Z-Score = 3.05 | F84: {=MID(LEFT(Table27[[#This Row],[BRIEF DESCRIPTION OF NC if VOID: "VOID, Location, details (initials, date)"]], INDEX(_xlfn._xlws.FILTER(ROW(INDIRECT("1:" & LEN(Table27[[#This Row],[BRIEF DESCRIPTION OF NC if VOID: "VOID, Location, details (initials, date)"]]))), (48 <= CODE(MID(Table27[[#This Row],[BRIEF DESCRIPTION OF NC if VOID: "VOID, Location, details (initials, date)"]], ROW(INDIRECT("1:" & LEN(Table27[[#This Row],[BRIEF DESCRIPTION OF NC if VOID: "VOID, Location, details (initials, date)"]]))), 1))) * (CODE(MID(Table27[[#This Row],[BRIEF DESCRIPTION OF NC if VOID: "VOID, Location, details (initials, date)"]], ROW(INDIRECT("1:" & LEN(Table27[[#This Row],[BRIEF DESCRIPTION OF NC if VOID: "VOID, Location, details (initials, date)"]]))), 1)) <= 57)), 1) - 1), FIND(":", Table27[[#This Row],[BRIEF DESCRIPTION OF NC if VOID: "VOID, Location, details (initials, date)"]]) + 2, LEN(Table27[[#This Row],[BRIEF DESCRIPTION OF NC if VOID: "VOID, Location, details (initials, date)"]]))} -> OC | G84: =MID(LEFT(Table27[[#This Row],[BRIEF DESCRIPTION OF NC if VOID: "VOID, Location, details (initials, date)"]], FIND(",", Table27[[#This Row],[BRIEF DESCRIPTION OF NC if VOID: "VOID, Location, details (initials, date)"]]) - 1), FIND("{token}", SUBSTITUTE(Table27[[#This Row],[BRIEF DESCRIPTION OF NC if VOID: "VOID, Location, details (initials, date)"]], " ", "{token}", 2)) + 1, LEN(Table27[[#This Row],[BRIEF DESCRIPTION OF NC if VOID: "VOID, Location, details (initials, date)"]])) -> Sulfur Content | H84: 3.05 | I84: 45307 | J84: HB | K84: 45379 | M84: 83 | N84: =IF(ISBLANK(K84), TODAY()-(I84), "CLOSED") -> CLOSED
A85: Halifax (Dartmouth), NS | B85: =VLOOKUP(Table27[[#This Row],[Location (drop-down)]],'List source'!D$2:E$60,2,FALSE) -> 198 | C85: 084 | D85: ="PTO" & C85 & "-" & B85 & "-" & "24" -> PTO084-198-24 | E85: PT: OC2308; D2700 - Motor Octane Number, Z-Score = 2.47 | F85: {=MID(LEFT(Table27[[#This Row],[BRIEF DESCRIPTION OF NC if VOID: "VOID, Location, details (initials, date)"]], INDEX(_xlfn._xlws.FILTER(ROW(INDIRECT("1:" & LEN(Table27[[#This Row],[BRIEF DESCRIPTION OF NC if VOID: "VOID, Location, details (initials, date)"]]))), (48 <= CODE(MID(Table27[[#This Row],[BRIEF DESCRIPTION OF NC if VOID: "VOID, Location, details (initials, date)"]], ROW(INDIRECT("1:" & LEN(Table27[[#This Row],[BRIEF DESCRIPTION OF NC if VOID: "VOID, Location, details (initials, date)"]]))), 1))) * (CODE(MID(Table27[[#This Row],[BRIEF DESCRIPTION OF NC if VOID: "VOID, Location, details (initials, date)"]], ROW(INDIRECT("1:" & LEN(Table27[[#This Row],[BRIEF DESCRIPTION OF NC if VOID: "VOID, Location, details (initials, date)"]]))), 1)) <= 57)), 1) - 1), FIND(":", Table27[[#This Row],[BRIEF DESCRIPTION OF NC if VOID: "VOID, Location, details (initials, date)"]]) + 2, LEN(Table27[[#This Row],[BRIEF DESCRIPTION OF NC if VOID: "VOID, Location, details (initials, date)"]]))} -> OC | G85: =MID(LEFT(Table27[[#This Row],[BRIEF DESCRIPTION OF NC if VOID: "VOID, Location, details (initials, date)"]], FIND(",", Table27[[#This Row],[BRIEF DESCRIPTION OF NC if VOID: "VOID, Location, details (initials, date)"]]) - 1), FIND("{token}", SUBSTITUTE(Table27[[#This Row],[BRIEF DESCRIPTION OF NC if VOID: "VOID, Location, details (initials, date)"]], " ", "{token}", 2)) + 1, LEN(Table27[[#This Row],[BRIEF DESCRIPTION OF NC if VOID: "VOID, Location, details (initials, date)"]])) -> D2700 - Motor Octane Number | H85: 2.47 | I85: 45307 | J85: KA | K85: 45617 | M85: 84 | N85: =IF(ISBLANK(K85), TODAY()-(I85), "CLOSED") -> CLOSED
