Workbook

Sheet Assessment '25
A1: Cushing, OK | B1: Location ID | C1: # | D1: Assessment # | E1: Start Date | F1: End Date | G1: Report Issued | H1: Type of Assessment (drop-down) | I1: Scope of Assessment (drop-down) | J1: QA In Charge (Get a copy of assessment report or summary) | K1: Assessor(s) / Auditor(s) name(s) | L1: Assessor's company | M1: Agency Type (Regulatory / certification / accreditation agency) (drop-down) | N1: Brief description of assessment scope
A2: San Francisco (Concord), CA | B2: =VLOOKUP(Table245[[#This Row],[Cushing, OK]],'List source'!D$2:E$71,2,FALSE) -> 131 | C2: 001 | D2: ="A" & C2 & "-" & B2 & "-" & "25" -> A001-131-25 | E2: 45297 | F2: 45300 | G2: 45689 | H2: Internal | I2: Inspection & Laboratory | J2: ECu | K2: ECu / KA | L2: AmSpec | N2: Annual internal quality systems assessment (ISO 9001) | O2: Annual internal quality systems assessment (ISO 9001)
A3: San Francisco (Concord), CA | B3: =VLOOKUP(Table245[[#This Row],[Cushing, OK]],'List source'!D$2:E$71,2,FALSE) -> 131 | C3: 002 | D3: ="A" & C3 & "-" & B3 & "-" & "25" -> A002-131-25 | E3: 45297 | F3: 45300 | G3: 45689 | H3: Internal | I3: Inspection & Laboratory | J3: ECu | K3: ECu / KA | L3: AmSpec | N3: Annual internal quality systems assessment (ISO 17025) | O3: Annual internal quality systems assessment (ISO 17025)
A4: Brownsville, TX | B4: =VLOOKUP(Table245[[#This Row],[Cushing, OK]],'List source'!D$2:E$71,2,FALSE) -> 158 | C4: 003 | D4: ="A" & C4 & "-" & B4 & "-" & "25" -> A003-158-25 | E4: 45663 | F4: 45666 | G4: 45684 | H4: Internal | I4: Inspection & Laboratory | J4: AH | K4: AH / HB | L4: AmSpec | N4: Annual internal quality systems assessment (ISO 9001) | O4: Annual internal quality systems assessment (BQ-9000)
A5: Brownsville, TX | B5: =VLOOKUP(Table245[[#This Row],[Cushing, OK]],'List source'!D$2:E$71,2,FALSE) -> 158 | C5: 004 | D5: ="A" & C5 & "-" & B5 & "-" & "25" -> A004-158-25 | E5: 45663 | F5: 45666 | G5: 45684 | H5: Internal | I5: Laboratory | J5: AH | K5: AH / HB | L5: AmSpec | N5: Annual internal quality systems assessment (ISO 17025) | O5: A2LA renewal assessment (ISO 17025)
A6: Mont Belvieu, TX | B6: =VLOOKUP(Table245[[#This Row],[Cushing, OK]],'List source'!D$2:E$71,2,FALSE) -> 120a | C6: 005 | D6: ="A" & C6 & "-" & B6 & "-" & "25" -> A005-120a-25 | E6: 45674 | F6: 45674 | G6: 45681 | H6: Internal | I6: Inspection & Laboratory | J6: MT | K6: MT | L6: AmSpec | N6: Annual internal quality systems assessment (ISO 9001) | O6: BQ9000 Renewal Accreditation
A7: St Croix, USVI | B7: =VLOOKUP(Table245[[#This Row],[Cushing, OK]],'List source'!D$2:E$71,2,FALSE) -> 210 | C7: 006 | D7: ="A" & C7 & "-" & B7 & "-" & "25" -> A006-210-25 | E7: 45677 | F7: 45678 | G7: 45680 | H7: Certifications | I7: Laboratory | J7: MT | K7: M. Cahill | L7: A2LA | N7: A2LA Initial Assessment | O7: USCBP Triennial audit
A8: Yorktown (Norfolk), VA | B8: =VLOOKUP(Table245[[#This Row],[Cushing, OK]],'List source'!D$2:E$71,2,FALSE) -> 185 | C8: 007 | D8: ="A" & C8 & "-" & B8 & "-" & "25" -> A007-185-25 | E8: 45677 | F8: 45680 | G8: 45706 | H8: Internal | I8: Inspection & Laboratory | J8: AH | K8: AH | L8: AmSpec | N8: Annual internal quality systems assessment (ISO 9001)
A9: Corpus Christi, TX | B9: =VLOOKUP(Table245[[#This Row],[Cushing, OK]],'List source'!D$2:E$71,2,FALSE) -> 155 | C9: 008 | D9: ="A" & C9 & "-" & B9 & "-" & "25" -> A008-155-25 | E9: 45678 | F9: 45680 | G9: 45706 | H9: Internal | I9: Inspection & Laboratory | J9: KA | K9: KA / ECu | L9: AmSpec | N9: Annual internal quality systems assessment (ISO 9001)
A10: Corpus Christi, TX | B10: =VLOOKUP(Table245[[#This Row],[Cushing, OK]],'List source'!D$2:E$71,2,FALSE) -> 155 | C10: 009 | D10: ="A" & C10 & "-" & B10 & "-" & "25" -> A009-155-25 | E10: 45678 | F10: 45680 | G10: 45706 | H10: Internal | I10: Laboratory | J10: KA | K10: KA / ECu | L10: AmSpec | N10: Annual internal quality systems assessment (ISO 17025)
A11: St Louis, MO | B11: =VLOOKUP(Table245[[#This Row],[Cushing, OK]],'List source'!D$2:E$71,2,FALSE) -> 139 | C11: 010 | D11: ="A" & C11 & "-" & B11 & "-" & "25" -> A010-139-25 | E11: 45684 | F11: 45686 | G11: 45701 | H11: Internal | I11: Inspection & Laboratory | J11: ECu | K11: ECu | L11: AmSpec | N11: Annual internal quality systems assessment (ISO 9001)
A12: HOFTI / Channelview, TX | B12: =VLOOKUP(Table245[[#This Row],[Cushing, OK]],'List source'!D$2:E$71,2,FALSE) -> 128 | C12: 011 | D12: ="A" & C12 & "-" & B12 & "-" & "25" -> A011-128-25 | E12: 45693 | F12: 45694 | G12: 45709 | H12: Internal | I12: Inspection & Laboratory | J12: AH | K12: AH / ECu | L12: AmSpec | N12: Annual internal quality systems assessment (ISO 9001)
A13: Mobile, AL | B13: =VLOOKUP(Table245[[#This Row],[Cushing, OK]],'List source'!D$2:E$71,2,FALSE) -> 146 | C13: 012 | D13: ="A" & C13 & "-" & B13 & "-" & "25" -> A012-146-25 | E13: 45692 | F13: 45694 | G13: 45694 | H13: Certifications | I13: Laboratory | J13: KA | K13: L. DeWitt | L13: A2LA | N13: A2LA renewal assessment
A14: Pittsburgh, PA | B14: =VLOOKUP(Table245[[#This Row],[Cushing, OK]],'List source'!D$2:E$71,2,FALSE) -> 178 | C14: 013 | D14: ="A" & C14 & "-" & B14 & "-" & "25" -> A013-178-25 | E14: 45692 | F14: 45693 | G14: 45695 | H14: Internal | I14: Inspection & Laboratory | J14: MT | K14: MT | L14: AmSpec | N14: Annual internal quality systems assessment (ISO 9001)
A15: Albany, NY | B15: =VLOOKUP(Table245[[#This Row],[Cushing, OK]],'List source'!D$2:E$71,2,FALSE) -> 111 | C15: 014 | D15: ="A" & C15 & "-" & B15 & "-" & "25" -> A014-111-25 | E15: 45701 | F15: 45701 | G15: 45705 | H15: Internal | I15: Inspection | J15: KA | K15: KA | L15: AmSpec | N15: Annual internal quality systems assessment (ISO 9001)
A16: Cincinnati (Erlanger), OH | B16: =VLOOKUP(Table245[[#This Row],[Cushing, OK]],'List source'!D$2:E$71,2,FALSE) -> 138 | C16: 015 | D16: ="A" & C16 & "-" & B16 & "-" & "25" -> A015-138-25 | E16: 45706 | F16: 45708 | G16: 45716 | H16: Internal | I16: Inspection & Laboratory | J16: MT | K16: MT | L16: AmSpec | N16: Annual internal quality systems assessment (ISO 9001)
A17: Boston (Everett), MA | B17: =VLOOKUP(Table245[[#This Row],[Cushing, OK]],'List source'!D$2:E$71,2,FALSE) -> 141 | C17: 016 | D17: ="A" & C17 & "-" & B17 & "-" & "25" -> A016-141-25 | E17: 45712 | F17: 45714 | G17: 45716 | H17: Internal | I17: Inspection & Laboratory | J17: KA | K17: KA | L17: AmSpec | N17: Annual internal quality systems assessment (ISO 9001)
A18: Cape Canaveral, FL | B18: =VLOOKUP(Table245[[#This Row],[Cushing, OK]],'List source'!D$2:E$71,2,FALSE) -> 127 | C18: 017 | D18: ="A" & C18 & "-" & B18 & "-" & "25" -> A017-127-25 | E18: 45713 | F18: 45716 | G18: 45743 | H18: Internal | I18: Inspection & Laboratory | J18: AH | K18: AH | L18: AmSpec | N18: Annual internal quality systems assessment (ISO 9001)
A19: Portland, ME | B19: =VLOOKUP(Table245[[#This Row],[Cushing, OK]],'List source'!D$2:E$71,2,FALSE) -> 142 | C19: 018 | D19: ="A" & C19 & "-" & B19 & "-" & "25" -> A018-142-25 | E19: 45712 | F19: 45714 | G19: 45720 | H19: Internal | I19: Inspection & Laboratory | J19: ECu | K19: ECu | L19: AmSpec | N19: Annual internal quality systems assessment (ISO 9001)
... A25: Baton Rouge (Gonzales), LA | B25: =VLOOKUP(Table245[[#This Row],[Cushing, OK]],'List source'!D$2:E$71,2,FALSE) -> 190 | C25: 024 | D25: ="A" & C25 & "-" & B25 & "-" & "25" -> A024-190-25 | E25: 45721 | F25: 45723 | G25: 45727 | H25: Internal | I25: Laboratory | J25: MT | K25: MT | L25: AmSpec | N25: Annual internal quality systems assessment (ISO 17025)
A26: Houston (HTC), TX | B26: =VLOOKUP(Table245[[#This Row],[Cushing, OK]],'List source'!D$2:E$71,2,FALSE) -> 120 | C26: 025 | D26: ="A" & C26 & "-" & B26 & "-" & "25" -> A025-120-25 | E26: 45721 | F26: 45721 | G26: 45721 | H26: Certifications | I26: Laboratory | J26: AH | K26: Robert Japikse | L26: Clean Fuels | M26: Certifications | N26: 12 month BQ9000 surveillance (C116 + C117-120-25)
A27: Halifax (Dartmouth), NS | B27: =VLOOKUP(Table245[[#This Row],[Cushing, OK]],'List source'!D$2:E$71,2,FALSE) -> 198 | C27: 026 | D27: ="A" & C27 & "-" & B27 & "-" & "25" -> A026-198-25 | E27: 45708 | F27: 45709 | G27: 45721 | H27: Customer | I27: Laboratory | J27: GF | K27: Kerry Costain | L27: Irving Oil | N27: Annual laboratory audit
A28: Bahamas (Freeport), GBI | B28: =VLOOKUP(Table245[[#This Row],[Cushing, OK]],'List source'!D$2:E$71,2,FALSE) -> 215 | C28: 027 | D28: ="A" & C28 & "-" & B28 & "-" & "25" -> A027-215-25 | E28: 45726 | F28: 45730 | G28: 45743 | H28: Internal | I28: Inspection & Laboratory | J28: KA | K28: KA | L28: AmSpec | N28: Annual internal quality systems assessment (ISO 9001)
A29: New Orleans (Destrehan), LA | B29: =VLOOKUP(Table245[[#This Row],[Cushing, OK]],'List source'!D$2:E$71,2,FALSE) -> 170 | C29: 028 | D29: ="A" & C29 & "-" & B29 & "-" & "25" -> A028-170-25 | E29: 45706 | F29: 45706 | H29: Customer | I29: Inspection & Laboratory | J29: DA | K29: Yossias Yohannes | L29: Chevron | N29: Lab/Ops/Safety Audit
A30: Baton Rouge (Gonzales), LA | B30: =VLOOKUP(Table245[[#This Row],[Cushing, OK]],'List source'!D$2:E$71,2,FALSE) -> 190 | C30: 029 | D30: ="A" & C30 & "-" & B30 & "-" & "25" -> A029-190-25 | E30: 45707 | F30: 45707 | H30: Customer | I30: Inspection & Laboratory | J30: DA | K30: Yossias Yohannes | L30: Chevron | N30: Lab/Ops/Safety Audit
A31: New Orleans (Destrehan), LA | B31: =VLOOKUP(Table245[[#This Row],[Cushing, OK]],'List source'!D$2:E$71,2,FALSE) -> 170 | C31: 030 | D31: ="A" & C31 & "-" & B31 & "-" & "25" -> A030-170-25 | E31: 45728 | F31: 45728 | H31: Certifications | I31: Laboratory | J31: DA | K31: Monty Fox | L31: Clean Fuels | M31: Certifications | N31: 12 month BQ9000 surveillance audit
A32: Ft Lauderdale (Davie), FL | B32: =VLOOKUP(Table245[[#This Row],[Cushing, OK]],'List source'!D$2:E$71,2,FALSE) -> 125 | C32: 031 | D32: ="A" & C32 & "-" & B32 & "-" & "25" -> A031-125-25 | E32: 45735 | F32: 45737 | G32: 45740 | H32: Internal | I32: Inspection & Laboratory | J32: MT | K32: MT | L32: AmSpec | N32: Annual internal quality systems assessment (ISO 9001)
A33: New Orleans (Destrehan), LA | B33: =VLOOKUP(Table245[[#This Row],[Cushing, OK]],'List source'!D$2:E$71,2,FALSE) -> 170 | C33: 032 | D33: ="A" & C33 & "-" & B33 & "-" & "25" -> A032-170-25 | E33: 45733 | F33: 45736 | G33: 45782 | H33: Internal | I33: Inspection & Laboratory | J33: AH | K33: AH / ECu | L33: AmSpec | N33: Annual internal quality systems assessment (ISO 9001)
A34: New Orleans (Destrehan), LA | B34: =VLOOKUP(Table245[[#This Row],[Cushing, OK]],'List source'!D$2:E$71,2,FALSE) -> 170 | C34: 033 | D34: ="A" & C34 & "-" & B34 & "-" & "25" -> A033-170-25 | E34: 45733 | F34: 45736 | G34: 45782 | H34: Internal | I34: Laboratory | J34: AH | K34: AH / ECu | L34: AmSpec | N34: Annual internal quality systems assessment (ISO 17025)
A35: New Orleans (Destrehan), LA | B35: =VLOOKUP(Table245[[#This Row],[Cushing, OK]],'List source'!D$2:E$71,2,FALSE) -> 170 | C35: 034 | D35: ="A" & C35 & "-" & B35 & "-" & "25" -> A034-170-25 | E35: 45733 | F35: 45736 | G35: 45782 | H35: Internal | I35: Laboratory | J35: AH | K35: AH / ECu | L35: AmSpec | N35: Annual internal quality systems assessment (BQ 9000)
A36: Puerto Rico | B36: =VLOOKUP(Table245[[#This Row],[Cushing, OK]],'List source'!D$2:E$71,2,FALSE) -> 192 | C36: 035 | D36: ="A" & C36 & "-" & B36 & "-" & "25" -> A035-192-25 | E36: 45747 | F36: 45749 | G36: 45754 | H36: Internal | I36: Inspection & Laboratory | J36: AH | K36: MT / AH | L36: AmSpec | N36: Annual internal quality systems assessment (ISO 9001)
A37: Halifax (Dartmouth), NS | B37: =VLOOKUP(Table245[[#This Row],[Cushing, OK]],'List source'!D$2:E$71,2,FALSE) -> 198 | C37: 036 | D37: ="A" & C37 & "-" & B37 & "-" & "25" -> A036-198-25 | E37: 45726 | F37: 45726 | H37: Regulatory | I37: Laboratory | J37: GF | K37: Andrea McMullin | L37: Contractor for Irving Oil | M37: Regulatory | N37: Annual compliance for gasoline audit
A38: New Haven, CT | B38: =VLOOKUP(Table245[[#This Row],[Cushing, OK]],'List source'!D$2:E$71,2,FALSE) -> 145 | C38: 037 | D38: ="A" & C38 & "-" & B38 & "-" & "25" -> A037-145-25 | E38: 45747 | F38: 45749 | G38: 45756 | H38: Internal | I38: Inspection & Laboratory | J38: KA | K38: KA | L38: AmSpec | N38: Annual internal quality systems assessment (ISO 9001)
A39: Levis (Quebec City), Quebec | B39: =VLOOKUP(Table245[[#This Row],[Cushing, OK]],'List source'!D$2:E$71,2,FALSE) -> 194 | C39: 038 | D39: ="A" & C39 & "-" & B39 & "-" & "25" -> A038-194-25 | E39: 45754 | F39: 45757 | G39: 45767 | H39: Internal | I39: Inspection & Laboratory | J39: ECu | K39: Ecu | L39: AmSpec | N39: Annual internal quality systems assessment (ISO 9001)
A40: Levis (Quebec City), Quebec | B40: =VLOOKUP(Table245[[#This Row],[Cushing, OK]],'List source'!D$2:E$71,2,FALSE) -> 194 | C40: 039 | D40: ="A" & C40 & "-" & B40 & "-" & "25" -> A039-194-25 | E40: 45754 | F40: 45757 | G40: 45767 | H40: Internal | I40: Laboratory | J40: ECu | K40: Ecu | L40: AmSpec | N40: Annual internal quality systems assessment (ISO 17025)
A41: AGRI (HTC) | B41: =VLOOKUP(Table245[[#This Row],[Cushing, OK]],'List source'!D$2:E$71,2,FALSE) -> 119 | C41: 040 | D41: ="A" & C41 & "-" & B41 & "-" & "25" -> A040-119-25 | E41: 45761 | F41: 45763 | G41: 45783 | H41: Internal | I41: Inspection & Laboratory | J41: AH | K41: AH | L41: AmSpec | N41: Annual internal quality systems assessment (ISO 9001)
A42: Lake Charles (Sulfur), LA | B42: =VLOOKUP(Table245[[#This Row],[Cushing, OK]],'List source'!D$2:E$71,2,FALSE) -> 165 | C42: 041 | D42: ="A" & C42 & "-" & B42 & "-" & "25" -> A041-165-25 | E42: 45782 | F42: 45785 | G42: 45799 | H42: Internal | I42: Laboratory | J42: KA | K42: KA / ECu | L42: AmSpec | N42: Annual internal quality systems assessment (ISO 17025)
A43: Lake Charles (Sulfur), LA | B43: =VLOOKUP(Table245[[#This Row],[Cushing, OK]],'List source'!D$2:E$71,2,FALSE) -> 165 | C43: 042 | D43: ="A" & C43 & "-" & B43 & "-" & "25" -> A042-165-25 | E43: 45782 | F43: 45785 | G43: 45799 | H43: Internal | I43: Inspection & Laboratory | J43: KA | K43: KA / ECu | L43: AmSpec | N43: Annual internal quality systems assessment (ISO 9001)
A44: Lake Charles (Sulfur), LA | B44: =VLOOKUP(Table245[[#This Row],[Cushing, OK]],'List source'!D$2:E$71,2,FALSE) -> 165 | C44: 043 | D44: ="A" & C44 & "-" & B44 & "-" & "25" -> A043-165-25 | E44: 46010 | F44: 46010 | G44: 46010 | H44: Certifications | I44: Inspection & Laboratory | J44: KA | K44: Yatish Patel | L44: DNV | N44: ISO 9001 2025 certification audit
A45: Halifax (Dartmouth), NS | B45: =VLOOKUP(Table245[[#This Row],[Cushing, OK]],'List source'!D$2:E$71,2,FALSE) -> 198 | C45: 044 | D45: ="A" & C45 & "-" & B45 & "-" & "25" -> A044-198-25 | E45: 45847 | F45: 45847 | G45: 46010 | H45: Certifications | I45: Inspection & Laboratory | J45: KA | K45: Yatish Patel | L45: DNV | N45: ISO 9001 2025 certification audit
A46: Houston (HTC), TX | B46: =VLOOKUP(Table245[[#This Row],[Cushing, OK]],'List source'!D$2:E$71,2,FALSE) -> 120 | C46: 045 | D46: ="A" & C46 & "-" & B46 & "-" & "25" -> A045-120-25 | E46: 45867 | F46: 45868 | G46: 46010 | H46: Certifications | I46: Inspection & Laboratory | J46: KA | K46: Yatish Patel | L46: DNV | N46: ISO 9001 2025 certification audit
A47: Bahamas (Freeport), GBI | B47: =VLOOKUP(Table245[[#This Row],[Cushing, OK]],'List source'!D$2:E$71,2,FALSE) -> 215 | C47: 046 | D47: ="A" & C47 & "-" & B47 & "-" & "25" -> A046-215-25 | E47: 45890 | F47: 45890 | G47: 46010 | H47: Certifications | I47: Inspection & Laboratory | J47: KA | K47: Yatish Patel | L47: DNV | N47: ISO 9001 2025 certification audit
A48: Collins (Purvis), MS | B48: =VLOOKUP(Table245[[#This Row],[Cushing, OK]],'List source'!D$2:E$71,2,FALSE) -> 115 | C48: 047 | D48: ="A" & C48 & "-" & B48 & "-" & "25" -> A047-115-25 | E48: 45902 | F48: 45902 | G48: 46010 | H48: Certifications | I48: Inspection & Laboratory | J48: KA | K48: Yatish Patel | L48: DNV | N48: ISO 9001 2025 certification audit
A49: Avenel (NYH), NJ | B49: =VLOOKUP(Table245[[#This Row],[Cushing, OK]],'List source'!D$2:E$71,2,FALSE) -> 110 | C49: 048 | D49: ="A" & C49 & "-" & B49 & "-" & "25" -> A048-110-25 | E49: 45918 | F49: 45918 | G49: 46010 | H49: Certifications | I49: Inspection & Laboratory | J49: KA | K49: Yatish Patel | L49: DNV | N49: ISO 9001 2025 certification audit
... A56: Los Angeles (Signal Hill), CA | B56: =VLOOKUP(Table245[[#This Row],[Cushing, OK]],'List source'!D$2:E$71,2,FALSE) -> 130 | C56: 055 | D56: ="A" & C56 & "-" & B56 & "-" & "25" -> A055-130-25 | E56: 45777 | F56: 45777 | G56: 45807 | H56: Customer | I56: Inspection & Laboratory | J56: HM | K56: D. Gibson, A. Markins, C. List, E.B., J. Y., E. W. | L56: Marathon | N56: Thourough review of procedures, documentation and practices.
A57: AGRI (HTC) | B57: =VLOOKUP(Table245[[#This Row],[Cushing, OK]],'List source'!D$2:E$71,2,FALSE) -> 119 | C57: 056 | D57: ="A" & C57 & "-" & B57 & "-" & "25" -> A056-119-25
A58: Port Arthur (Sabine Blending Lab), TX | B58: =VLOOKUP(Table245[[#This Row],[Cushing, OK]],'List source'!D$2:E$71,2,FALSE) -> 160A | C58: 057 | D58: ="A" & C58 & "-" & B58 & "-" & "25" -> A057-160A-25 | E58: 45776 | F58: 45777 | G58: 45782 | H58: Internal | I58: Inspection & Laboratory | J58: MT | K58: MT/HB | L58: AmSpec | N58: Annual internal quality systems assessment (ISO 9001)
A59: Pecos (West Texas), TX | B59: =VLOOKUP(Table245[[#This Row],[Cushing, OK]],'List source'!D$2:E$71,2,FALSE) -> 156 | C59: 058 | D59: ="A" & C59 & "-" & B59 & "-" & "25" -> A058-156-25 | E59: 45789 | F59: 45791 | G59: 45799 | H59: Internal | I59: Inspection | J59: MT | K59: MT | L59: AmSpec | N59: Annual internal quality systems assessment (ISO 9001)
A60: Tampa, FL | B60: =VLOOKUP(Table245[[#This Row],[Cushing, OK]],'List source'!D$2:E$71,2,FALSE) -> 126 | C60: 059 | D60: ="A" & C60 & "-" & B60 & "-" & "25" -> A059-126-25 | E60: 45789 | F60: 45791 | G60: 45800 | H60: Internal | I60: Inspection & Laboratory | J60: AH | K60: AH | L60: AmSpec | N60: Annual internal quality systems assessment (ISO 9001)
A61: Hamilton (Burlington), ON | B61: =VLOOKUP(Table245[[#This Row],[Cushing, OK]],'List source'!D$2:E$71,2,FALSE) -> 189 | C61: 060 | D61: ="A" & C61 & "-" & B61 & "-" & "25" -> A060-189-25 | E61: 45783 | F61: 45783 | H61: Certifications | I61: Laboratory | J61: ECu | K61: M. Cahill | L61: A2LA | M61: Accredited agency | N61: A2LA surveillance assessment
A62: Texas City, TX | B62: =VLOOKUP(Table245[[#This Row],[Cushing, OK]],'List source'!D$2:E$71,2,FALSE) -> 150 | C62: 061 | D62: ="A" & C62 & "-" & B62 & "-" & "25" -> A061-150-25 | E62: 45791 | F62: 45791 | H62: Regulatory | I62: Inspection & Laboratory | J62: HB | K62: C. RIBERAS | L62: USCBP | M62: Regulatory | N62: USCBP
A63: Chicago, IL | B63: =VLOOKUP(Table245[[#This Row],[Cushing, OK]],'List source'!D$2:E$71,2,FALSE) -> 136 | C63: 062 | D63: ="A" & C63 & "-" & B63 & "-" & "25" -> A062-136-25 | E63: 45785 | F63: 45785 | H63: Regulatory | I63: Laboratory | J63: DA | L63: USCBP | M63: Regulatory
A64: St Croix, USVI | B64: =VLOOKUP(Table245[[#This Row],[Cushing, OK]],'List source'!D$2:E$71,2,FALSE) -> 210 | C64: 063 | D64: ="A" & C64 & "-" & B64 & "-" & "25" -> A063-210-25 | E64: 45791 | F64: 45792 | G64: 45819 | H64: Regulatory | I64: Inspection & Laboratory | J64: JP | K64: Arlene M. Badillo | L64: USCBP | M64: Regulatory | N64: USCBP Reaccreditation
A65: Mobile, AL | B65: =VLOOKUP(Table245[[#This Row],[Cushing, OK]],'List source'!D$2:E$71,2,FALSE) -> 146 | C65: 064 | D65: ="A" & C65 & "-" & B65 & "-" & "25" -> A064-146-25 | E65: 45701 | F65: 45701 | G65: 45722 | H65: Customer | I65: Inspection | J65: AH | K65: Brandon J. Gray | L65: CHESM | N65: WIP audit
A66: Houston (HTC), TX | B66: =VLOOKUP(Table245[[#This Row],[Cushing, OK]],'List source'!D$2:E$71,2,FALSE) -> 120 | C66: 065 | D66: ="A" & C66 & "-" & B66 & "-" & "25" -> A065-120-25 | E66: 45810 | F66: 45813 | G66: 45833 | H66: Internal | I66: Inspection & Laboratory | J66: KA | K66: AH / ECu / KA / VV | L66: AmSpec | N66: Annual internal quality systems assessment (ISO 9001)
A67: Houston (HTC), TX | B67: =VLOOKUP(Table245[[#This Row],[Cushing, OK]],'List source'!D$2:E$71,2,FALSE) -> 120 | C67: 066 | D67: ="A" & C67 & "-" & B67 & "-" & "25" -> A066-120-25 | E67: 45810 | F67: 45813 | G67: 45833 | H67: Internal | I67: Laboratory | J67: AH | K67: AH / ECu / KA / VV | L67: AmSpec | N67: Annual internal quality systems assessment (BQ 9000)
A68: Houston (HTC), TX | B68: =VLOOKUP(Table245[[#This Row],[Cushing, OK]],'List source'!D$2:E$71,2,FALSE) -> 120 | C68: 067 | D68: ="A" & C68 & "-" & B68 & "-" & "25" -> A067-120-25 | E68: 45810 | F68: 45813 | G68: 45833 | H68: Internal | I68: Laboratory | J68: ECu | K68: AH / ECu / KA / VV | L68: AmSpec | N68: Annual internal quality systems assessment (ISO 17025)
A69: Hamilton (Burlington), ON | B69: =VLOOKUP(Table245[[#This Row],[Cushing, OK]],'List source'!D$2:E$71,2,FALSE) -> 189 | C69: 068 | D69: ="A" & C69 & "-" & B69 & "-" & "25" -> A068-189-25 | E69: 45804 | F69: 45807 | G69: 45820 | H69: Internal | I69: Inspection & Laboratory | J69: VV | K69: VV / MT | L69: AmSpec | N69: Annual internal quality systems assessment (ISO 9001)
A70: Providence, RI | B70: =VLOOKUP(Table245[[#This Row],[Cushing, OK]],'List source'!D$2:E$71,2,FALSE) -> 140 | C70: 069 | D70: ="A" & C70 & "-" & B70 & "-" & "25" -> A069-140-25 | E70: 45819 | F70: 45820 | G70: 45825 | H70: Internal | I70: Inspection & Laboratory | J70: ECu | K70: ECu | L70: AmSpec | N70: Annual internal quality systems assessment (ISO 9001)
A71: Port Arthur (Beaumont), TX | B71: =VLOOKUP(Table245[[#This Row],[Cushing, OK]],'List source'!D$2:E$71,2,FALSE) -> 160 | C71: 070 | D71: ="A" & C71 & "-" & B71 & "-" & "25" -> A070-160-25 | E71: 45810 | F71: 45814 | G71: 45817 | H71: Certifications | I71: Laboratory | J71: ECu | K71: S. Lerman | L71: A2LA | N71: A2LA renewal assessment
A72: Brownsville, TX | B72: =VLOOKUP(Table245[[#This Row],[Cushing, OK]],'List source'!D$2:E$71,2,FALSE) -> 158 | C72: 071 | D72: ="A" & C72 & "-" & B72 & "-" & "25" -> A071-158-25 | E72: 45824 | H72: Certifications | I72: Laboratory | J72: ECu | K72: M. Cahill | L72: A2LA | N72: A2LA renewal assessment
A73: Tacoma, WA | B73: =VLOOKUP(Table245[[#This Row],[Cushing, OK]],'List source'!D$2:E$71,2,FALSE) -> 137 | C73: 072 | D73: ="A" & C73 & "-" & B73 & "-" & "25" -> A072-137-25 | E73: 45824 | F73: 45824 | G73: 45835 | H73: Internal | I73: Inspection & Laboratory | J73: KA | K73: KA / VV | L73: AmSpec | N73: Annual internal quality systems assessment (ISO 9001)
A74: Bellingham (Ferndale), WA | B74: =VLOOKUP(Table245[[#This Row],[Cushing, OK]],'List source'!D$2:E$71,2,FALSE) -> 132 | C74: 073 | D74: ="A" & C74 & "-" & B74 & "-" & "25" -> A073-132-25 | E74: 45825 | F74: 45827 | G74: 45835 | H74: Internal | I74: Inspection & Laboratory | J74: KA | K74: KA / VV | L74: AmSpec | N74: Annual internal quality systems assessment (ISO 17025)
A75: Bellingham (Ferndale), WA | B75: =VLOOKUP(Table245[[#This Row],[Cushing, OK]],'List source'!D$2:E$71,2,FALSE) -> 132 | C75: 074 | D75: ="A" & C75 & "-" & B75 & "-" & "25" -> A074-132-25 | E75: 45825 | F75: 45827 | G75: 45835 | H75: Internal | I75: Laboratory | J75: KA | K75: KA / VV | L75: AmSpec | N75: Annual internal quality systems assessment (ISO 9001)
A76: Hamilton (Burlington), ON | B76: =VLOOKUP(Table245[[#This Row],[Cushing, OK]],'List source'!D$2:E$71,2,FALSE) -> 189 | C76: 075 | D76: ="A" & C76 & "-" & B76 & "-" & "25" -> A075-189-25 | E76: 45804 | F76: 45807 | G76: 45820 | H76: Internal | I76: Laboratory | J76: VV | K76: VV / MT | L76: AmSpec | N76: Annual internal quality systems assessment (ISO 17025)
A77: Chicago, IL | B77: =VLOOKUP(Table245[[#This Row],[Cushing, OK]],'List source'!D$2:E$71,2,FALSE) -> 136 | C77: 076 | D77: ="A" & C77 & "-" & B77 & "-" & "25" -> A076-136-25 | E77: 45770 | F77: 45770 | G77: 45819 | H77: Customer | I77: Laboratory | J77: AH | K77: M. Fernandez, D. Grzywacz | L77: Citgo | N77: Unannounced on site lab assessment
A78: Seabrook (Chemicals), TX | B78: =VLOOKUP(Table245[[#This Row],[Cushing, OK]],'List source'!D$2:E$71,2,FALSE) -> 121 | C78: 077 | D78: ="A" & C78 & "-" & B78 & "-" & "25" -> A077-121-25 | E78: 45810 | F78: 45810 | G78: 45835 | H78: Internal | N78: Annual internal quality systems assessment (ISO 9001)
A79: Montreal, QC | B79: =VLOOKUP(Table245[[#This Row],[Cushing, OK]],'List source'!D$2:E$71,2,FALSE) -> 197 | C79: 078 | D79: ="A" & C79 & "-" & B79 & "-" & "25" -> A078-197-25 | E79: 45831 | F79: 45841 | G79: 45862 | H79: Internal | I79: Inspection & Laboratory | J79: AH | K79: AH/VV | L79: AmSpec
A80: Montreal, QC | B80: =VLOOKUP(Table245[[#This Row],[Cushing, OK]],'List source'!D$2:E$71,2,FALSE) -> 197 | C80: 079 | D80: ="A" & C80 & "-" & B80 & "-" & "25" -> A079-197-25 | E80: 45831 | F80: 45841 | G80: 45862 | H80: Internal | I80: Laboratory | J80: AH | K80: AH/VV | L80: AmSpec
A81: Halifax (Dartmouth), NS | B81: =VLOOKUP(Table245[[#This Row],[Cushing, OK]],'List source'!D$2:E$71,2,FALSE) -> 198 | C81: 080 | D81: ="A" & C81 & "-" & B81 & "-" & "25" -> A080-198-25 | E81: 45999 | F81: 46048 | G81: 46044 | H81: Internal | I81: Inspection & Laboratory | J81: KA | K81: KA | L81: AmSpec | N81: Annual internal quality systems assessment (ISO 9001) - remote
A82: Corpus Christi, TX | B82: =VLOOKUP(Table245[[#This Row],[Cushing, OK]],'List source'!D$2:E$71,2,FALSE) -> 155 | C82: 081 | D82: ="A" & C82 & "-" & B82 & "-" & "25" -> A081-155-25 | E82: 45845 | F82: 45849 | H82: Certifications | I82: Laboratory | J82: ECu | K82: S. Lerman | L82: A2LA | N82: A2LA renewal assessment
A83: Mobile, AL | B83: =VLOOKUP(Table245[[#This Row],[Cushing, OK]],'List source'!D$2:E$71,2,FALSE) -> 146 | C83: 082 | D83: ="A" & C83 & "-" & B83 & "-" & "25" -> A082-146-25 | E83: 45812 | F83: 45812 | G83: 45834 | H83: Regulatory | I83: Inspection & Laboratory | J83: AH | K83: C. Riberas | L83: USCBP | M83: Regulatory | N83: USCBP triennial recertification
A84: Port Arthur (Beaumont), TX | B84: =VLOOKUP(Table245[[#This Row],[Cushing, OK]],'List source'!D$2:E$71,2,FALSE) -> 160 | C84: 083 | D84: ="A" & C84 & "-" & B84 & "-" & "25" -> A083-160-25 | E84: 45814 | F84: 45814 | G84: 45947 | H84: Customer | I84: Inspection & Laboratory | J84: AH | K84: Alex Markins Casey Boquet | L84: Motiva
A85: HOFTI / Channelview, TX | B85: =VLOOKUP(Table245[[#This Row],[Cushing, OK]],'List source'!D$2:E$71,2,FALSE) -> 128 | C85: 084 | D85: ="A" & C85 & "-" & B85 & "-" & "25" -> A084-128-25 | E85: 45784 | F85: 45784 | G85: 45810 | H85: Regulatory | I85: Inspection & Laboratory | J85: AH | K85: Mya Hardee, Wajid Zahidi | L85: TCEQ | M85: Regulatory | N85: Compliance to applicable requirements for industrial solid waste
A86: St James, LA | B86: =VLOOKUP(Table245[[#This Row],[Cushing, OK]],'List source'!D$2:E$71,2,FALSE) -> 171 | C86: 085 | D86: ="A" & C86 & "-" & B86 & "-" & "25" -> A085-171-25 | E86: 45818 | F86: 45819 | H86: Customer | I86: Inspection & Laboratory | J86: AH | L86: BP
A87: Puerto Rico | B87: =VLOOKUP(Table245[[#This Row],[Cushing, OK]],'List source'!D$2:E$71,2,FALSE) -> 192 | C87: 086 | D87: ="A" & C87 & "-" & B87 & "-" & "25" -> A086-192-25 | E87: 45873 | F87: 45873 | J87: AH | L87: Prepas
A88: Bahamas (Freeport), GBI | B88: =VLOOKUP(Table245[[#This Row],[Cushing, OK]],'List source'!D$2:E$71,2,FALSE) -> 215 | C88: 087 | D88: ="A" & C88 & "-" & B88 & "-" & "25" -> A087-215-25 | E88: 45846 | F88: 45846 | G88: 45855 | H88: Customer | I88: Inspection & Laboratory | J88: ECu | K88: Ranji Kuruvilla | L88: Buckeye | N88: Customer
A89: New Orleans (Destrehan), LA | B89: =VLOOKUP(Table245[[#This Row],[Cushing, OK]],'List source'!D$2:E$71,2,FALSE) -> 170 | C89: 088 | D89: ="A" & C89 & "-" & B89 & "-" & "25" -> A088-170-25 | E89: 45866 | F89: 45870 | G89: 45880 | H89: Certifications | I89: Laboratory | J89: ECu | K89: L. DeWitt | L89: A2LA | N89: A2LA renewal assessment
A90: Newfoundland (Arnold's Cove) | B90: =VLOOKUP(Table245[[#This Row],[Cushing, OK]],'List source'!D$2:E$71,2,FALSE) -> 188 | C90: 089 | D90: ="A" & C90 & "-" & B90 & "-" & "25" -> A089-188-25 | E90: 45845 | F90: 45847 | G90: 45868 | H90: Internal | I90: Inspection & Laboratory | J90: GF | K90: GF | L90: Amspec
A91: St John, NB | B91: =VLOOKUP(Table245[[#This Row],[Cushing, OK]],'List source'!D$2:E$71,2,FALSE) -> 199 | C91: 090 | D91: ="A" & C91 & "-" & B91 & "-" & "25" -> A090-199-25 | E91: 45860 | F91: 45861 | H91: Internal | I91: Inspection | J91: GF | K91: GF | L91: Amspec
A92: Yorktown (Norfolk), VA | B92: =VLOOKUP(Table245[[#This Row],[Cushing, OK]],'List source'!D$2:E$71,2,FALSE) -> 185 | C92: 091 | D92: ="A" & C92 & "-" & B92 & "-" & "25" -> A091-185-25 | E92: 45860 | F92: 45860 | G92: 45896 | H92: Customer | I92: Inspection & Laboratory | J92: Eco | K92: Casey B, Alex M, Andy R | L92: Marathon | N92: Thourough review of procedures, documentation and practices.
A93: Kenai, AK | B93: =VLOOKUP(Table245[[#This Row],[Cushing, OK]],'List source'!D$2:E$71,2,FALSE) -> 133 | C93: 092 | D93: ="A" & C93 & "-" & B93 & "-" & "25" -> A092-133-25 | E93: 45860 | F93: 45860 | G93: 45876 | H93: Internal | I93: Inspection & Laboratory | J93: MT | K93: CS | L93: AmSpec
A94: Savannah, GA / Charleston, SC | B94: =VLOOKUP(Table245[[#This Row],[Cushing, OK]],'List source'!D$2:E$71,2,FALSE) -> 144 | C94: 093 | D94: ="A" & C94 & "-" & B94 & "-" & "25" -> A093-144-25 | E94: 45873 | F94: 45876 | G94: 45888 | H94: Internal | I94: Inspection & Laboratory | J94: AH | K94: AH | L94: AmSpec | N94: Annual internal quality systems assessment (ISO 9001)
A95: Mobile, AL | B95: =VLOOKUP(Table245[[#This Row],[Cushing, OK]],'List source'!D$2:E$71,2,FALSE) -> 146 | C95: 094 | D95: ="A" & C95 & "-" & B95 & "-" & "25" -> A094-146-25 | E95: 45853 | F95: 45853 | G95: 45862 | H95: Customer | I95: Laboratory | J95: AH | K95: Jacob Mizelle | L95: Chevron
A96: San Francisco (Concord), CA | B96: =VLOOKUP(Table245[[#This Row],[Cushing, OK]],'List source'!D$2:E$71,2,FALSE) -> 131 | C96: 095 | D96: ="A" & C96 & "-" & B96 & "-" & "25" -> A095-131-25 | E96: 45853 | F96: 45855 | G96: 45877 | H96: Internal | I96: Inspection & Laboratory | J96: KA | K96: KA | L96: AmSpec | N96: Follow up assessment to evaluate progress since Jan 2025 internal assessment
A97: Houston (HTC), TX | B97: =VLOOKUP(Table245[[#This Row],[Cushing, OK]],'List source'!D$2:E$71,2,FALSE) -> 120 | C97: 096 | D97: ="A" & C97 & "-" & B97 & "-" & "25" -> A096-120-25 | E97: 45839 | F97: 45839 | G97: 45896 | H97: Customer | I97: Laboratory | J97: HB | K97: Scott Anthony | L97: Shell
A98: St Croix, USVI | B98: =VLOOKUP(Table245[[#This Row],[Cushing, OK]],'List source'!D$2:E$71,2,FALSE) -> 210 | C98: 097 | D98: ="A" & C98 & "-" & B98 & "-" & "25" -> A097-210-25 | E98: 45881 | F98: 45882 | G98: 45939 | H98: Regulatory | I98: Inspection & Laboratory | J98: JP | K98: Arlene M. Badillo | L98: USCBP | M98: Regulatory | N98: Follow-Up to A063-210-25
A99: Bostco, TX | B99: =VLOOKUP(Table245[[#This Row],[Cushing, OK]],'List source'!D$2:E$71,2,FALSE) -> 124 | C99: 098 | D99: ="A" & C99 & "-" & B99 & "-" & "25" -> A098-124-25 | E99: 45873 | F99: 45874 | G99: 45884 | H99: Internal | I99: Inspection & Laboratory | J99: EC | K99: EC | L99: AmSpec | N99: Annual internal quality systems assessment (ISO 9001)
A100: Houston (HTC), TX | B100: =VLOOKUP(Table245[[#This Row],[Cushing, OK]],'List source'!D$2:E$71,2,FALSE) -> 120 | C100: 099 | D100: ="A" & C100 & "-" & B100 & "-" & "25" -> A099-120-25 | E100: 45869 | F100: 45869 | H100: Customer | I100: Inspection & Laboratory | J100: HB | K100: Camille Bonjean | L100: Motiva
A101: Freeport, TX | B101: =VLOOKUP(Table245[[#This Row],[Cushing, OK]],'List source'!D$2:E$71,2,FALSE) -> 157 | C101: 100 | D101: ="A" & C101 & "-" & B101 & "-" & "25" -> A100-157-25 | E101: 45798 | F101: 45798 | G101: 45825 | H101: Certifications | I101: Inspection & Laboratory | J101: HB | K101: C. RIBERAS | L101: USCBP
A102: Montreal, QC | B102: =VLOOKUP(Table245[[#This Row],[Cushing, OK]],'List source'!D$2:E$71,2,FALSE) -> 197 | C102: 101 | D102: ="A" & C102 & "-" & B102 & "-" & "25" -> A101-197-25 | E102: 45881 | F102: 45884 | H102: Certifications | I102: Laboratory | J102: KA | K102: S. Lerman | L102: A2LA | N102: A2LA renewal assessment
A103: New Orleans (Destrehan), LA | B103: =VLOOKUP(Table245[[#This Row],[Cushing, OK]],'List source'!D$2:E$71,2,FALSE) -> 170 | C103: 102 | D103: ="A" & C103 & "-" & B103 & "-" & "25" -> A102-170-25 | E103: 45882 | H103: Customer | I103: Laboratory | J103: DA | K103: A. Howarth | L103: Valero
A104: HST Weights & Measures | B104: =VLOOKUP(Table245[[#This Row],[Cushing, OK]],'List source'!D$2:E$71,2,FALSE) -> 120W | C104: 103 | D104: ="A" & C104 & "-" & B104 & "-" & "25" -> A103-120W-25 | E104: 45880 | F104: 45883 | G104: 45889 | H104: Internal | I104: Laboratory | J104: ECu | K104: Ecu | L104: AmSpec | N104: ISO 17025 Gap Assessment
A105: Valdez, AK | B105: =VLOOKUP(Table245[[#This Row],[Cushing, OK]],'List source'!D$2:E$71,2,FALSE) -> 129 | C105: 104 | D105: ="A" & C105 & "-" & B105 & "-" & "25" -> A104-129-25 | E105: 45861 | F105: 45861 | G105: 45903 | H105: Internal | I105: Inspection & Laboratory | J105: KA | K105: CS | L105: AmSpec | N105: Annual internal quality systems assessment (ISO 9001)
A106: Kenai, AK | B106: =VLOOKUP(Table245[[#This Row],[Cushing, OK]],'List source'!D$2:E$71,2,FALSE) -> 133 | C106: 105 | D106: ="A" & C106 & "-" & B106 & "-" & "25" -> A105-133-25 | E106: 45875 | F106: 45875 | G106: 45888 | H106: Customer | I106: Inspection | J106: HM | K106: Chad List | L106: Marathon
A107: New Haven, CT | B107: =VLOOKUP(Table245[[#This Row],[Cushing, OK]],'List source'!D$2:E$71,2,FALSE) -> 145 | C107: 106 | D107: ="A" & C107 & "-" & B107 & "-" & "25" -> A106-145-25 | E107: 45883 | F107: 45883 | G107: 45888 | H107: Customer | I107: Inspection | J107: MT | K107: Andrew O’Toole Rob Lavigne John Clark | L107: Irving Oil
A108: Mickleton (Philly), NJ | B108: =VLOOKUP(Table245[[#This Row],[Cushing, OK]],'List source'!D$2:E$71,2,FALSE) -> 180 | C108: 107 | D108: ="A" & C108 & "-" & B108 & "-" & "25" -> A107-180-25 | E108: 45894 | F108: 45897 | G108: 45925 | H108: Internal | I108: Inspection & Laboratory | J108: KA | K108: KA / AH | L108: AmSpec | N108: Annual internal quality systems assessment (ISO 9001)
A109: Mickleton (Philly), NJ | B109: =VLOOKUP(Table245[[#This Row],[Cushing, OK]],'List source'!D$2:E$71,2,FALSE) -> 180 | C109: 108 | D109: ="A" & C109 & "-" & B109 & "-" & "25" -> A108-180-25 | E109: 45894 | F109: 45897 | G109: 45925 | H109: Internal | I109: Laboratory | J109: KA | K109: KA / AH | L109: AmSpec | N109: Annual internal quality systems assessment (ISO 17025)
A110: St John, NB | B110: =VLOOKUP(Table245[[#This Row],[Cushing, OK]],'List source'!D$2:E$71,2,FALSE) -> 199 | C110: 109 | D110: ="A" & C110 & "-" & B110 & "-" & "25" -> A109-199-25 | E110: 45868 | F110: 45868 | G110: 45891 | H110: Customer | I110: Inspection | J110: GF | K110: Rob Lavigne and Andrew O'Toole | L110: Irving Oil | N110: Annual audit of operations
A111: Halifax (Dartmouth), NS | B111: =VLOOKUP(Table245[[#This Row],[Cushing, OK]],'List source'!D$2:E$71,2,FALSE) -> 198 | C111: 110 | D111: ="A" & C111 & "-" & B111 & "-" & "25" -> A110-198-25 | E111: 45869 | F111: 45869 | G111: 45891 | H111: Customer | I111: Inspection | J111: GF | K111: R Lavigne & A O'Toole | L111: Irving Oil | N111: Annual audit of opertions
...

Sheet CAR '25
A1: Location (drop-down) | B1: Location ID | C1: # | D1: CAR # | E1: CAR Type | F1: ASSOCIATED ORGANIZATION (required for Complaints, Customer audits/alerts, 3rd party audits) | G1: BRIEF DESCRIPTION OF NC if VOID: "VOID, Location, type, details (initials, date)" | H1: Area (Lab, Ops, Misc.) (drop-down) | I1: QA team member initials | J1: CAR initialized date | K1: Action Plan submitted by due date? (Yes/No) | L1: Corrective Action Completion Date | M1: Complete corrective actions (Approved Date) | N1: Agreed Actions completed by due date? (Yes/No) | O1: Effectiveness Review (Closed Date) | P1: Effective? (Yes/No) | Q1: Notes | R1: Cause (for Assessments only) | S1: Days open if not closed
A2: Port Arthur (Beaumont), TX | B2: =VLOOKUP(Table2[[#This Row],[Location (drop-down)]],'List source'!D$2:E$71,2,FALSE) -> 160 | C2: 164 | D2: ="C" & C2 &"-" & B2 & "-" & "25" -> C164-160-25 | E2: Complaint | F2: ATA | G2: Transcription error on D1160 | H2: Lab | I2: MT | J2: 45744 | M2: 45782 | S2: =IF(ISBLANK(Table2[[#This Row],[Complete corrective actions (Approved Date)]]), TODAY()-Table2[[#This Row],[CAR initialized date]], "CLOSED") -> CLOSED
A3: Bellingham (Ferndale), WA | B3: =VLOOKUP(Table2[[#This Row],[Location (drop-down)]],'List source'!D$2:E$71,2,FALSE) -> 132 | C3: 001 | D3: ="C" & C3 &"-" & B3 & "-" & "25" -> C001-132-25 | E3: Complaint | F3: PBF | G3: The client was not informed of the vessel's short loading due to draft restrictions | H3: Operations | I3: HM | J3: 45664 | M3: 45678 | Q3: The CAR form was closed on 1/14/25 and revised based on the client's recommendation, then closed again on 1/21/25 | S3: =IF(ISBLANK(Table2[[#This Row],[Complete corrective actions (Approved Date)]]), TODAY()-Table2[[#This Row],[CAR initialized date]], "CLOSED") -> CLOSED
A4: Bellingham (Ferndale), WA | B4: =VLOOKUP(Table2[[#This Row],[Location (drop-down)]],'List source'!D$2:E$71,2,FALSE) -> 132 | C4: 002 | D4: ="C" & C4 &"-" & B4 & "-" & "25" -> C002-132-25 | E4: Other (QC, customer alert, improper procedure) | F4: Amspec | G4: CQI reporting | H4: Operations | I4: HM | J4: 45664 | M4: 45671 | S4: =IF(ISBLANK(Table2[[#This Row],[Complete corrective actions (Approved Date)]]), TODAY()-Table2[[#This Row],[CAR initialized date]], "CLOSED") -> CLOSED
A5: San Francisco (Concord), CA | B5: =VLOOKUP(Table2[[#This Row],[Location (drop-down)]],'List source'!D$2:E$71,2,FALSE) -> 131 | C5: 003 | D5: ="C" & C5 &"-" & B5 & "-" & "25" -> C003-131-25 | E5: Other (QC, customer alert, improper procedure) | F5: Amspec | G5: CQI Reporting | H5: Operations | I5: HM | J5: 45666 | M5: 45679 | S5: =IF(ISBLANK(Table2[[#This Row],[Complete corrective actions (Approved Date)]]), TODAY()-Table2[[#This Row],[CAR initialized date]], "CLOSED") -> CLOSED
A6: Boston (Everett), MA | B6: =VLOOKUP(Table2[[#This Row],[Location (drop-down)]],'List source'!D$2:E$71,2,FALSE) -> 141 | C6: 004 | D6: ="C" & C6 &"-" & B6 & "-" & "25" -> C004-141-25 | E6: Complaint | F6: Irving | G6: Failing to send email to correct distribution | H6: Operations | I6: MT | J6: 45667 | M6: 45674 | S6: =IF(ISBLANK(Table2[[#This Row],[Complete corrective actions (Approved Date)]]), TODAY()-Table2[[#This Row],[CAR initialized date]], "CLOSED") -> CLOSED
A7: San Francisco (Concord), CA | B7: =VLOOKUP(Table2[[#This Row],[Location (drop-down)]],'List source'!D$2:E$71,2,FALSE) -> 131 | C7: 005 | D7: ="C" & C7 &"-" & B7 & "-" & "25" -> C005-131-25 | E7: Customer audit | F7: Chevron | G7: D6299: Chilling of the Toluene Standard Fuel | H7: Lab | I7: HM | J7: 45671 | M7: 45698 | R7: People (miscommunication, complacency, competency) | S7: =IF(ISBLANK(Table2[[#This Row],[Complete corrective actions (Approved Date)]]), TODAY()-Table2[[#This Row],[CAR initialized date]], "CLOSED") -> CLOSED
A8: San Francisco (Concord), CA | B8: =VLOOKUP(Table2[[#This Row],[Location (drop-down)]],'List source'!D$2:E$71,2,FALSE) -> 131 | C8: 006 | D8: ="C" & C8 &"-" & B8 & "-" & "25" -> C006-131-25 | E8: Customer audit | F8: Chevron | G8: D445: Incorrect Determinability | H8: Lab | I8: HM | J8: 45671 | M8: 45707 | R8: People (miscommunication, complacency, competency) | S8: =IF(ISBLANK(Table2[[#This Row],[Complete corrective actions (Approved Date)]]), TODAY()-Table2[[#This Row],[CAR initialized date]], "CLOSED") -> CLOSED
A9: San Francisco (Concord), CA | B9: =VLOOKUP(Table2[[#This Row],[Location (drop-down)]],'List source'!D$2:E$71,2,FALSE) -> 131 | C9: 007 | D9: ="C" & C9 &"-" & B9 & "-" & "25" -> C007-131-25 | E9: Customer audit | F9: Chevron | G9: D3948: QA chart failing TPI. | H9: Lab | I9: HM | J9: 45671 | M9: 45792 | R9: People (miscommunication, complacency, competency) | S9: =IF(ISBLANK(Table2[[#This Row],[Complete corrective actions (Approved Date)]]), TODAY()-Table2[[#This Row],[CAR initialized date]], "CLOSED") -> CLOSED
A10: San Francisco (Concord), CA | B10: =VLOOKUP(Table2[[#This Row],[Location (drop-down)]],'List source'!D$2:E$71,2,FALSE) -> 131 | C10: 008 | D10: ="C" & C10 &"-" & B10 & "-" & "25" -> C008-131-25 | E10: Customer audit | F10: Chevron | G10: D445: Inconsistent Bath Temperature | H10: Lab | I10: HM | J10: 45671 | M10: 45722 | R10: Equipment (malfunction, maintenance, calibration/verification, incorrect setting) | S10: =IF(ISBLANK(Table2[[#This Row],[Complete corrective actions (Approved Date)]]), TODAY()-Table2[[#This Row],[CAR initialized date]], "CLOSED") -> CLOSED
A11: Mont Belvieu, TX | B11: =VLOOKUP(Table2[[#This Row],[Location (drop-down)]],'List source'!D$2:E$71,2,FALSE) -> 120a | C11: 009 | D11: ="C" & C11 &"-" & B11 & "-" & "25" -> C009-120a-25 | E11: Internal assessment (9001 & 17025) | G11: Technical Record | H11: Lab | I11: MT | J11: 45681 | M11: 45725 | R11: People (miscommunication, complacency, competency) | S11: =IF(ISBLANK(Table2[[#This Row],[Complete corrective actions (Approved Date)]]), TODAY()-Table2[[#This Row],[CAR initialized date]], "CLOSED") -> CLOSED
A12: Mont Belvieu, TX | B12: =VLOOKUP(Table2[[#This Row],[Location (drop-down)]],'List source'!D$2:E$71,2,FALSE) -> 120a | C12: 010 | D12: ="C" & C12 &"-" & B12 & "-" & "25" -> C010-120a-25 | E12: Internal assessment (9001 & 17025) | G12: TMA | H12: Lab | I12: MT | J12: 45681 | M12: 45727 | R12: People (miscommunication, complacency, competency) | S12: =IF(ISBLANK(Table2[[#This Row],[Complete corrective actions (Approved Date)]]), TODAY()-Table2[[#This Row],[CAR initialized date]], "CLOSED") -> CLOSED
A13: Mont Belvieu, TX | B13: =VLOOKUP(Table2[[#This Row],[Location (drop-down)]],'List source'!D$2:E$71,2,FALSE) -> 120a | C13: 011 | D13: ="C" & C13 &"-" & B13 & "-" & "25" -> C011-120a-25 | E13: Internal assessment (9001 & 17025) | G13: SQC | H13: Lab | I13: MT | J13: 45681 | M13: 45727 | R13: People (miscommunication, complacency, competency) | S13: =IF(ISBLANK(Table2[[#This Row],[Complete corrective actions (Approved Date)]]), TODAY()-Table2[[#This Row],[CAR initialized date]], "CLOSED") -> CLOSED
A14: CORPORATE, NJ | B14: =VLOOKUP(Table2[[#This Row],[Location (drop-down)]],'List source'!D$2:E$71,2,FALSE) -> 101 | C14: 012 | D14: ="C" & C14 &"-" & B14 & "-" & "25" -> C012-101-25 | E14: Other (QC, customer alert, improper procedure) | F14: Methanex | G14: Delay in investigating PT outlier | H14: Lab | I14: MT | J14: 45681 | M14: 45699 | S14: =IF(ISBLANK(Table2[[#This Row],[Complete corrective actions (Approved Date)]]), TODAY()-Table2[[#This Row],[CAR initialized date]], "CLOSED") -> CLOSED
A15: Brownsville, TX | B15: =VLOOKUP(Table2[[#This Row],[Location (drop-down)]],'List source'!D$2:E$71,2,FALSE) -> 158 | C15: 013 | D15: ="C" & C15 &"-" & B15 & "-" & "25" -> C013-158-25 | E15: Internal assessment (9001 & 17025) | G15: Cal certs for field inspection equipment not reviewed | H15: Operations | I15: AH | J15: 45684 | M15: 45769 | R15: People (miscommunication, complacency, competency) | S15: =IF(ISBLANK(Table2[[#This Row],[Complete corrective actions (Approved Date)]]), TODAY()-Table2[[#This Row],[CAR initialized date]], "CLOSED") -> CLOSED
A16: Brownsville, TX | B16: =VLOOKUP(Table2[[#This Row],[Location (drop-down)]],'List source'!D$2:E$71,2,FALSE) -> 158 | C16: 014 | D16: ="C" & C16 &"-" & B16 & "-" & "25" -> C014-158-25 | E16: Internal assessment (9001 & 17025) | G16: ISO 17025 Clause 7.2.1 Test witnessing | H16: Lab | I16: AH | J16: 45684 | M16: 45768 | R16: People (miscommunication, complacency, competency) | S16: =IF(ISBLANK(Table2[[#This Row],[Complete corrective actions (Approved Date)]]), TODAY()-Table2[[#This Row],[CAR initialized date]], "CLOSED") -> CLOSED
A17: Brownsville, TX | B17: =VLOOKUP(Table2[[#This Row],[Location (drop-down)]],'List source'!D$2:E$71,2,FALSE) -> 158 | C17: 015 | D17: ="C" & C17 &"-" & B17 & "-" & "25" -> C015-158-25 | E17: Internal assessment (9001 & 17025) | G17: ISO 17025 Clause 7.5 Technical records | H17: Lab | I17: AH | J17: 45684 | M17: 45818 | R17: People (miscommunication, complacency, competency) | S17: =IF(ISBLANK(Table2[[#This Row],[Complete corrective actions (Approved Date)]]), TODAY()-Table2[[#This Row],[CAR initialized date]], "CLOSED") -> CLOSED
A18: Brownsville, TX | B18: =VLOOKUP(Table2[[#This Row],[Location (drop-down)]],'List source'!D$2:E$71,2,FALSE) -> 158 | C18: 016 | D18: ="C" & C18 &"-" & B18 & "-" & "25" -> C016-158-25 | E18: Internal assessment (9001 & 17025) | G18: ISO 17025 Clause 7.8 Reporting results | H18: Lab | I18: AH | J18: 45684 | M18: 45768 | R18: People (miscommunication, complacency, competency) | S18: =IF(ISBLANK(Table2[[#This Row],[Complete corrective actions (Approved Date)]]), TODAY()-Table2[[#This Row],[CAR initialized date]], "CLOSED") -> CLOSED
A19: Brownsville, TX | B19: =VLOOKUP(Table2[[#This Row],[Location (drop-down)]],'List source'!D$2:E$71,2,FALSE) -> 158 | C19: 017 | D19: ="C" & C19 &"-" & B19 & "-" & "25" -> C017-158-25 | E19: Internal assessment (9001 & 17025) | G19: ISO 17025 Clause 8.2, 8.3 Document control | H19: Lab | I19: AH | J19: 45684 | M19: 45743 | R19: Management (Lack of accountability, inadequate risk assessment) | S19: =IF(ISBLANK(Table2[[#This Row],[Complete corrective actions (Approved Date)]]), TODAY()-Table2[[#This Row],[CAR initialized date]], "CLOSED") -> CLOSED
A20: Brownsville, TX | B20: =VLOOKUP(Table2[[#This Row],[Location (drop-down)]],'List source'!D$2:E$71,2,FALSE) -> 158 | C20: 018 | D20: ="C" & C20 &"-" & B20 & "-" & "25" -> C018-158-25 | E20: Internal assessment (9001 & 17025) | G20: ISO 17025 Clause 6.4 Solutions prep records | H20: Lab | I20: AH | J20: 45684 | M20: 45721 | R20: People (miscommunication, complacency, competency) | S20: =IF(ISBLANK(Table2[[#This Row],[Complete corrective actions (Approved Date)]]), TODAY()-Table2[[#This Row],[CAR initialized date]], "CLOSED") -> CLOSED
A21: Brownsville, TX | B21: =VLOOKUP(Table2[[#This Row],[Location (drop-down)]],'List source'!D$2:E$71,2,FALSE) -> 158 | C21: 019 | D21: ="C" & C21 &"-" & B21 & "-" & "25" -> C019-158-25 | E21: Internal assessment (9001 & 17025) | G21: ISO 17025 Clause 6.2 Training records | H21: Lab | I21: AH | J21: 45684 | M21: 45807 | R21: People (miscommunication, complacency, competency) | S21: =IF(ISBLANK(Table2[[#This Row],[Complete corrective actions (Approved Date)]]), TODAY()-Table2[[#This Row],[CAR initialized date]], "CLOSED") -> CLOSED
A22: Mobile, AL | B22: =VLOOKUP(Table2[[#This Row],[Location (drop-down)]],'List source'!D$2:E$71,2,FALSE) -> 146 | C22: 020 | D22: ="C" & C22 &"-" & B22 & "-" & "25" -> C020-146-25 | E22: Other (QC, customer alert, improper procedure) | G22: CAR and PTO are not closed in timely manner | H22: Lab | I22: MT | J22: 45681 | M22: 45825 | S22: =IF(ISBLANK(Table2[[#This Row],[Complete corrective actions (Approved Date)]]), TODAY()-Table2[[#This Row],[CAR initialized date]], "CLOSED") -> CLOSED
A23: Bellingham (Ferndale), WA | B23: =VLOOKUP(Table2[[#This Row],[Location (drop-down)]],'List source'!D$2:E$71,2,FALSE) -> 132 | C23: 021 | D23: ="C" & C23 &"-" & B23 & "-" & "25" -> C021-132-25 | E23: Other (QC, customer alert, improper procedure) | F23: AmSpec | G23: The API used for volumetric calculations in the final report was incorrect | H23: Operations | I23: HM | J23: 45684 | M23: 45701 | S23: =IF(ISBLANK(Table2[[#This Row],[Complete corrective actions (Approved Date)]]), TODAY()-Table2[[#This Row],[CAR initialized date]], "CLOSED") -> CLOSED
A24: Bellingham (Ferndale), WA | B24: =VLOOKUP(Table2[[#This Row],[Location (drop-down)]],'List source'!D$2:E$71,2,FALSE) -> 132 | C24: 022 | D24: ="C" & C24 &"-" & B24 & "-" & "25" -> C022-132-25 | E24: Other (QC, customer alert, improper procedure) | F24: AmSpec | G24: Customer Recheck Request for D2624 Result on Job #132-24-01470 (Sample-072) Due to Discrepancy in Conductivity Test | H24: Lab | I24: HM | J24: 45685 | M24: 45688 | S24: =IF(ISBLANK(Table2[[#This Row],[Complete corrective actions (Approved Date)]]), TODAY()-Table2[[#This Row],[CAR initialized date]], "CLOSED") -> CLOSED
A25: Avenel (NYH), NJ | B25: =VLOOKUP(Table2[[#This Row],[Location (drop-down)]],'List source'!D$2:E$71,2,FALSE) -> 110 | C25: 023 | D25: ="C" & C25 &"-" & B25 & "-" & "25" -> C023-110-25 | E25: Complaint | F25: Irving Oil | G25: Irving - using additives not registered with EPA | H25: Operations | I25: MT | J25: 45686 | M25: 45687 | S25: =IF(ISBLANK(Table2[[#This Row],[Complete corrective actions (Approved Date)]]), TODAY()-Table2[[#This Row],[CAR initialized date]], "CLOSED") -> CLOSED
A26: San Francisco (Concord), CA | B26: =VLOOKUP(Table2[[#This Row],[Location (drop-down)]],'List source'!D$2:E$71,2,FALSE) -> 131 | C26: 024 | D26: ="C" & C26 &"-" & B26 & "-" & "25" -> C024-131-25 | E26: Internal assessment (9001 & 17025) | G26: Technical Bulletin Review | H26: Lab | I26: ECu | J26: 45687 | M26: 45742 | R26: Management (Lack of accountability, inadequate risk assessment) | S26: =IF(ISBLANK(Table2[[#This Row],[Complete corrective actions (Approved Date)]]), TODAY()-Table2[[#This Row],[CAR initialized date]], "CLOSED") -> CLOSED
A27: San Francisco (Concord), CA | B27: =VLOOKUP(Table2[[#This Row],[Location (drop-down)]],'List source'!D$2:E$71,2,FALSE) -> 131 | C27: 025 | D27: ="C" & C27 &"-" & B27 & "-" & "25" -> C025-131-25 | E27: Internal assessment (9001 & 17025) | G27: Inspector Training Records | H27: Operations | I27: ECu | J27: 45687 | M27: 45742 | R27: People (miscommunication, complacency, competency) | S27: =IF(ISBLANK(Table2[[#This Row],[Complete corrective actions (Approved Date)]]), TODAY()-Table2[[#This Row],[CAR initialized date]], "CLOSED") -> CLOSED
A28: San Francisco (Concord), CA | B28: =VLOOKUP(Table2[[#This Row],[Location (drop-down)]],'List source'!D$2:E$71,2,FALSE) -> 131 | C28: 026 | D28: ="C" & C28 &"-" & B28 & "-" & "25" -> C026-131-25 | E28: Internal assessment (9001 & 17025) | G28: Job File Review | H28: Lab & Ops | I28: ECu | J28: 45687 | M28: 45777 | R28: Management (Lack of accountability, inadequate risk assessment) | S28: =IF(ISBLANK(Table2[[#This Row],[Complete corrective actions (Approved Date)]]), TODAY()-Table2[[#This Row],[CAR initialized date]], "CLOSED") -> CLOSED
A29: San Francisco (Concord), CA | B29: =VLOOKUP(Table2[[#This Row],[Location (drop-down)]],'List source'!D$2:E$71,2,FALSE) -> 131 | C29: 027 | D29: ="C" & C29 &"-" & B29 & "-" & "25" -> C027-131-25 | E29: Internal assessment (9001 & 17025) | G29: Incomplete / missing MOCs | H29: Lab | I29: ECu | J29: 45687 | M29: 45705 | R29: Management (Lack of accountability, inadequate risk assessment) | S29: =IF(ISBLANK(Table2[[#This Row],[Complete corrective actions (Approved Date)]]), TODAY()-Table2[[#This Row],[CAR initialized date]], "CLOSED") -> CLOSED
A30: San Francisco (Concord), CA | B30: =VLOOKUP(Table2[[#This Row],[Location (drop-down)]],'List source'!D$2:E$71,2,FALSE) -> 131 | C30: 028 | D30: ="C" & C30 &"-" & B30 & "-" & "25" -> C028-131-25 | E30: Internal assessment (9001 & 17025) | G30: Chemical inventory | H30: Lab | I30: ECu | J30: 45687 | M30: 45756 | R30: Management (Lack of accountability, inadequate risk assessment) | S30: =IF(ISBLANK(Table2[[#This Row],[Complete corrective actions (Approved Date)]]), TODAY()-Table2[[#This Row],[CAR initialized date]], "CLOSED") -> CLOSED
A31: San Francisco (Concord), CA | B31: =VLOOKUP(Table2[[#This Row],[Location (drop-down)]],'List source'!D$2:E$71,2,FALSE) -> 131 | C31: 029 | D31: ="C" & C31 &"-" & B31 & "-" & "25" -> C029-131-25 | E31: Internal assessment (9001 & 17025) | G31: ISO 17025 Clause 6.2.5 Training records | H31: Lab | I31: ECu | J31: 45687 | M31: 45806 | R31: Management (Lack of accountability, inadequate risk assessment) | S31: =IF(ISBLANK(Table2[[#This Row],[Complete corrective actions (Approved Date)]]), TODAY()-Table2[[#This Row],[CAR initialized date]], "CLOSED") -> CLOSED
A32: San Francisco (Concord), CA | B32: =VLOOKUP(Table2[[#This Row],[Location (drop-down)]],'List source'!D$2:E$71,2,FALSE) -> 131 | C32: 030 | D32: ="C" & C32 &"-" & B32 & "-" & "25" -> C030-131-25 | E32: Internal assessment (9001 & 17025) | G32: ISO 17025 Clause 6.4 Equipment Records | H32: Lab | I32: ECu | J32: 45687 | M32: 45799 | R32: Management (Lack of accountability, inadequate risk assessment) | S32: =IF(ISBLANK(Table2[[#This Row],[Complete corrective actions (Approved Date)]]), TODAY()-Table2[[#This Row],[CAR initialized date]], "CLOSED") -> CLOSED
A33: San Francisco (Concord), CA | B33: =VLOOKUP(Table2[[#This Row],[Location (drop-down)]],'List source'!D$2:E$71,2,FALSE) -> 131 | C33: 031 | D33: ="C" & C33 &"-" & B33 & "-" & "25" -> C031-131-25 | E33: Internal assessment (9001 & 17025) | G33: ISO 17025 Clause 6.4.9 and 7.10 Deviation | H33: Lab | I33: ECu | J33: 45687 | M33: 45756 | R33: People (miscommunication, complacency, competency) | S33: =IF(ISBLANK(Table2[[#This Row],[Complete corrective actions (Approved Date)]]), TODAY()-Table2[[#This Row],[CAR initialized date]], "CLOSED") -> CLOSED
A34: San Francisco (Concord), CA | B34: =VLOOKUP(Table2[[#This Row],[Location (drop-down)]],'List source'!D$2:E$71,2,FALSE) -> 131 | C34: 032 | D34: ="C" & C34 &"-" & B34 & "-" & "25" -> C032-131-25 | E34: Internal assessment (9001 & 17025) | G34: ISO 17025 Clause 6.5.1 Metrological Traceability | H34: Lab | I34: ECu | J34: 45687 | M34: 45916 | S34: =IF(ISBLANK(Table2[[#This Row],[Complete corrective actions (Approved Date)]]), TODAY()-Table2[[#This Row],[CAR initialized date]], "CLOSED") -> CLOSED
A35: San Francisco (Concord), CA | B35: =VLOOKUP(Table2[[#This Row],[Location (drop-down)]],'List source'!D$2:E$71,2,FALSE) -> 131 | C35: 033 | D35: ="C" & C35 &"-" & B35 & "-" & "25" -> C033-131-25 | E35: Internal assessment (9001 & 17025) | G35: ISO 17025 Clause 6.6.2c Ext. Products | H35: Lab | I35: ECu | J35: 45687 | M35: 45799 | R35: Management (Lack of accountability, inadequate risk assessment) | S35: =IF(ISBLANK(Table2[[#This Row],[Complete corrective actions (Approved Date)]]), TODAY()-Table2[[#This Row],[CAR initialized date]], "CLOSED") -> CLOSED
A36: San Francisco (Concord), CA | B36: =VLOOKUP(Table2[[#This Row],[Location (drop-down)]],'List source'!D$2:E$71,2,FALSE) -> 131 | C36: 034 | D36: ="C" & C36 &"-" & B36 & "-" & "25" -> C034-131-25 | E36: Internal assessment (9001 & 17025) | G36: ISO 17025 Clause 7.1 Contract Review | H36: Lab & Ops | I36: ECu | J36: 45687 | M36: 45777 | R36: People (miscommunication, complacency, competency) | S36: =IF(ISBLANK(Table2[[#This Row],[Complete corrective actions (Approved Date)]]), TODAY()-Table2[[#This Row],[CAR initialized date]], "CLOSED") -> CLOSED
A37: San Francisco (Concord), CA | B37: =VLOOKUP(Table2[[#This Row],[Location (drop-down)]],'List source'!D$2:E$71,2,FALSE) -> 131 | C37: 035 | D37: ="C" & C37 &"-" & B37 & "-" & "25" -> C035-131-25 | E37: Internal assessment (9001 & 17025) | G37: ISO 17025 Clause 7.2.1 Test witnessing | H37: Lab | I37: ECu | J37: 45687 | M37: 45799 | R37: People (miscommunication, complacency, competency) | S37: =IF(ISBLANK(Table2[[#This Row],[Complete corrective actions (Approved Date)]]), TODAY()-Table2[[#This Row],[CAR initialized date]], "CLOSED") -> CLOSED
A38: San Francisco (Concord), CA | B38: =VLOOKUP(Table2[[#This Row],[Location (drop-down)]],'List source'!D$2:E$71,2,FALSE) -> 131 | C38: 036 | D38: ="C" & C38 &"-" & B38 & "-" & "25" -> C036-131-25 | E38: Internal assessment (9001 & 17025) | G38: ISO 17025 Clause 7.5 Technical records | H38: Lab | I38: ECu | J38: 45687 | M38: 45777 | O38: 45861 | P38: Yes | Q38: CAR completed - pending effectiveness review 07.25 | R38: People (miscommunication, complacency, competency) | S38: =IF(ISBLANK(Table2[[#This Row],[Complete corrective actions (Approved Date)]]), TODAY()-Table2[[#This Row],[CAR initialized date]], "CLOSED") -> CLOSED
A39: San Francisco (Concord), CA | B39: =VLOOKUP(Table2[[#This Row],[Location (drop-down)]],'List source'!D$2:E$71,2,FALSE) -> 131 | C39: 037 | D39: ="C" & C39 &"-" & B39 & "-" & "25" -> C037-131-25 | E39: Internal assessment (9001 & 17025) | G39: ISO 17025 Clause 7.7.1 Validity of Results | H39: Lab | I39: ECu | J39: 45687 | M39: 45868 | R39: Management (Lack of accountability, inadequate risk assessment) | S39: =IF(ISBLANK(Table2[[#This Row],[Complete corrective actions (Approved Date)]]), TODAY()-Table2[[#This Row],[CAR initialized date]], "CLOSED") -> CLOSED
A40: San Francisco (Concord), CA | B40: =VLOOKUP(Table2[[#This Row],[Location (drop-down)]],'List source'!D$2:E$71,2,FALSE) -> 131 | C40: 038 | D40: ="C" & C40 &"-" & B40 & "-" & "25" -> C038-131-25 | E40: Internal assessment (9001 & 17025) | G40: ISO 17025 Clause 7.8 Reporting results | H40: Lab | I40: ECu | J40: 45687 | M40: 45777 | O40: 45877 | P40: No | Q40: repeating issue, see C351 | R40: People (miscommunication, complacency, competency) | S40: =IF(ISBLANK(Table2[[#This Row],[Complete corrective actions (Approved Date)]]), TODAY()-Table2[[#This Row],[CAR initialized date]], "CLOSED") -> CLOSED
A41: San Francisco (Concord), CA | B41: =VLOOKUP(Table2[[#This Row],[Location (drop-down)]],'List source'!D$2:E$71,2,FALSE) -> 131 | C41: 039 | D41: ="C" & C41 &"-" & B41 & "-" & "25" -> C039-131-25 | E41: Internal assessment (9001 & 17025) | G41: ISO 17025 Clause 8.3 Document control | H41: Lab | I41: ECu | J41: 45687 | M41: 45742 | R41: Management (Lack of accountability, inadequate risk assessment) | S41: =IF(ISBLANK(Table2[[#This Row],[Complete corrective actions (Approved Date)]]), TODAY()-Table2[[#This Row],[CAR initialized date]], "CLOSED") -> CLOSED
A42: Los Angeles (Signal Hill), CA | B42: =VLOOKUP(Table2[[#This Row],[Location (drop-down)]],'List source'!D$2:E$71,2,FALSE) -> 130 | C42: 040 | D42: ="C" & C42 &"-" & B42 & "-" & "25" -> C040-130-25 | E42: Other (QC, customer alert, improper procedure) | F42: PBF | G42: Inspector compiling/providing an incorrect VEF | H42: Operations | I42: HM | J42: 45691 | M42: 45776 | O42: 45890 | P42: No | Q42: repeating issue, see C315 | S42: =IF(ISBLANK(Table2[[#This Row],[Complete corrective actions (Approved Date)]]), TODAY()-Table2[[#This Row],[CAR initialized date]], "CLOSED") -> CLOSED
A43: Pittsburgh, PA | B43: =VLOOKUP(Table2[[#This Row],[Location (drop-down)]],'List source'!D$2:E$71,2,FALSE) -> 178 | C43: 041 | D43: ="C" & C43 &"-" & B43 & "-" & "25" -> C041-178-25 | E43: Internal assessment (9001 & 17025) | G43: Purchase Order | H43: Lab & Ops | I43: MT | J43: 45695 | M43: 45729 | R43: People (miscommunication, complacency, competency) | S43: =IF(ISBLANK(Table2[[#This Row],[Complete corrective actions (Approved Date)]]), TODAY()-Table2[[#This Row],[CAR initialized date]], "CLOSED") -> CLOSED
A44: Pittsburgh, PA | B44: =VLOOKUP(Table2[[#This Row],[Location (drop-down)]],'List source'!D$2:E$71,2,FALSE) -> 178 | C44: 042 | D44: ="C" & C44 &"-" & B44 & "-" & "25" -> C042-178-25 | E44: Internal assessment (9001 & 17025) | G44: Inspection Raw Data | H44: Operations | I44: MT | J44: 45695 | M44: 45754 | R44: Management (Lack of accountability, inadequate risk assessment) | S44: =IF(ISBLANK(Table2[[#This Row],[Complete corrective actions (Approved Date)]]), TODAY()-Table2[[#This Row],[CAR initialized date]], "CLOSED") -> CLOSED
A45: Pittsburgh, PA | B45: =VLOOKUP(Table2[[#This Row],[Location (drop-down)]],'List source'!D$2:E$71,2,FALSE) -> 178 | C45: 043 | D45: ="C" & C45 &"-" & B45 & "-" & "25" -> C043-178-25 | E45: Internal assessment (9001 & 17025) | G45: Inspection Equipment | H45: Operations | I45: MT | J45: 45695 | M45: 45754 | R45: People (miscommunication, complacency, competency) | S45: =IF(ISBLANK(Table2[[#This Row],[Complete corrective actions (Approved Date)]]), TODAY()-Table2[[#This Row],[CAR initialized date]], "CLOSED") -> CLOSED
A46: Pittsburgh, PA | B46: =VLOOKUP(Table2[[#This Row],[Location (drop-down)]],'List source'!D$2:E$71,2,FALSE) -> 178 | C46: 044 | D46: ="C" & C46 &"-" & B46 & "-" & "25" -> C044-178-25 | E46: Internal assessment (9001 & 17025) | G46: Lab Equipment | H46: Lab | I46: MT | J46: 45695 | M46: 45728 | R46: People (miscommunication, complacency, competency) | S46: =IF(ISBLANK(Table2[[#This Row],[Complete corrective actions (Approved Date)]]), TODAY()-Table2[[#This Row],[CAR initialized date]], "CLOSED") -> CLOSED
A47: Pittsburgh, PA | B47: =VLOOKUP(Table2[[#This Row],[Location (drop-down)]],'List source'!D$2:E$71,2,FALSE) -> 178 | C47: 045 | D47: ="C" & C47 &"-" & B47 & "-" & "25" -> C045-178-25 | E47: Internal assessment (9001 & 17025) | G47: Test Witnessing | H47: Lab | I47: MT | J47: 45695 | M47: 45722 | R47: People (miscommunication, complacency, competency) | S47: =IF(ISBLANK(Table2[[#This Row],[Complete corrective actions (Approved Date)]]), TODAY()-Table2[[#This Row],[CAR initialized date]], "CLOSED") -> CLOSED
A48: Pittsburgh, PA | B48: =VLOOKUP(Table2[[#This Row],[Location (drop-down)]],'List source'!D$2:E$71,2,FALSE) -> 178 | C48: 046 | D48: ="C" & C48 &"-" & B48 & "-" & "25" -> C046-178-25 | E48: Internal assessment (9001 & 17025) | G48: SQC | H48: Lab | I48: MT | J48: 45695 | M48: 45712 | R48: Management (Lack of accountability, inadequate risk assessment) | S48: =IF(ISBLANK(Table2[[#This Row],[Complete corrective actions (Approved Date)]]), TODAY()-Table2[[#This Row],[CAR initialized date]], "CLOSED") -> CLOSED
A49: St Louis, MO | B49: =VLOOKUP(Table2[[#This Row],[Location (drop-down)]],'List source'!D$2:E$71,2,FALSE) -> 139 | C49: 047 | D49: ="C" & C49 &"-" & B49 & "-" & "25" -> C047-139-25 | E49: Internal assessment (9001 & 17025) | G49: File Review | H49: Lab & Ops | I49: ECu | J49: 45698 | M49: 45735 | R49: People (miscommunication, complacency, competency) | S49: =IF(ISBLANK(Table2[[#This Row],[Complete corrective actions (Approved Date)]]), TODAY()-Table2[[#This Row],[CAR initialized date]], "CLOSED") -> CLOSED
A50: St Louis, MO | B50: =VLOOKUP(Table2[[#This Row],[Location (drop-down)]],'List source'!D$2:E$71,2,FALSE) -> 139 | C50: 048 | D50: ="C" & C50 &"-" & B50 & "-" & "25" -> C048-139-25 | E50: Internal assessment (9001 & 17025) | G50: Inspection Equipment / Records | H50: Operations | I50: ECu | J50: 45698 | M50: 45726 | R50: People (miscommunication, complacency, competency) | S50: =IF(ISBLANK(Table2[[#This Row],[Complete corrective actions (Approved Date)]]), TODAY()-Table2[[#This Row],[CAR initialized date]], "CLOSED") -> CLOSED
A51: St Louis, MO | B51: =VLOOKUP(Table2[[#This Row],[Location (drop-down)]],'List source'!D$2:E$71,2,FALSE) -> 139 | C51: 049 | D51: ="C" & C51 &"-" & B51 & "-" & "25" -> C049-139-25 | E51: Internal assessment (9001 & 17025) | G51: Lab Equipment | H51: Lab | I51: ECu | J51: 45698 | M51: 45735 | R51: People (miscommunication, complacency, competency) | S51: =IF(ISBLANK(Table2[[#This Row],[Complete corrective actions (Approved Date)]]), TODAY()-Table2[[#This Row],[CAR initialized date]], "CLOSED") -> CLOSED
A52: St Louis, MO | B52: =VLOOKUP(Table2[[#This Row],[Location (drop-down)]],'List source'!D$2:E$71,2,FALSE) -> 139 | C52: 050 | D52: ="C" & C52 &"-" & B52 & "-" & "25" -> C050-139-25 | E52: Internal assessment (9001 & 17025) | G52: SQC | H52: Lab | I52: ECu | J52: 45698 | M52: 45735 | R52: People (miscommunication, complacency, competency) | S52: =IF(ISBLANK(Table2[[#This Row],[Complete corrective actions (Approved Date)]]), TODAY()-Table2[[#This Row],[CAR initialized date]], "CLOSED") -> CLOSED
A53: St Louis, MO | B53: =VLOOKUP(Table2[[#This Row],[Location (drop-down)]],'List source'!D$2:E$71,2,FALSE) -> 139 | C53: 051 | D53: ="C" & C53 &"-" & B53 & "-" & "25" -> C051-139-25 | E53: Internal assessment (9001 & 17025) | G53: Training Records | H53: Lab | I53: ECu | J53: 45698 | M53: 45735 | R53: Management (Lack of accountability, inadequate risk assessment) | S53: =IF(ISBLANK(Table2[[#This Row],[Complete corrective actions (Approved Date)]]), TODAY()-Table2[[#This Row],[CAR initialized date]], "CLOSED") -> CLOSED
A54: Mobile, AL | B54: =VLOOKUP(Table2[[#This Row],[Location (drop-down)]],'List source'!D$2:E$71,2,FALSE) -> 146 | C54: 052 | D54: ="C" & C54 &"-" & B54 & "-" & "25" -> C052-146-25 | E54: 3rd party audit (DNV, A2LA, AASHTO…) | F54: A2LA | G54: A2LA: ISO 17025 Clause 7.2.1.1 | H54: Lab | I54: KA | J54: 45694 | M54: 45911 | S54: =IF(ISBLANK(Table2[[#This Row],[Complete corrective actions (Approved Date)]]), TODAY()-Table2[[#This Row],[CAR initialized date]], "CLOSED") -> CLOSED
A55: Mobile, AL | B55: =VLOOKUP(Table2[[#This Row],[Location (drop-down)]],'List source'!D$2:E$71,2,FALSE) -> 146 | C55: 053 | D55: ="C" & C55 &"-" & B55 & "-" & "25" -> C053-146-25 | E55: 3rd party audit (DNV, A2LA, AASHTO…) | F55: A2LA | G55: A2LA: ISO 17025 Clause 6.4.5 | H55: Lab | I55: KA | J55: 45694 | M55: 45744 | R55: Management (Lack of accountability, inadequate risk assessment) | S55: =IF(ISBLANK(Table2[[#This Row],[Complete corrective actions (Approved Date)]]), TODAY()-Table2[[#This Row],[CAR initialized date]], "CLOSED") -> CLOSED
A56: Mobile, AL | B56: =VLOOKUP(Table2[[#This Row],[Location (drop-down)]],'List source'!D$2:E$71,2,FALSE) -> 146 | C56: 054 | D56: ="C" & C56 &"-" & B56 & "-" & "25" -> C054-146-25 | E56: 3rd party audit (DNV, A2LA, AASHTO…) | F56: A2LA | G56: A2LA: ISO 17025 Clause 6.4.1 | H56: Lab | I56: KA | J56: 45694 | M56: 45721 | R56: People (miscommunication, complacency, competency) | S56: =IF(ISBLANK(Table2[[#This Row],[Complete corrective actions (Approved Date)]]), TODAY()-Table2[[#This Row],[CAR initialized date]], "CLOSED") -> CLOSED
A57: Mobile, AL | B57: =VLOOKUP(Table2[[#This Row],[Location (drop-down)]],'List source'!D$2:E$71,2,FALSE) -> 146 | C57: 055 | D57: ="C" & C57 &"-" & B57 & "-" & "25" -> C055-146-25 | E57: 3rd party audit (DNV, A2LA, AASHTO…) | F57: A2LA | G57: A2LA: ISO 17025 Clause 7.8.3.1 / 7.8.3.1.e | H57: Lab | I57: KA | J57: 45694 | M57: 45741 | R57: People (miscommunication, complacency, competency) | S57: =IF(ISBLANK(Table2[[#This Row],[Complete corrective actions (Approved Date)]]), TODAY()-Table2[[#This Row],[CAR initialized date]], "CLOSED") -> CLOSED
A58: Albany, NY | B58: =VLOOKUP(Table2[[#This Row],[Location (drop-down)]],'List source'!D$2:E$71,2,FALSE) -> 111 | C58: 056 | D58: ="C" & C58 &"-" & B58 & "-" & "25" -> C056-111-25 | E58: Internal assessment (9001 & 17025) | G58: IA: No record of FL 103 weekly waste checklist being completed | H58: Lab | I58: KA | J58: 45705 | S58: =IF(ISBLANK(Table2[[#This Row],[Complete corrective actions (Approved Date)]]), TODAY()-Table2[[#This Row],[CAR initialized date]], "CLOSED") -> 372
A59: Albany, NY | B59: =VLOOKUP(Table2[[#This Row],[Location (drop-down)]],'List source'!D$2:E$71,2,FALSE) -> 111 | C59: 057 | D59: ="C" & C59 &"-" & B59 & "-" & "25" -> C057-111-25 | E59: Internal assessment (9001 & 17025) | G59: IA: File review | H59: Lab | I59: KA | J59: 45705 | S59: =IF(ISBLANK(Table2[[#This Row],[Complete corrective actions (Approved Date)]]), TODAY()-Table2[[#This Row],[CAR initialized date]], "CLOSED") -> 372
A60: Yorktown (Norfolk), VA | B60: =VLOOKUP(Table2[[#This Row],[Location (drop-down)]],'List source'!D$2:E$71,2,FALSE) -> 185 | C60: 058 | D60: ="C" & C60 &"-" & B60 & "-" & "25" -> C058-185-25 | E60: Internal assessment (9001 & 17025) | G60: ISO 9001: Lab equipment status | H60: Lab | I60: AH | J60: 45706 | M60: 45782 | R60: Management (Lack of accountability, inadequate risk assessment) | S60: =IF(ISBLANK(Table2[[#This Row],[Complete corrective actions (Approved Date)]]), TODAY()-Table2[[#This Row],[CAR initialized date]], "CLOSED") -> CLOSED
A61: Yorktown (Norfolk), VA | B61: =VLOOKUP(Table2[[#This Row],[Location (drop-down)]],'List source'!D$2:E$71,2,FALSE) -> 185 | C61: 059 | D61: ="C" & C61 &"-" & B61 & "-" & "25" -> C059-185-25 | E61: Internal assessment (9001 & 17025) | G61: ISO 9001: Master thermometer not within expiry dates during last verification period | H61: Lab | I61: AH | J61: 45706 | M61: 45796 | R61: Management (Lack of accountability, inadequate risk assessment) | S61: =IF(ISBLANK(Table2[[#This Row],[Complete corrective actions (Approved Date)]]), TODAY()-Table2[[#This Row],[CAR initialized date]], "CLOSED") -> CLOSED
A62: Yorktown (Norfolk), VA | B62: =VLOOKUP(Table2[[#This Row],[Location (drop-down)]],'List source'!D$2:E$71,2,FALSE) -> 185 | C62: 060 | D62: ="C" & C62 &"-" & B62 & "-" & "25" -> C060-185-25 | E62: Internal assessment (9001 & 17025) | G62: ISO 9001: Lab training records | H62: Lab | I62: AH | J62: 45706 | M62: 45785 | R62: Management (Lack of accountability, inadequate risk assessment) | S62: =IF(ISBLANK(Table2[[#This Row],[Complete corrective actions (Approved Date)]]), TODAY()-Table2[[#This Row],[CAR initialized date]], "CLOSED") -> CLOSED
A63: Yorktown (Norfolk), VA | B63: =VLOOKUP(Table2[[#This Row],[Location (drop-down)]],'List source'!D$2:E$71,2,FALSE) -> 185 | C63: 061 | D63: ="C" & C63 &"-" & B63 & "-" & "25" -> C061-185-25 | E63: Internal assessment (9001 & 17025) | G63: ISO 9001: Test witnessing | H63: Lab | I63: AH | J63: 45706 | M63: 45807 | R63: Methods (Inadequate / Deviation from Procedures) | S63: =IF(ISBLANK(Table2[[#This Row],[Complete corrective actions (Approved Date)]]), TODAY()-Table2[[#This Row],[CAR initialized date]], "CLOSED") -> CLOSED
A64: Yorktown (Norfolk), VA | B64: =VLOOKUP(Table2[[#This Row],[Location (drop-down)]],'List source'!D$2:E$71,2,FALSE) -> 185 | C64: 062 | D64: ="C" & C64 &"-" & B64 & "-" & "25" -> C062-185-25 | E64: Internal assessment (9001 & 17025) | G64: ISO 9001: Solutions prep + records | H64: Lab | I64: AH | J64: 45706 | M64: 45817 | R64: People (miscommunication, complacency, competency) | S64: =IF(ISBLANK(Table2[[#This Row],[Complete corrective actions (Approved Date)]]), TODAY()-Table2[[#This Row],[CAR initialized date]], "CLOSED") -> CLOSED
A65: Yorktown (Norfolk), VA | B65: =VLOOKUP(Table2[[#This Row],[Location (drop-down)]],'List source'!D$2:E$71,2,FALSE) -> 185 | C65: 063 | D65: ="C" & C65 &"-" & B65 & "-" & "25" -> C063-185-25 | E65: Internal assessment (9001 & 17025) | G65: ISO 9001: No maintenance records for D6463 pH probe | H65: Lab | I65: AH | J65: 45706 | M65: 45818 | S65: =IF(ISBLANK(Table2[[#This Row],[Complete corrective actions (Approved Date)]]), TODAY()-Table2[[#This Row],[CAR initialized date]], "CLOSED") -> CLOSED
A66: Yorktown (Norfolk), VA | B66: =VLOOKUP(Table2[[#This Row],[Location (drop-down)]],'List source'!D$2:E$71,2,FALSE) -> 185 | C66: 064 | D66: ="C" & C66 &"-" & B66 & "-" & "25" -> C064-185-25 | E66: Internal assessment (9001 & 17025) | G66: ISO 9001: Job file review | H66: Lab | I66: AH | J66: 45706 | M66: 45856 | S66: =IF(ISBLANK(Table2[[#This Row],[Complete corrective actions (Approved Date)]]), TODAY()-Table2[[#This Row],[CAR initialized date]], "CLOSED") -> CLOSED
A67: Corpus Christi, TX | B67: =VLOOKUP(Table2[[#This Row],[Location (drop-down)]],'List source'!D$2:E$71,2,FALSE) -> 155 | C67: 065 | D67: ="C" & C67 &"-" & B67 & "-" & "25" -> C065-155-25 | E67: Internal assessment (9001 & 17025) | G67: IA: File review | H67: Lab & Ops | I67: KA | J67: 45706 | M67: 45769 | R67: Methods (Inadequate / Deviation from Procedures) | S67: =IF(ISBLANK(Table2[[#This Row],[Complete corrective actions (Approved Date)]]), TODAY()-Table2[[#This Row],[CAR initialized date]], "CLOSED") -> CLOSED
A68: Corpus Christi, TX | B68: =VLOOKUP(Table2[[#This Row],[Location (drop-down)]],'List source'!D$2:E$71,2,FALSE) -> 155 | C68: 066 | D68: ="C" & C68 &"-" & B68 & "-" & "25" -> C066-155-25 | E68: Internal assessment (9001 & 17025) | G68: IA: Daily probe check records | H68: Operations | I68: KA | J68: 45706 | M68: 45754 | R68: People (miscommunication, complacency, competency) | S68: =IF(ISBLANK(Table2[[#This Row],[Complete corrective actions (Approved Date)]]), TODAY()-Table2[[#This Row],[CAR initialized date]], "CLOSED") -> CLOSED
A69: Corpus Christi, TX | B69: =VLOOKUP(Table2[[#This Row],[Location (drop-down)]],'List source'!D$2:E$71,2,FALSE) -> 155 | C69: 067 | D69: ="C" & C69 &"-" & B69 & "-" & "25" -> C067-155-25 | E69: Internal assessment (9001 & 17025) | G69: IA: Chemical/Reference stds inventory lists | H69: Lab | I69: KA | J69: 45706 | M69: 45800 | R69: Management (Lack of accountability, inadequate risk assessment) | S69: =IF(ISBLANK(Table2[[#This Row],[Complete corrective actions (Approved Date)]]), TODAY()-Table2[[#This Row],[CAR initialized date]], "CLOSED") -> CLOSED
A70: Corpus Christi, TX | B70: =VLOOKUP(Table2[[#This Row],[Location (drop-down)]],'List source'!D$2:E$71,2,FALSE) -> 155 | C70: 068 | D70: ="C" & C70 &"-" & B70 & "-" & "25" -> C068-155-25 | E70: Internal assessment (9001 & 17025) | G70: IA: Clause 5.7.a | H70: Lab | I70: KA | J70: 45706 | M70: 45807 | R70: Management (Lack of accountability, inadequate risk assessment) | S70: =IF(ISBLANK(Table2[[#This Row],[Complete corrective actions (Approved Date)]]), TODAY()-Table2[[#This Row],[CAR initialized date]], "CLOSED") -> CLOSED
A71: Corpus Christi, TX | B71: =VLOOKUP(Table2[[#This Row],[Location (drop-down)]],'List source'!D$2:E$71,2,FALSE) -> 155 | C71: 069 | D71: ="C" & C71 &"-" & B71 & "-" & "25" -> C069-155-25 | E71: Internal assessment (9001 & 17025) | G71: IA: Clause 6.2.3 | H71: Lab | I71: KA | J71: 45706 | S71: =IF(ISBLANK(Table2[[#This Row],[Complete corrective actions (Approved Date)]]), TODAY()-Table2[[#This Row],[CAR initialized date]], "CLOSED") -> 371
A72: Corpus Christi, TX | B72: =VLOOKUP(Table2[[#This Row],[Location (drop-down)]],'List source'!D$2:E$71,2,FALSE) -> 155 | C72: 070 | D72: ="C" & C72 &"-" & B72 & "-" & "25" -> C070-155-25 | E72: Internal assessment (9001 & 17025) | G72: IA: Clause 6.2.5 | H72: Lab | I72: KA | J72: 45706 | M72: 45725 | R72: People (miscommunication, complacency, competency) | S72: =IF(ISBLANK(Table2[[#This Row],[Complete corrective actions (Approved Date)]]), TODAY()-Table2[[#This Row],[CAR initialized date]], "CLOSED") -> CLOSED
A73: Corpus Christi, TX | B73: =VLOOKUP(Table2[[#This Row],[Location (drop-down)]],'List source'!D$2:E$71,2,FALSE) -> 155 | C73: 071 | D73: ="C" & C73 &"-" & B73 & "-" & "25" -> C071-155-25 | E73: Internal assessment (9001 & 17025) | G73: IA: Clause 6.4.9, 6.4.10, 6.4.13.a | H73: Lab | I73: KA | J73: 45706 | M73: 45868 | R73: People (miscommunication, complacency, competency) | S73: =IF(ISBLANK(Table2[[#This Row],[Complete corrective actions (Approved Date)]]), TODAY()-Table2[[#This Row],[CAR initialized date]], "CLOSED") -> CLOSED
A74: Corpus Christi, TX | B74: =VLOOKUP(Table2[[#This Row],[Location (drop-down)]],'List source'!D$2:E$71,2,FALSE) -> 155 | C74: 072 | D74: ="C" & C74 &"-" & B74 & "-" & "25" -> C072-155-25 | E74: Internal assessment (9001 & 17025) | G74: IA: Clause 6.5.2.a, b | H74: Lab | I74: KA | J74: 45706 | M74: 45838 | R74: People (miscommunication, complacency, competency) | S74: =IF(ISBLANK(Table2[[#This Row],[Complete corrective actions (Approved Date)]]), TODAY()-Table2[[#This Row],[CAR initialized date]], "CLOSED") -> CLOSED
A75: Corpus Christi, TX | B75: =VLOOKUP(Table2[[#This Row],[Location (drop-down)]],'List source'!D$2:E$71,2,FALSE) -> 155 | C75: 073 | D75: ="C" & C75 &"-" & B75 & "-" & "25" -> C073-155-25 | E75: Internal assessment (9001 & 17025) | G75: IA: Clause 7.1.5 | H75: Lab | I75: KA | J75: 45706 | M75: 45807 | R75: People (miscommunication, complacency, competency) | S75: =IF(ISBLANK(Table2[[#This Row],[Complete corrective actions (Approved Date)]]), TODAY()-Table2[[#This Row],[CAR initialized date]], "CLOSED") -> CLOSED
A76: Corpus Christi, TX | B76: =VLOOKUP(Table2[[#This Row],[Location (drop-down)]],'List source'!D$2:E$71,2,FALSE) -> 155 | C76: 074 | D76: ="C" & C76 &"-" & B76 & "-" & "25" -> C074-155-25 | E76: Internal assessment (9001 & 17025) | G76: IA: Clause 7.5 | H76: Lab | I76: KA | J76: 45706 | M76: 45800 | R76: People (miscommunication, complacency, competency) | S76: =IF(ISBLANK(Table2[[#This Row],[Complete corrective actions (Approved Date)]]), TODAY()-Table2[[#This Row],[CAR initialized date]], "CLOSED") -> CLOSED
A77: Corpus Christi, TX | B77: =VLOOKUP(Table2[[#This Row],[Location (drop-down)]],'List source'!D$2:E$71,2,FALSE) -> 155 | C77: 075 | D77: ="C" & C77 &"-" & B77 & "-" & "25" -> C075-155-25 | E77: Internal assessment (9001 & 17025) | G77: IA: Clause 7.7.1 | H77: Lab | I77: KA | J77: 45706 | M77: 45958 | R77: People (miscommunication, complacency, competency) | S77: =IF(ISBLANK(Table2[[#This Row],[Complete corrective actions (Approved Date)]]), TODAY()-Table2[[#This Row],[CAR initialized date]], "CLOSED") -> CLOSED
A78: Corpus Christi, TX | B78: =VLOOKUP(Table2[[#This Row],[Location (drop-down)]],'List source'!D$2:E$71,2,FALSE) -> 155 | C78: 076 | D78: ="C" & C78 &"-" & B78 & "-" & "25" -> C076-155-25 | E78: Internal assessment (9001 & 17025) | G78: IA: Clause 7.8, 7.8.3.1.e | H78: Lab | I78: KA | J78: 45706 | M78: 45838 | R78: People (miscommunication, complacency, competency) | S78: =IF(ISBLANK(Table2[[#This Row],[Complete corrective actions (Approved Date)]]), TODAY()-Table2[[#This Row],[CAR initialized date]], "CLOSED") -> CLOSED
A79: Corpus Christi, TX | B79: =VLOOKUP(Table2[[#This Row],[Location (drop-down)]],'List source'!D$2:E$71,2,FALSE) -> 155 | C79: 077 | D79: ="C" & C79 &"-" & B79 & "-" & "25" -> C077-155-25 | E79: Internal assessment (9001 & 17025) | G79: IA: Clause 8.3 | H79: Lab | I79: KA | J79: 45706 | M79: 45951 | S79: =IF(ISBLANK(Table2[[#This Row],[Complete corrective actions (Approved Date)]]), TODAY()-Table2[[#This Row],[CAR initialized date]], "CLOSED") -> CLOSED
A80: Corpus Christi, TX | B80: =VLOOKUP(Table2[[#This Row],[Location (drop-down)]],'List source'!D$2:E$71,2,FALSE) -> 155 | C80: 078 | D80: ="C" & C80 &"-" & B80 & "-" & "25" -> C078-155-25 | E80: Internal assessment (9001 & 17025) | G80: IA: Clause 8.7.1.a | H80: Lab | I80: KA | J80: 45706 | S80: =IF(ISBLANK(Table2[[#This Row],[Complete corrective actions (Approved Date)]]), TODAY()-Table2[[#This Row],[CAR initialized date]], "CLOSED") -> 371
A81: CORPORATE, NJ | B81: =VLOOKUP(Table2[[#This Row],[Location (drop-down)]],'List source'!D$2:E$71,2,FALSE) -> 101 | C81: 079 | D81: ="C" & C81 &"-" & B81 & "-" & "25" -> C079-101-25 | E81: Other (QC, customer alert, improper procedure) | G81: INSCAL forms not being used according to QSM requirements | H81: Operations | I81: KA | J81: 45707 | M81: 45763 | Q81: Assigned to James Armstrong per email from MT on 02.19.25 | S81: =IF(ISBLANK(Table2[[#This Row],[Complete corrective actions (Approved Date)]]), TODAY()-Table2[[#This Row],[CAR initialized date]], "CLOSED") -> CLOSED
A82: Freeport, TX | B82: =VLOOKUP(Table2[[#This Row],[Location (drop-down)]],'List source'!D$2:E$71,2,FALSE) -> 157 | C82: 080 | D82: ="C" & C82 &"-" & B82 & "-" & "25" -> C080-157-25 | E82: Internal assessment (9001 & 17025) | G82: IA: Incomplete / missing MOCs | H82: Lab | I82: ECu | J82: 45707 | M82: 45737 | R82: People (miscommunication, complacency, competency) | S82: =IF(ISBLANK(Table2[[#This Row],[Complete corrective actions (Approved Date)]]), TODAY()-Table2[[#This Row],[CAR initialized date]], "CLOSED") -> CLOSED
A83: Freeport, TX | B83: =VLOOKUP(Table2[[#This Row],[Location (drop-down)]],'List source'!D$2:E$71,2,FALSE) -> 157 | C83: 081 | D83: ="C" & C83 &"-" & B83 & "-" & "25" -> C081-157-25 | E83: Internal assessment (9001 & 17025) | G83: IA: QCs | H83: Lab | I83: ECu | J83: 45707 | M83: 45737 | R83: Management (Lack of accountability, inadequate risk assessment) | S83: =IF(ISBLANK(Table2[[#This Row],[Complete corrective actions (Approved Date)]]), TODAY()-Table2[[#This Row],[CAR initialized date]], "CLOSED") -> CLOSED
A84: Freeport, TX | B84: =VLOOKUP(Table2[[#This Row],[Location (drop-down)]],'List source'!D$2:E$71,2,FALSE) -> 157 | C84: 082 | D84: ="C" & C84 &"-" & B84 & "-" & "25" -> C082-157-25 | E84: Internal assessment (9001 & 17025) | G84: IA: Lab training records | H84: Lab | I84: ECu | J84: 45707 | M84: 45737 | R84: Management (Lack of accountability, inadequate risk assessment) | S84: =IF(ISBLANK(Table2[[#This Row],[Complete corrective actions (Approved Date)]]), TODAY()-Table2[[#This Row],[CAR initialized date]], "CLOSED") -> CLOSED
A85: Freeport, TX | B85: =VLOOKUP(Table2[[#This Row],[Location (drop-down)]],'List source'!D$2:E$71,2,FALSE) -> 157 | C85: 083 | D85: ="C" & C85 &"-" & B85 & "-" & "25" -> C083-157-25 | E85: Internal assessment (9001 & 17025) | G85: IA: File review | H85: Lab & Ops | I85: ECu | J85: 45707 | M85: 45737 | R85: People (miscommunication, complacency, competency) | S85: =IF(ISBLANK(Table2[[#This Row],[Complete corrective actions (Approved Date)]]), TODAY()-Table2[[#This Row],[CAR initialized date]], "CLOSED") -> CLOSED
A86: Freeport, TX | B86: =VLOOKUP(Table2[[#This Row],[Location (drop-down)]],'List source'!D$2:E$71,2,FALSE) -> 157 | C86: 084 | D86: ="C" & C86 &"-" & B86 & "-" & "25" -> C084-157-25 | E86: Internal assessment (9001 & 17025) | G86: IA: Certificates not being signed / dated for review | H86: Lab & Ops | I86: ECu | J86: 45707 | M86: 45740 | Q86: Repeating NC from 2024 (C090-157-24) | R86: People (miscommunication, complacency, competency) | S86: =IF(ISBLANK(Table2[[#This Row],[Complete corrective actions (Approved Date)]]), TODAY()-Table2[[#This Row],[CAR initialized date]], "CLOSED") -> CLOSED
A87: Freeport, TX | B87: =VLOOKUP(Table2[[#This Row],[Location (drop-down)]],'List source'!D$2:E$71,2,FALSE) -> 157 | C87: 085 | D87: ="C" & C87 &"-" & B87 & "-" & "25" -> C085-157-25 | E87: Internal assessment (9001 & 17025) | G87: IA: Lab equipment | H87: Lab | I87: ECu | J87: 45707 | M87: 45737 | R87: People (miscommunication, complacency, competency) | S87: =IF(ISBLANK(Table2[[#This Row],[Complete corrective actions (Approved Date)]]), TODAY()-Table2[[#This Row],[CAR initialized date]], "CLOSED") -> CLOSED
A88: Decatur, AL | B88: =VLOOKUP(Table2[[#This Row],[Location (drop-down)]],'List source'!D$2:E$71,2,FALSE) -> 147 | C88: 086 | D88: ="C" & C88 &"-" & B88 & "-" & "25" -> C086-147-25 | E88: Complaint | F88: Citgo | G88: Citgo - Equipment/Probe Checks and In-Transit Difference Comparisons. | H88: Operations | I88: DA | J88: 45708 | M88: 45726 | S88: =IF(ISBLANK(Table2[[#This Row],[Complete corrective actions (Approved Date)]]), TODAY()-Table2[[#This Row],[CAR initialized date]], "CLOSED") -> CLOSED
A89: CORPORATE, NJ | B89: =VLOOKUP(Table2[[#This Row],[Location (drop-down)]],'List source'!D$2:E$71,2,FALSE) -> 101 | C89: 087 | D89: ="C" & C89 &"-" & B89 & "-" & "25" -> C087-101-25 | E89: Complaint | F89: Irving Oil | G89: Inspectors sampler tape and tube fell into vessels tank. | H89: Operations | I89: GF | J89: 45708 | M89: 45793 | Q89: Verified corrective actions effective with no recurrences . | S89: =IF(ISBLANK(Table2[[#This Row],[Complete corrective actions (Approved Date)]]), TODAY()-Table2[[#This Row],[CAR initialized date]], "CLOSED") -> CLOSED
A90: HOFTI / Channelview, TX | B90: =VLOOKUP(Table2[[#This Row],[Location (drop-down)]],'List source'!D$2:E$71,2,FALSE) -> 128 | C90: 088 | D90: ="C" & C90 &"-" & B90 & "-" & "25" -> C088-128-25 | E90: Internal assessment (9001 & 17025) | G90: ISO 9001: Inspector field equipment records | H90: Operations | I90: AH | J90: 45709 | M90: 45727 | R90: People (miscommunication, complacency, competency) | S90: =IF(ISBLANK(Table2[[#This Row],[Complete corrective actions (Approved Date)]]), TODAY()-Table2[[#This Row],[CAR initialized date]], "CLOSED") -> CLOSED
A91: HOFTI / Channelview, TX | B91: =VLOOKUP(Table2[[#This Row],[Location (drop-down)]],'List source'!D$2:E$71,2,FALSE) -> 128 | C91: 089 | D91: ="C" & C91 &"-" & B91 & "-" & "25" -> C089-128-25 | E91: Internal assessment (9001 & 17025) | G91: ISO 9001: Inspector training records | H91: Operations | I91: AH | J91: 45709 | M91: 45733 | R91: People (miscommunication, complacency, competency) | S91: =IF(ISBLANK(Table2[[#This Row],[Complete corrective actions (Approved Date)]]), TODAY()-Table2[[#This Row],[CAR initialized date]], "CLOSED") -> CLOSED
A92: HOFTI / Channelview, TX | B92: =VLOOKUP(Table2[[#This Row],[Location (drop-down)]],'List source'!D$2:E$71,2,FALSE) -> 128 | C92: 090 | D92: ="C" & C92 &"-" & B92 & "-" & "25" -> C090-128-25 | E92: Internal assessment (9001 & 17025) | G92: ISO 9001: Calibration certs not reviewed by lab staff | H92: Lab | I92: AH | J92: 45709 | M92: 45725 | R92: People (miscommunication, complacency, competency) | S92: =IF(ISBLANK(Table2[[#This Row],[Complete corrective actions (Approved Date)]]), TODAY()-Table2[[#This Row],[CAR initialized date]], "CLOSED") -> CLOSED
A93: HOFTI / Channelview, TX | B93: =VLOOKUP(Table2[[#This Row],[Location (drop-down)]],'List source'!D$2:E$71,2,FALSE) -> 128 | C93: 091 | D93: ="C" & C93 &"-" & B93 & "-" & "25" -> C091-128-25 | E93: Internal assessment (9001 & 17025) | G93: ISO 9001: Lab training records | H93: Lab | I93: AH | J93: 45709 | M93: 45768 | R93: Methods (Inadequate / Deviation from Procedures) | S93: =IF(ISBLANK(Table2[[#This Row],[Complete corrective actions (Approved Date)]]), TODAY()-Table2[[#This Row],[CAR initialized date]], "CLOSED") -> CLOSED
A94: HOFTI / Channelview, TX | B94: =VLOOKUP(Table2[[#This Row],[Location (drop-down)]],'List source'!D$2:E$71,2,FALSE) -> 128 | C94: 092 | D94: ="C" & C94 &"-" & B94 & "-" & "25" -> C092-128-25 | E94: Internal assessment (9001 & 17025) | G94: ISO 9001: Quality control + charts | H94: Lab | I94: AH | J94: 45709 | M94: 45800 | R94: Methods (Inadequate / Deviation from Procedures) | S94: =IF(ISBLANK(Table2[[#This Row],[Complete corrective actions (Approved Date)]]), TODAY()-Table2[[#This Row],[CAR initialized date]], "CLOSED") -> CLOSED
A95: HOFTI / Channelview, TX | B95: =VLOOKUP(Table2[[#This Row],[Location (drop-down)]],'List source'!D$2:E$71,2,FALSE) -> 128 | C95: 093 | D95: ="C" & C95 &"-" & B95 & "-" & "25" -> C093-128-25 | E95: Internal assessment (9001 & 17025) | G95: ISO 9001: Test witnessing | H95: Lab | I95: AH | J95: 45709 | M95: 45797 | R95: People (miscommunication, complacency, competency) | S95: =IF(ISBLANK(Table2[[#This Row],[Complete corrective actions (Approved Date)]]), TODAY()-Table2[[#This Row],[CAR initialized date]], "CLOSED") -> CLOSED
A96: HOFTI / Channelview, TX | B96: =VLOOKUP(Table2[[#This Row],[Location (drop-down)]],'List source'!D$2:E$71,2,FALSE) -> 128 | C96: 094 | D96: ="C" & C96 &"-" & B96 & "-" & "25" -> C094-128-25 | E96: Internal assessment (9001 & 17025) | G96: ISO 9001: Lab equipment | H96: Lab | I96: AH | J96: 45709 | M96: 45755 | R96: Management (Lack of accountability, inadequate risk assessment) | S96: =IF(ISBLANK(Table2[[#This Row],[Complete corrective actions (Approved Date)]]), TODAY()-Table2[[#This Row],[CAR initialized date]], "CLOSED") -> CLOSED
A97: HOFTI / Channelview, TX | B97: =VLOOKUP(Table2[[#This Row],[Location (drop-down)]],'List source'!D$2:E$71,2,FALSE) -> 128 | C97: 095 | D97: ="C" & C97 &"-" & B97 & "-" & "25" -> C095-128-25 | E97: Internal assessment (9001 & 17025) | G97: ISO 9001: Technical / Quality Bulletins | H97: Lab & Ops | I97: AH | J97: 45709 | M97: 45768 | R97: People (miscommunication, complacency, competency) | S97: =IF(ISBLANK(Table2[[#This Row],[Complete corrective actions (Approved Date)]]), TODAY()-Table2[[#This Row],[CAR initialized date]], "CLOSED") -> CLOSED
A98: HOFTI / Channelview, TX | B98: =VLOOKUP(Table2[[#This Row],[Location (drop-down)]],'List source'!D$2:E$71,2,FALSE) -> 128 | C98: 096 | D98: ="C" & C98 &"-" & B98 & "-" & "25" -> C096-128-25 | E98: Internal assessment (9001 & 17025) | G98: ISO 9001: MOC / Equipment management | H98: Lab | I98: AH | J98: 45709 | M98: 45725 | R98: People (miscommunication, complacency, competency) | S98: =IF(ISBLANK(Table2[[#This Row],[Complete corrective actions (Approved Date)]]), TODAY()-Table2[[#This Row],[CAR initialized date]], "CLOSED") -> CLOSED
A99: HOFTI / Channelview, TX | B99: =VLOOKUP(Table2[[#This Row],[Location (drop-down)]],'List source'!D$2:E$71,2,FALSE) -> 128 | C99: 097 | D99: ="C" & C99 &"-" & B99 & "-" & "25" -> C097-128-25 | E99: Internal assessment (9001 & 17025) | G99: ISO 9001: Document control | H99: Lab & Ops | I99: AH | J99: 45709 | M99: 45725 | R99: People (miscommunication, complacency, competency) | S99: =IF(ISBLANK(Table2[[#This Row],[Complete corrective actions (Approved Date)]]), TODAY()-Table2[[#This Row],[CAR initialized date]], "CLOSED") -> CLOSED
A100: HOFTI / Channelview, TX | B100: =VLOOKUP(Table2[[#This Row],[Location (drop-down)]],'List source'!D$2:E$71,2,FALSE) -> 128 | C100: 098 | D100: ="C" & C100 &"-" & B100 & "-" & "25" -> C098-128-25 | E100: Internal assessment (9001 & 17025) | G100: ISO 9001: Job file review | H100: Lab & Ops | I100: AH | J100: 45709 | M100: 45828 | R100: People (miscommunication, complacency, competency) | S100: =IF(ISBLANK(Table2[[#This Row],[Complete corrective actions (Approved Date)]]), TODAY()-Table2[[#This Row],[CAR initialized date]], "CLOSED") -> CLOSED
...

Sheet PAR '25
A1: Location (drop-down) | B1: Location ID | C1: # | D1: PAR # | E1: PAR type | F1: BRIEF DESCRIPTION OF PAR if VOID: Location, type, details (initials, date) | G1: PAR initialized date | H1: QA team member initials | I1: Date closed | J1: Area (Ops, Lab, Misc.) (drop-down) | K1: Notes
A2: San Francisco (Concord), CA | B2: =VLOOKUP(Table24[[#This Row],[Location (drop-down)]],'List source'!D$2:E$71,2,FALSE) -> 131 | C2: 001 | D2: ="P" & C2 & "-" & B2 & "-" & "25" -> P001-131-25 | E2: Customer audit | F2: Suggest utilizing new tools for better maintenance, monitoring, and traceability on the D2966 Research Engine. | G2: 45671 | H2: HM | I2: 45826 | J2: Lab
A3: St Croix, USVI | B3: =VLOOKUP(Table24[[#This Row],[Location (drop-down)]],'List source'!D$2:E$71,2,FALSE) -> 210 | C3: 002 | D3: ="P" & C3 & "-" & B3 & "-" & "25" -> P002-210-25 | E3: 3rd party audit (DNV, A2LA, AASHTO…) | F3: Relating to requirement 6.4.8 - Witnessed that at ASTM D5002 workstation, lab’s green internal ID label w/ cal-related info had this Anton Paar instrument for use as (only) as D4052 instrument (though it’s capable of both method). | G3: 45680 | H3: JP | I3: 45958 | J3: Lab
A4: St Croix, USVI | B4: =VLOOKUP(Table24[[#This Row],[Location (drop-down)]],'List source'!D$2:E$71,2,FALSE) -> 210 | C4: 003 | D4: ="P" & C4 & "-" & B4 & "-" & "25" -> P003-210-25 | E4: 3rd party audit (DNV, A2LA, AASHTO…) | F4: Relating to requirement 7.5.1 - Observation 2 a & b – a) At ASTM D445 Kinematic Viscosity workstation witnessed technician documenting results to scrap paper (to later be transferred to bench data sheet), lacking specifics of task, e.g., method number, time and date reading were made. b) – at ASTM D1298 and D287 workstations acting bench sheet is a sticky note, tech said info (w/ equip serial num and result) from there is THEN transferred to laptop. It’s understood that this was not the normal SOP, but was a work around for the assessment’s non-actual samples. | G4: 45680 | H4: JP | I4: 45958 | J4: Lab
A5: St Croix, USVI | B5: =VLOOKUP(Table24[[#This Row],[Location (drop-down)]],'List source'!D$2:E$71,2,FALSE) -> 210 | C5: 004 | D5: ="P" & C5 & "-" & B5 & "-" & "25" -> P004-210-25 | E5: 3rd party audit (DNV, A2LA, AASHTO…) | F5: Be careful not to accumulate uncontrolled, not-dated, irrelevant labels such as at this instrument such as was found at the OptiDist instrument at method D86 workstation | G5: 45680 | H5: JP | I5: 45958 | J5: Lab
A6: San Francisco (Concord), CA | B6: =VLOOKUP(Table24[[#This Row],[Location (drop-down)]],'List source'!D$2:E$71,2,FALSE) -> 131 | C6: 005 | D6: ="P" & C6 & "-" & B6 & "-" & "25" -> P005-131-25 | E6: Internal assessment (9001 & 17025) | F6: D445-The local logbook will be updated, and the lab will use different viscometers for duplicate analysis. | G6: 45687 | H6: HM | I6: 45838 | J6: Lab
A7: San Francisco (Concord), CA | B7: =VLOOKUP(Table24[[#This Row],[Location (drop-down)]],'List source'!D$2:E$71,2,FALSE) -> 131 | C7: 006 | D7: ="P" & C7 & "-" & B7 & "-" & "25" -> P006-131-25 | E7: Internal assessment (9001 & 17025) | F7: Update the calibration/verification schedule with necessary activities for each instrument. Recalibrate instruments before use (e.g., tachometer, flow meter), replace thermometer with faded IDs, and address AOC items 11, 14, 15, 17, 18, 19, and 20 from the ISO 9001 IA report. | G7: 45687 | H7: HM | I7: 45838 | J7: Lab
A8: San Francisco (Concord), CA | B8: =VLOOKUP(Table24[[#This Row],[Location (drop-down)]],'List source'!D$2:E$71,2,FALSE) -> 131 | C8: 007 | D8: ="P" & C8 & "-" & B8 & "-" & "25" -> P007-131-25 | E8: Internal assessment (9001 & 17025) | F8: Instrument binders still utilizing 10 tab system. Uncontroled methods (obsolete revision) observed in the binders. AOC item # 6 & 7. ISO 9001 IA report. | G8: 45687 | H8: HM | I8: 45838 | J8: Lab
A9: San Francisco (Concord), CA | B9: =VLOOKUP(Table24[[#This Row],[Location (drop-down)]],'List source'!D$2:E$71,2,FALSE) -> 131 | C9: 008 | D9: ="P" & C9 & "-" & B9 & "-" & "25" -> P008-131-25 | E9: Internal assessment (9001 & 17025) | F9: Method specific TMAs are not being utilized. | G9: 45687 | H9: HM | I9: 45868 | J9: Lab
A10: San Francisco (Concord), CA | B10: =VLOOKUP(Table24[[#This Row],[Location (drop-down)]],'List source'!D$2:E$71,2,FALSE) -> 131 | C10: 009 | D10: ="P" & C10 & "-" & B10 & "-" & "25" -> P009-131-25 | E10: Internal assessment (9001 & 17025) | F10: Incomplete inspector binders. Item# 5 and 13 ISO 9001 IA report. | G10: 45687 | H10: HM | I10: 45868 | J10: Lab
A11: Mobile, AL | B11: =VLOOKUP(Table24[[#This Row],[Location (drop-down)]],'List source'!D$2:E$71,2,FALSE) -> 146 | C11: 010 | D11: ="P" & C11 & "-" & B11 & "-" & "25" -> P010-146-25 | E11: Other (QC, customer alert, improper procedure) | F11: Not reporting PT on 17025 scope; has capabilities, but was not reported (response to A2LA assessor discussion) | G11: 45694 | H11: KA | I11: 45742 | J11: Lab
A12: CORPORATE, NJ | B12: =VLOOKUP(Table24[[#This Row],[Location (drop-down)]],'List source'!D$2:E$71,2,FALSE) -> 101 | C12: 011 | D12: ="P" & C12 & "-" & B12 & "-" & "25" -> P011-101-25 | E12: Other (QC, customer alert, improper procedure) | F12: Improve communication of external audit findings | G12: 45659 | H12: MT | I12: 45732 | J12: Lab & Ops
A13: VOIDED ASSMT/CAR/PAR NO | B13: =VLOOKUP(Table24[[#This Row],[Location (drop-down)]],'List source'!D$2:E$71,2,FALSE) -> VOID | C13: 012 | D13: ="P" & C13 & "-" & B13 & "-" & "25" -> P012-VOID-25 | E13: VOID | F13: VOID: Mickleton, 2024 PBMS Attest Prep (AH, 04/23/2025) | G13: VOID | H13: VOID | I13: VOID | J13: VOID | K13: PAR initiated Feb 2025, upgraded to CAR Apr 2025. See C179-180-25
A14: Port Arthur (Beaumont), TX | B14: =VLOOKUP(Table24[[#This Row],[Location (drop-down)]],'List source'!D$2:E$71,2,FALSE) -> 160 | C14: 013 | D14: ="P" & C14 & "-" & B14 & "-" & "25" -> P013-160-25 | E14: Other (QC, customer alert, improper procedure) | F14: Regularly reviewing and updating company controlled documents | G14: 45726 | H14: HB | I14: 45838 | J14: Lab
A15: Port Arthur (Beaumont), TX | B15: =VLOOKUP(Table24[[#This Row],[Location (drop-down)]],'List source'!D$2:E$71,2,FALSE) -> 160 | C15: 014 | D15: ="P" & C15 & "-" & B15 & "-" & "25" -> P014-160-25 | E15: Other (QC, customer alert, improper procedure) | F15: Implementing new safety training programs for lab staff | G15: 45726 | H15: HB | I15: 45839 | J15: Lab
A16: Baton Rouge (Gonzales), LA | B16: =VLOOKUP(Table24[[#This Row],[Location (drop-down)]],'List source'!D$2:E$71,2,FALSE) -> 190 | C16: 015 | D16: ="P" & C16 & "-" & B16 & "-" & "25" -> P015-190-25 | E16: Internal assessment (9001 & 17025) | F16: Training Record | G16: 45729 | H16: MT | I16: 45905
A17: Baton Rouge (Gonzales), LA | B17: =VLOOKUP(Table24[[#This Row],[Location (drop-down)]],'List source'!D$2:E$71,2,FALSE) -> 190 | C17: 016 | D17: ="P" & C17 & "-" & B17 & "-" & "25" -> P016-190-25 | E17: Internal assessment (9001 & 17025) | F17: No PAR issued | G17: 45729 | H17: MT | I17: 45785
A18: Baton Rouge (Gonzales), LA | B18: =VLOOKUP(Table24[[#This Row],[Location (drop-down)]],'List source'!D$2:E$71,2,FALSE) -> 190 | C18: 017 | D18: ="P" & C18 & "-" & B18 & "-" & "25" -> P017-190-25 | E18: Internal assessment (9001 & 17025) | F18: TMA schedule | G18: 45729 | H18: MT | I18: 45793
A19: Baton Rouge (Gonzales), LA | B19: =VLOOKUP(Table24[[#This Row],[Location (drop-down)]],'List source'!D$2:E$71,2,FALSE) -> 190 | C19: 018 | D19: ="P" & C19 & "-" & B19 & "-" & "25" -> P018-190-25 | E19: Internal assessment (9001 & 17025) | F19: MOC | G19: 45729 | H19: MT | I19: 45785
A20: Baytown, TX | B20: =VLOOKUP(Table24[[#This Row],[Location (drop-down)]],'List source'!D$2:E$71,2,FALSE) -> 161 | C20: 019 | D20: ="P" & C20 & "-" & B20 & "-" & "25" -> P019-161-25 | E20: Other (QC, customer alert, improper procedure) | F20: Sampling questions | G20: 45726 | H20: CS | I20: 45751 | J20: Operations | K20: CAF011-161-25
A21: Houston (HTC), TX | B21: =VLOOKUP(Table24[[#This Row],[Location (drop-down)]],'List source'!D$2:E$71,2,FALSE) -> 120 | C21: 020 | D21: ="P" & C21 & "-" & B21 & "-" & "25" -> P020-120-25 | E21: Complaint | F21: ATA claim on Approximate volumes | G21: 45764 | H21: HB | I21: 45804 | J21: Operations | K21: CAF014-120-25
A22: New Orleans (Destrehan), LA | B22: =VLOOKUP(Table24[[#This Row],[Location (drop-down)]],'List source'!D$2:E$71,2,FALSE) -> 170 | C22: 021 | D22: ="P" & C22 & "-" & B22 & "-" & "25" -> P021-170-25 | E22: Complaint | F22: ATA - Iron/Org Chloride reporting and rounding results | G22: 45768 | H22: DA
A23: Levis (Quebec City), Quebec | B23: =VLOOKUP(Table24[[#This Row],[Location (drop-down)]],'List source'!D$2:E$71,2,FALSE) -> 194 | C23: 022 | D23: ="P" & C23 & "-" & B23 & "-" & "25" -> P022-194-25 | E23: Internal assessment (9001 & 17025) | F23: Equipment - Calibrations / Documentation | G23: 45772 | H23: Ecu | I23: 45777 | J23: Lab
A24: Los Angeles (Signal Hill), CA | B24: =VLOOKUP(Table24[[#This Row],[Location (drop-down)]],'List source'!D$2:E$71,2,FALSE) -> 130 | C24: 023 | D24: ="P" & C24 & "-" & B24 & "-" & "25" -> P023-130-25 | E24: Customer audit | F24: Chevron - D4294 Instrument to be adjusted to only perform one single reading instead of triplicates per run. | G24: 45782 | H24: HM | I24: 45784 | J24: Lab
A25: Los Angeles (Signal Hill), CA | B25: =VLOOKUP(Table24[[#This Row],[Location (drop-down)]],'List source'!D$2:E$71,2,FALSE) -> 130 | C25: 024 | D25: ="P" & C25 & "-" & B25 & "-" & "25" -> P024-130-25 | E25: Customer audit | F25: Chevron - D4294 Record investigation on SQC chart violations (comments) | G25: 45782 | H25: HM | I25: 45784 | J25: Lab
A26: Los Angeles (Signal Hill), CA | B26: =VLOOKUP(Table24[[#This Row],[Location (drop-down)]],'List source'!D$2:E$71,2,FALSE) -> 130 | C26: 025 | D26: ="P" & C26 & "-" & B26 & "-" & "25" -> P025-130-25 | E26: Customer audit | F26: Chevron - D5002 No laboratory control sample (LCS) for crude oil. | G26: 45782 | H26: HM | I26: 45786 | J26: Lab
A27: Baytown, TX | B27: =VLOOKUP(Table24[[#This Row],[Location (drop-down)]],'List source'!D$2:E$71,2,FALSE) -> 161 | C27: 026 | D27: ="P" & C27 & "-" & B27 & "-" & "25" -> P026-161-25 | E27: Other (QC, customer alert, improper procedure) | F27: Inspector used vessels equipment without following Exxon Baytown’s procedures in notifying the marine supervisor’s permission to gauge | G27: 45784 | H27: HB | J27: Operations
A28: St Croix, USVI | B28: =VLOOKUP(Table24[[#This Row],[Location (drop-down)]],'List source'!D$2:E$71,2,FALSE) -> 210 | C28: 027 | D28: ="P" & C28 & "-" & B28 & "-" & "25" -> P027-210-25 | E28: Other (QC, customer alert, improper procedure) | F28: Thermometer in use (12F SN: 4274) lacked initial calibration certificates as required; nonconformance with ISO/IEC 17025:2017 clauses 6.4.4 and 6.5.1. | G28: 45791 | H28: JP | I28: 45958 | J28: Lab
A29: Los Angeles (Signal Hill), CA | B29: =VLOOKUP(Table24[[#This Row],[Location (drop-down)]],'List source'!D$2:E$71,2,FALSE) -> 130 | C29: 028 | D29: ="P" & C29 & "-" & B29 & "-" & "25" -> P028-130-25 | E29: Customer audit | F29: MPC - Building evacuation plans were not adequately displayed (new admin area) | G29: 45807 | H29: HM | J29: Lab & Ops
A30: Los Angeles (Signal Hill), CA | B30: =VLOOKUP(Table24[[#This Row],[Location (drop-down)]],'List source'!D$2:E$71,2,FALSE) -> 130 | C30: 029 | D30: ="P" & C30 & "-" & B30 & "-" & "25" -> P029-130-25 | E30: Customer audit | F30: MPC - Inspector has expired PET and H2S bump test not completed monthly. | G30: 45807 | H30: HM | I30: 45940 | J30: Operations
A31: Los Angeles (Signal Hill), CA | B31: =VLOOKUP(Table24[[#This Row],[Location (drop-down)]],'List source'!D$2:E$71,2,FALSE) -> 130 | C31: 030 | D31: ="P" & C31 & "-" & B31 & "-" & "25" -> P030-130-25 | E31: Customer audit | F31: MPC - D7169 Lack of maintenance record and consider additional ventilation when handling CS2. | G31: 45807 | H31: HM | J31: Lab
A32: Mobile, AL | B32: =VLOOKUP(Table24[[#This Row],[Location (drop-down)]],'List source'!D$2:E$71,2,FALSE) -> 146 | C32: 031 | D32: ="P" & C32 & "-" & B32 & "-" & "25" -> P031-146-25 | E32: Customer audit | F32: Chevron Pascagoula - H2S Bump Test records | G32: 45862 | H32: AH | I32: 45873 | J32: Operations | K32: Audit No.: A094-146-25
A33: New Orleans (Destrehan), LA | B33: =VLOOKUP(Table24[[#This Row],[Location (drop-down)]],'List source'!D$2:E$71,2,FALSE) -> 170 | C33: 032 | D33: ="P" & C33 & "-" & B33 & "-" & "25" -> P032-170-25 | E33: Internal assessment (9001 & 17025) | F33: Sample Management - Lab composite samples were not recorded on SR-1s and AIMS labels are placed over inspector raw data. | G33: 45810 | H33: DA
A34: New Orleans (Destrehan), LA | B34: =VLOOKUP(Table24[[#This Row],[Location (drop-down)]],'List source'!D$2:E$71,2,FALSE) -> 170 | C34: 033 | D34: ="P" & C34 & "-" & B34 & "-" & "25" -> P033-170-25 | E34: Internal assessment (9001 & 17025) | F34: Lab Training - Ethics and Data Integrity training for 2025 still pending for some lab staff. Several FL13.1a and FL13.1b missing approval initial and date. | G34: 45810 | H34: DA
A35: Mickleton (Philly), NJ | B35: =VLOOKUP(Table24[[#This Row],[Location (drop-down)]],'List source'!D$2:E$71,2,FALSE) -> 180 | C35: 034 | D35: ="P" & C35 & "-" & B35 & "-" & "25" -> P034-180-25 | E35: Other (QC, customer alert, improper procedure) | F35: New revision of LC 101 not updated for local phosphorus calibration | G35: 45882 | H35: AH | I35: 45930 | J35: Lab | K35: Requested by K. Briggs Aug 13
A36: St John, NB | B36: =VLOOKUP(Table24[[#This Row],[Location (drop-down)]],'List source'!D$2:E$71,2,FALSE) -> 199 | C36: 035 | D36: ="P" & C36 & "-" & B36 & "-" & "25" -> P035-199-25 | E36: Internal assessment (9001 & 17025) | F36: Several items from the audit A090-199-25 under the heading Opportunities for Improvement and Areas of Concern | G36: 45888 | H36: GF | I36: 45905 | J36: Operations
A37: Hamilton (Burlington), ON | B37: =VLOOKUP(Table24[[#This Row],[Location (drop-down)]],'List source'!D$2:E$71,2,FALSE) -> 189 | C37: 036 | D37: ="P" & C37 & "-" & B37 & "-" & "25" -> P036-189-25 | E37: Internal assessment (9001 & 17025) | F37: OFIs from audit #A068-189-25 | G37: 45894 | H37: KA | I37: 46010 | J37: Lab & Ops
A38: Hamilton (Burlington), ON | B38: =VLOOKUP(Table24[[#This Row],[Location (drop-down)]],'List source'!D$2:E$71,2,FALSE) -> 189 | C38: 037 | D38: ="P" & C38 & "-" & B38 & "-" & "25" -> P037-189-25 | E38: Internal assessment (9001 & 17025) | F38: AOCs from audit #A068-189-25 | G38: 45894 | H38: KA | I38: 46010 | J38: Lab & Ops
A39: Yorktown (Norfolk), VA | B39: =VLOOKUP(Table24[[#This Row],[Location (drop-down)]],'List source'!D$2:E$71,2,FALSE) -> 185 | C39: 038 | D39: ="P" & C39 & "-" & B39 & "-" & "25" -> P038-185-25 | E39: Customer audit | F39: Recommend inspectors keep DOT box to transport samples in their vehicle | G39: 45897 | H39: JP | J39: Operations | K39: Marathon Audit A091-185-25
A40: Yorktown (Norfolk), VA | B40: =VLOOKUP(Table24[[#This Row],[Location (drop-down)]],'List source'!D$2:E$71,2,FALSE) -> 185 | C40: 039 | D40: ="P" & C40 & "-" & B40 & "-" & "25" -> P039-185-25 | E40: Customer audit | F40: Recommend properly sealing octane reference fuel dispensing lines to avoid contamination | G40: 45897 | H40: JP | I40: 45930 | J40: Lab | K40: Marathon Audit A091-185-25
A41: Yorktown (Norfolk), VA | B41: =VLOOKUP(Table24[[#This Row],[Location (drop-down)]],'List source'!D$2:E$71,2,FALSE) -> 185 | C41: 040 | D41: ="P" & C41 & "-" & B41 & "-" & "25" -> P040-185-25 | E41: Customer audit | F41: Recommend evaluation of direct analyst population of the control chart or establishing a management system to ensure acceptance criteria on the hardcopy sheet remain current. | G41: 45897 | H41: JP | I41: 45930 | J41: Lab | K41: Marathon Audit A091-185-25
A42: Yorktown (Norfolk), VA | B42: =VLOOKUP(Table24[[#This Row],[Location (drop-down)]],'List source'!D$2:E$71,2,FALSE) -> 185 | C42: 041 | D42: ="P" & C42 & "-" & B42 & "-" & "25" -> P041-185-25 | E42: Customer audit | F42: MPC requests that all records be retained for a total of five years in accordance with company expectations and alignment to Section 7.5 of ASTM D6792. | G42: 45897 | H42: JP | I42: 45930 | J42: Lab | K42: Marathon Audit A091-185-25
A43: Yorktown (Norfolk), VA | B43: =VLOOKUP(Table24[[#This Row],[Location (drop-down)]],'List source'!D$2:E$71,2,FALSE) -> 185 | C43: 042 | D43: ="P" & C43 & "-" & B43 & "-" & "25" -> P042-185-25 | E43: Customer audit | F43: Request that all subcontracted samples to another facility, including other AmSpec locations, be communicated to MPC to ensure proper vetting of the alternative location is in place prior to any work being performed. | G43: 45897 | H43: JP | I43: 45930 | J43: Lab | K43: Marathon Audit A091-185-25
A44: Newfoundland (Arnold's Cove) | B44: =VLOOKUP(Table24[[#This Row],[Location (drop-down)]],'List source'!D$2:E$71,2,FALSE) -> 188 | C44: 043 | D44: ="P" & C44 & "-" & B44 & "-" & "25" -> P043-188-25 | E44: Internal assessment (9001 & 17025) | F44: For Arear of Concers and Opportunities for Improvement for A089-188-25 | G44: 45847 | H44: GF | I44: 45974 | J44: Lab | K44: Audit No.: A089-188-25
A45: Los Angeles (Signal Hill), CA | B45: =VLOOKUP(Table24[[#This Row],[Location (drop-down)]],'List source'!D$2:E$71,2,FALSE) -> 130 | C45: 044 | D45: ="P" & C45 & "-" & B45 & "-" & "25" -> P044-130-25 | E45: Internal assessment (9001 & 17025) | F45: Uncontrolled documents. Item# 2, 5, and 16 on ISO 17025 audit report | G45: 45931 | H45: HM | J45: Lab
A46: Los Angeles (Signal Hill), CA | B46: =VLOOKUP(Table24[[#This Row],[Location (drop-down)]],'List source'!D$2:E$71,2,FALSE) -> 130 | C46: 045 | D46: ="P" & C46 & "-" & B46 & "-" & "25" -> P045-130-25 | E46: Internal assessment (9001 & 17025) | F46: Delay in entering QCs into QC+ and snapshot lot# and comment details could use improvement | G46: 45931 | H46: HM | J46: Lab
A47: Los Angeles (Signal Hill), CA | B47: =VLOOKUP(Table24[[#This Row],[Location (drop-down)]],'List source'!D$2:E$71,2,FALSE) -> 130 | C47: 046 | D47: ="P" & C47 & "-" & B47 & "-" & "25" -> P046-130-25 | E47: Internal assessment (9001 & 17025) | F47: No CoA available for D1319 reagent dye gel, no evidence torque wrench used for engine maintenance has ISO 17025 calibration | G47: 45931 | H47: HM | J47: Lab
A48: Los Angeles (Signal Hill), CA | B48: =VLOOKUP(Table24[[#This Row],[Location (drop-down)]],'List source'!D$2:E$71,2,FALSE) -> 130 | C48: 047 | D48: ="P" & C48 & "-" & B48 & "-" & "25" -> P047-130-25 | E48: Internal assessment (9001 & 17025) | F48: FL 15.3 not completed with all information item#6, 7,9, 10, 15 on ISO 17025 audit report | G48: 45940 | H48: HM | J48: Lab
A49: Bellingham (Ferndale), WA | B49: =VLOOKUP(Table24[[#This Row],[Location (drop-down)]],'List source'!D$2:E$71,2,FALSE) -> 132 | C49: 048 | D49: ="P" & C49 & "-" & B49 & "-" & "25" -> P048-132-25 | E49: Internal assessment (9001 & 17025) | F49: Engine maintenance records (octane and cetane). Item #6 and 7 on ISO 17025 audit report | G49: 45940 | H49: HM | J49: Lab
A50: Bellingham (Ferndale), WA | B50: =VLOOKUP(Table24[[#This Row],[Location (drop-down)]],'List source'!D$2:E$71,2,FALSE) -> 132 | C50: 049 | D50: ="P" & C50 & "-" & B50 & "-" & "25" -> P049-132-25 | E50: Internal assessment (9001 & 17025) | F50: D2500/D97 Label each thermometer individually with acceptance range. | G50: 45940 | H50: HM | J50: Lab
A51: Bellingham (Ferndale), WA | B51: =VLOOKUP(Table24[[#This Row],[Location (drop-down)]],'List source'!D$2:E$71,2,FALSE) -> 132 | C51: 050 | D51: ="P" & C51 & "-" & B51 & "-" & "25" -> P050-132-25 | E51: Internal assessment (9001 & 17025) | F51: D4294 - The cell was punctured to prevent bowing of the film, but the method does not specify this requirement. | G51: 45940 | H51: HM | J51: Lab
A52: Bellingham (Ferndale), WA | B52: =VLOOKUP(Table24[[#This Row],[Location (drop-down)]],'List source'!D$2:E$71,2,FALSE) -> 132 | C52: 051 | D52: ="P" & C52 & "-" & B52 & "-" & "25" -> P051-132-25 | E52: Internal assessment (9001 & 17025) | F52: Lab training for S. Trinh for D5453 - raw data confirms matrix but ran with 4 replicates instead of 3. and item 5 from ISO 17025 IA report. | G52: 45940 | H52: HM | J52: Lab
A53: Kenai, AK | B53: =VLOOKUP(Table24[[#This Row],[Location (drop-down)]],'List source'!D$2:E$71,2,FALSE) -> 133 | C53: 052 | D53: ="P" & C53 & "-" & B53 & "-" & "25" -> P052-133-25 | E53: Internal assessment (9001 & 17025) | F53: Form used locally for documenting D473 Sediment by Extraction, should be controlled. | G53: 45940 | H53: HM | J53: Lab
A54: Kenai, AK | B54: =VLOOKUP(Table24[[#This Row],[Location (drop-down)]],'List source'!D$2:E$71,2,FALSE) -> 133 | C54: 053 | D54: ="P" & C54 & "-" & B54 & "-" & "25" -> P053-133-25 | E54: Internal assessment (9001 & 17025) | F54: Homogenizer validation (ASTM D5854) has not been completed but should be considered as it is referenced in D4928. | G54: 45940 | H54: HM | J54: Lab
A55: Valdez, AK | B55: =VLOOKUP(Table24[[#This Row],[Location (drop-down)]],'List source'!D$2:E$71,2,FALSE) -> 129 | C55: 054 | D55: ="P" & C55 & "-" & B55 & "-" & "25" -> P054-129-25 | E55: Internal assessment (9001 & 17025) | F55: “Autosampler Performance Report” (AmSp-form ASPR V3-rev 1, 07/21) used at this location should be validated since it was difficult to determine the validity of the calculations. | G55: 45940 | H55: HM | J55: Lab
A56: St James, LA | B56: =VLOOKUP(Table24[[#This Row],[Location (drop-down)]],'List source'!D$2:E$71,2,FALSE) -> 171 | C56: 055 | D56: ="P" & C56 & "-" & B56 & "-" & "25" -> P055-171-25 | E56: Internal assessment (9001 & 17025) | F56: FL103- Inspection performed by and Manager approval are both done K’Ylon Green. | G56: 45945 | H56: KA | I56: 45961 | J56: Lab | K56: Audit No.: A081-171-24
A57: Memphis, TN | B57: =VLOOKUP(Table24[[#This Row],[Location (drop-down)]],'List source'!D$2:E$71,2,FALSE) -> 191 | C57: 056 | D57: ="P" & C57 & "-" & B57 & "-" & "25" -> P056-191-25 | E57: Internal assessment (9001 & 17025) | F57: Flash Printout noted as invalid | G57: 45961 | H57: ECu | I57: 46077 | J57: Lab
A58: Memphis, TN | B58: =VLOOKUP(Table24[[#This Row],[Location (drop-down)]],'List source'!D$2:E$71,2,FALSE) -> 191 | C58: 057 | D58: ="P" & C58 & "-" & B58 & "-" & "25" -> P057-191-25 | E58: Internal assessment (9001 & 17025) | F58: Open dates not recorded on all standard / chemical bottles | G58: 45961 | H58: Ecu | I58: 46003 | J58: Lab
A59: Memphis, TN | B59: =VLOOKUP(Table24[[#This Row],[Location (drop-down)]],'List source'!D$2:E$71,2,FALSE) -> 191 | C59: 058 | D59: ="P" & C59 & "-" & B59 & "-" & "25" -> P058-191-25 | E59: Internal assessment (9001 & 17025) | F59: D2622 mylar film lot not recorded | G59: 45961 | H59: Ecu | I59: 46003 | J59: Lab
A60: Los Angeles (Signal Hill), CA | B60: =VLOOKUP(Table24[[#This Row],[Location (drop-down)]],'List source'!D$2:E$71,2,FALSE) -> 130 | C60: 059 | D60: ="P" & C60 & "-" & B60 & "-" & "25" -> P059-130-25 | E60: 3rd party audit (DNV, A2LA, AASHTO…) | F60: Blank worksheets provided for methods on the scope did not include all data required for traceability. | G60: 45973 | H60: HM | J60: lab
A61: CORPORATE, NJ | B61: =VLOOKUP(Table24[[#This Row],[Location (drop-down)]],'List source'!D$2:E$71,2,FALSE) -> 101 | C61: 060 | D61: ="P" & C61 & "-" & B61 & "-" & "25" -> P060-101-25 | E61: 3rd party audit (DNV, A2LA, AASHTO…) | F61: DNV - finding #YATPAT-0002-2950413, Management Review - consideration may be given to include clear trends of inputs, enabling the identification of opportunities for improvement and focused analysis on areas that require enhancement. | G61: 46031 | H61: KA | J61: Misc | K61: From 2025 DNV report PRJC-75345-2008-MSC-USA
B62: =VLOOKUP(Table24[[#This Row],[Location (drop-down)]],'List source'!D$2:E$71,2,FALSE) -> #N/A | C62: 061 | D62: ="P" & C62 & "-" & B62 & "-" & "25" -> #N/A
B63: =VLOOKUP(Table24[[#This Row],[Location (drop-down)]],'List source'!D$2:E$71,2,FALSE) -> #N/A | C63: 062 | D63: ="P" & C63 & "-" & B63 & "-" & "25" -> #N/A
B64: =VLOOKUP(Table24[[#This Row],[Location (drop-down)]],'List source'!D$2:E$71,2,FALSE) -> #N/A | C64: 063 | D64: ="P" & C64 & "-" & B64 & "-" & "25" -> #N/A
B65: =VLOOKUP(Table24[[#This Row],[Location (drop-down)]],'List source'!D$2:E$71,2,FALSE) -> #N/A | C65: 064 | D65: ="P" & C65 & "-" & B65 & "-" & "25" -> #N/A
B66: =VLOOKUP(Table24[[#This Row],[Location (drop-down)]],'List source'!D$2:E$71,2,FALSE) -> #N/A | C66: 065 | D66: ="P" & C66 & "-" & B66 & "-" & "25" -> #N/A
B67: =VLOOKUP(Table24[[#This Row],[Location (drop-down)]],'List source'!D$2:E$71,2,FALSE) -> #N/A | C67: 066 | D67: ="P" & C67 & "-" & B67 & "-" & "25" -> #N/A
B68: =VLOOKUP(Table24[[#This Row],[Location (drop-down)]],'List source'!D$2:E$71,2,FALSE) -> #N/A | C68: 067 | D68: ="P" & C68 & "-" & B68 & "-" & "25" -> #N/A
B69: =VLOOKUP(Table24[[#This Row],[Location (drop-down)]],'List source'!D$2:E$71,2,FALSE) -> #N/A | C69: 068 | D69: ="P" & C69 & "-" & B69 & "-" & "25" -> #N/A
B70: =VLOOKUP(Table24[[#This Row],[Location (drop-down)]],'List source'!D$2:E$71,2,FALSE) -> #N/A | C70: 069 | D70: ="P" & C70 & "-" & B70 & "-" & "25" -> #N/A
B71: =VLOOKUP(Table24[[#This Row],[Location (drop-down)]],'List source'!D$2:E$71,2,FALSE) -> #N/A | C71: 070 | D71: ="P" & C71 & "-" & B71 & "-" & "25" -> #N/A
B72: =VLOOKUP(Table24[[#This Row],[Location (drop-down)]],'List source'!D$2:E$71,2,FALSE) -> #N/A | C72: 071 | D72: ="P" & C72 & "-" & B72 & "-" & "25" -> #N/A
B73: =VLOOKUP(Table24[[#This Row],[Location (drop-down)]],'List source'!D$2:E$71,2,FALSE) -> #N/A | C73: 072 | D73: ="P" & C73 & "-" & B73 & "-" & "25" -> #N/A
... B501: =VLOOKUP(Table24[[#This Row],[Location (drop-down)]],'List source'!D$2:E$71,2,FALSE) -> #N/A | C501: 500 | D501: ="P" & C501 & "-" & B501 & "-" & "25" -> #N/A

Sheet List source
A1: Types of Deficiency | B1: Types of Root Cause | C1: CAR / PAR Area | D1: Location | E1: Location ID | F1: Area
A2: Equipment & Reagent status | B2: Communication | C2: Lab | D2: A&B Labs - Baton Rouge, LA | E2: A&B-BR | I2: Yes
A3: Management (CQI, Quality Policy posting, PO, AVL, CAR/PAR) | B3: Equipment/ calibration | C3: Operations | D3: A&B Labs - Houston, TX | E3: A&B-HOU | I3: No
A4: PT | B4: Ineffective/ Lack system/ procedure | C4: Lab & Ops | D4: A&B Labs - Nederland, TX | E4: A&B-NED
A5: Safety | B5: Negligence (typo, no review) | C5: Misc | D5: A&B Labs - Tempe, AZ | E5: A&B-TEM
A6: Technical (Calibration/ Verification/ Maintenance/ PT/ method deviation) | B6: Normal statistics variance - no CA | C6: VOID | D6: AGRI (HTC) | E6: 119 | F6: USGC
A7: Traceability and records (SR-1, raw data) | B7: Training/ competency | D7: Albany, NY | E7: 111 | F7: USNE, USMW & Canada
A8: Training (include quality, safety, ethics) | B8: Unmanaged risks | D8: Avenel (NYH), NJ | E8: 110 | F8: USNE, USMW & Canada
A9: VOID | B9: VOID | D9: Bahamas (Freeport), GBI | E9: 215 | F9: SE & Caribbean
D10: Baltimore (Glen Burnie), MD | E10: 195 | F10: SE & Caribbean
B11: Cause of NC | D11: Baton Rouge (Gonzales), LA | E11: 190 | F11: SE & Caribbean
B12: People (miscommunication, complacency, competency) | D12: Baytown, TX | E12: 161 | F12: USGC
A13: CAR Type | B13: Equipment (malfunction, maintenance, calibration/verification, incorrect setting) | D13: Belle Chasse, LA | E13: 116 | F13: SE & Caribbean
A14: Complaint | B14: Methods (Inadequate / Deviation from Procedures) | D14: Bellingham (Ferndale), WA | E14: 132 | F14: USWC
A15: Customer audit | B15: Management (Lack of accountability, inadequate risk assessment) | D15: Bostco, TX | E15: 124 | F15: USGC
A16: 3rd party audit (DNV, A2LA, AASHTO…) | B16: Environment (Poor housekeeping, insufficient space, clutter) | D16: Boston (Everett), MA | E16: 141 | F16: USNE, USMW & Canada
A17: Internal assessment (9001 & 17025) | C17: CAF Area | D17: Brownsville, TX | E17: 158 | F17: USGC
A18: Other (QC, customer alert, improper procedure) | C18: Lab | D18: Cape Canaveral, FL | E18: 127 | F18: SE & Caribbean
A19: VOID | C19: Ops | D19: Chicago, IL | E19: 136 | F19: SE & Caribbean
C20: Lab & Ops | D20: Cincinnati (Erlanger), OH | E20: 138 | F20: SE & Caribbean
B21: Scope (assessment tracking) | C21: Admin | D21: Collins (Purvis), MS | E21: 115 | F21: SE & Caribbean
B22: Inspection | C22: Other | D22: CORPORATE, NJ | E22: 101 | F22: Corporate
B23: Laboratory | C23: VOID | D23: Corpus Christi, TX | E23: 155 | F23: USGC
A24: Type of Assessment (Assessment tracking) | B24: Inspection & Laboratory | D24: Corpus Christi, TX (CITGO Lab) | E24: 154 | F24: USGC
A25: Internal | B25: VOID | D25: Cushing, OK | E25: 159 | F25: USGC
A26: Customer | D26: Decatur, AL | E26: 147 | F26: SE & Caribbean
A27: Certifications | D27: Freeport, TX | E27: 157 | F27: USGC
A28: Regulatory | D28: Ft Lauderdale (Davie), FL | E28: 125 | F28: SE & Caribbean
A29: VOID | D29: Halifax (Dartmouth), NS | E29: 198 | F29: USNE, USMW & Canada
D30: Hamilton (Burlington), ON | E30: 189 | F30: USNE, USMW & Canada
A31: Agency type (Assessment Tracking) | D31: HOFTI / Channelview, TX | E31: 128 | F31: USGC
A32: Regulatory | D32: Houston (HTC), TX | E32: 120 | F32: USGC
A33: Certifications | D33: HST Weights & Measures | E33: 120W | F33: Calibration
A34: Accredited agency | D34: Ingleside, TX | E34: 155A | F34: USGC
A35: VOID | D35: Kenai, AK | E35: 133 | F35: USWC
D36: Lake Charles (Sulfur), LA | E36: 165 | F36: USGC
D37: Levis (Quebec City), Quebec | E37: 194 | F37: USNE, USMW & Canada
D38: Los Angeles (Signal Hill), CA | E38: 130 | F38: USWC
D39: Marcus Hook, PA | E39: 179 | F39: SE & Caribbean
D40: Memphis, TN | E40: 191 | F40: SE & Caribbean
D41: Mickleton (Philly), NJ | E41: 180 | F41: SE & Caribbean
D42: Midland, TX | E42: 163 | F42: USGC
D43: Minot, ND | E43: 135 | F43: USGC
D44: Mobile, AL | E44: 146 | F44: SE & Caribbean
D45: Mont Belvieu, TX | E45: 120a | F45: USGC
D46: Montreal, QC | E46: 197 | F46: USNE, USMW & Canada
D47: New Haven, CT | E47: 145 | F47: USNE, USMW & Canada
D48: New Orleans (Destrehan), LA | E48: 170 | F48: SE & Caribbean
D49: Newfoundland (Arnold's Cove) | E49: 188 | F49: USNE, USMW & Canada
D50: Pecos (West Texas), TX | E50: 156 | F50: USGC
D51: Phoenix, AZ | E51: 151 | F51: USWC
D52: Pittsburgh, PA | E52: 178 | F52: SE & Caribbean
D53: Port Arthur (Beaumont), TX | E53: 160 | F53: USGC
D54: Port Arthur (Sabine Blending Lab), TX | E54: 160A | F54: USGC
D55: Port Lavaca, TX | E55: 162 | F55: USGC
D56: Portland, ME | E56: 142 | F56: USNE, USMW & Canada
D57: Providence, RI | E57: 140 | F57: USNE, USMW & Canada
D58: Puerto Rico | E58: 192 | F58: SE & Caribbean
D59: San Francisco (Concord), CA | E59: 131 | F59: USWC
D60: Savannah, GA / Charleston, SC | E60: 144 | F60: SE & Caribbean
D61: Seabrook (Chemicals), TX | E61: 121 | F61: USGC
D62: St Croix, USVI | E62: 210 | F62: SE & Caribbean
D63: St James, LA | E63: 171 | F63: SE & Caribbean
D64: St John, NB | E64: 199 | F64: USNE, USMW & Canada
D65: St Louis, MO | E65: 139 | F65: SE & Caribbean
D66: Tacoma, WA | E66: 137 | F66: USWC
... D69: Valdez, AK | E69: 129 | F69: USWC
D70: VOIDED ASSMT/CAR/PAR NO | E70: VOID | F70: VOID
D71: Yorktown (Norfolk), VA | E71: 185 | F71: SE & Caribbean
D73: Extras
D74: Warehouse | E74: 102
D75: Additives East Coast | E75: 122
D76: Additives Gulf Coast | E76: 123
D77: Utah | E77: 134
D79: Cameron LNG | E79: 166
D80: Specialty | E80: 169
D81: Kenner, LA | E81: 172
D82: Santurce, Puerto Rico | E82: 187
D83: Boucherville, QC | E83: 196

Sheet CAF '25
A1: Location (drop-down) | B1: Location ID | C1: # | D1: CAF# | E1: Area | F1: Date initiated | G1: Date shared w/ customer | H1: Corrective Action completed, CAR approved. | I1: Brief description of complaint | J1: Area (Lab, Ops, Lab & Ops, Admin, Other, Void) (drop-down) | K1: CAR / PAR # (if applicable) | L1: Notes
A2: Bellingham (Ferndale), WA | B2: =VLOOKUP(Table2456[[#This Row],[Location (drop-down)]],'List source'!D$2:E$71,2,FALSE) -> 132 | C2: 001 | D2: ="CAF" & C2 & "-" & B2 & "-" & "25" -> CAF001-132-25 | E2: =VLOOKUP(Table2456[[#This Row],[Location (drop-down)]],Table1[#All],3,FALSE) -> USWC | F2: 45664 | G2: 45673 | H2: 45671 | I2: PBF - The client was not informed of the vessel's short loading due to draft restrictions | J2: Ops | K2: C001-132-25
A3: Boston (Everett), MA | B3: =VLOOKUP(Table2456[[#This Row],[Location (drop-down)]],'List source'!D$2:E$71,2,FALSE) -> 141 | C3: 002 | D3: ="CAF" & C3 & "-" & B3 & "-" & "25" -> CAF002-141-25 | E3: =VLOOKUP(Table2456[[#This Row],[Location (drop-down)]],Table1[#All],3,FALSE) -> USNE, USMW & Canada | F3: 45667 | G3: 45677 | H3: 45674 | I3: Irving - Repeatedly failing to send emails to Irving with the correct email distribution | J3: Ops | K3: C004-141-25
A4: Avenel (NYH), NJ | B4: =VLOOKUP(Table2456[[#This Row],[Location (drop-down)]],'List source'!D$2:E$71,2,FALSE) -> 110 | C4: 003 | D4: ="CAF" & C4 & "-" & B4 & "-" & "25" -> CAF003-110-25 | E4: =VLOOKUP(Table2456[[#This Row],[Location (drop-down)]],Table1[#All],3,FALSE) -> USNE, USMW & Canada | F4: 45686 | G4: 45687 | H4: 45740 | I4: Irving - Using additives not registered with EPA. | J4: Ops | K4: C023-110-25
A5: Decatur, AL | B5: =VLOOKUP(Table2456[[#This Row],[Location (drop-down)]],'List source'!D$2:E$71,2,FALSE) -> 147 | C5: 004 | D5: ="CAF" & C5 & "-" & B5 & "-" & "25" -> CAF004-147-25 | E5: =VLOOKUP(Table2456[[#This Row],[Location (drop-down)]],Table1[#All],3,FALSE) -> SE & Caribbean | F5: 45708 | G5: 45726 | H5: 45726 | I5: Citgo - Equipment/Probe Checks and In-Transit Difference Comparisons. | J5: Ops | K5: C086-147-25
A6: CORPORATE, NJ | B6: =VLOOKUP(Table2456[[#This Row],[Location (drop-down)]],'List source'!D$2:E$71,2,FALSE) -> 101 | C6: 005 | D6: ="CAF" & C6 & "-" & B6 & "-" & "25" -> CAF005-101-25 | E6: =VLOOKUP(Table2456[[#This Row],[Location (drop-down)]],Table1[#All],3,FALSE) -> Corporate | F6: 45708 | I6: Irving Oil - Inspectors sampler tape and tube fell into vessels tank. | J6: Ops | K6: C087-101-25
A7: San Francisco (Concord), CA | B7: =VLOOKUP(Table2456[[#This Row],[Location (drop-down)]],'List source'!D$2:E$71,2,FALSE) -> 131 | C7: 006 | D7: ="CAF" & C7 & "-" & B7 & "-" & "25" -> CAF006-131-25 | E7: =VLOOKUP(Table2456[[#This Row],[Location (drop-down)]],Table1[#All],3,FALSE) -> USWC | F7: 45708 | G7: 45716 | H7: 45716 | I7: Valero - Cetane Engine Fluctuating Readings and Lack of Action Leading to Client Request for Recheck on Two Samples | J7: Lab | K7: C099-131-25
A8: New Orleans (Destrehan), LA | B8: =VLOOKUP(Table2456[[#This Row],[Location (drop-down)]],'List source'!D$2:E$71,2,FALSE) -> 170 | C8: 007 | D8: ="CAF" & C8 & "-" & B8 & "-" & "25" -> CAF007-170-25 | E8: =VLOOKUP(Table2456[[#This Row],[Location (drop-down)]],Table1[#All],3,FALSE) -> SE & Caribbean | F8: 45723 | G8: 45757 | H8: 45757 | I8: PBF - SimDIst bias result for heavy crude oil. | J8: Lab | K8: C120-170-25
A9: Los Angeles (Signal Hill), CA | B9: =VLOOKUP(Table2456[[#This Row],[Location (drop-down)]],'List source'!D$2:E$71,2,FALSE) -> 130 | C9: 008 | D9: ="CAF" & C9 & "-" & B9 & "-" & "25" -> CAF008-130-25 | E9: =VLOOKUP(Table2456[[#This Row],[Location (drop-down)]],Table1[#All],3,FALSE) -> USWC | F9: 45740 | G9: 45776 | H9: 45776 | I9: PBF - Inspector compiling/providing an incorrect VEF | J9: Ops | K9: C040-130-25
A10: Freeport, TX | B10: =VLOOKUP(Table2456[[#This Row],[Location (drop-down)]],'List source'!D$2:E$71,2,FALSE) -> 157 | C10: 009 | D10: ="CAF" & C10 & "-" & B10 & "-" & "25" -> CAF009-157-25 | E10: =VLOOKUP(Table2456[[#This Row],[Location (drop-down)]],Table1[#All],3,FALSE) -> USGC | F10: 45734 | G10: 45750 | H10: 45775 | I10: P66 - Web 331; Web 351 - barges overloaded | J10: Lab | K10: C140-157-25
A11: San Francisco (Concord), CA | B11: =VLOOKUP(Table2456[[#This Row],[Location (drop-down)]],'List source'!D$2:E$71,2,FALSE) -> 131 | C11: 010 | D11: ="CAF" & C11 & "-" & B11 & "-" & "25" -> CAF010-131-25 | E11: =VLOOKUP(Table2456[[#This Row],[Location (drop-down)]],Table1[#All],3,FALSE) -> USWC | F11: 45747 | G11: 45785 | H11: 45785 | I11: PBF - Failure to Communicate and Investigate Discrepancies Before Preliminary Submission. | J11: Lab & Ops | K11: C160-131-25 & C161-131-25 | L11: Follow up in 90 Days
A12: Baytown, TX | B12: =VLOOKUP(Table2456[[#This Row],[Location (drop-down)]],'List source'!D$2:E$71,2,FALSE) -> 161 | C12: 011 | D12: ="CAF" & C12 & "-" & B12 & "-" & "25" -> CAF011-161-25 | E12: =VLOOKUP(Table2456[[#This Row],[Location (drop-down)]],Table1[#All],3,FALSE) -> USGC | F12: 45740 | G12: 45827 | H12: 45751 | I12: ExxonMobil - Baytown, customer question sampling point. | J12: Ops | K12: P019-161-25
A13: Port Arthur (Beaumont), TX | B13: =VLOOKUP(Table2456[[#This Row],[Location (drop-down)]],'List source'!D$2:E$71,2,FALSE) -> 160 | C13: 012 | D13: ="CAF" & C13 & "-" & B13 & "-" & "25" -> CAF012-160-25 | E13: =VLOOKUP(Table2456[[#This Row],[Location (drop-down)]],Table1[#All],3,FALSE) -> USGC | F13: 45744 | G13: 45754 | H13: 45782 | I13: ATA - Metal Transcription Error | J13: Lab | K13: C163-160-25
A14: Port Arthur (Beaumont), TX | B14: =VLOOKUP(Table2456[[#This Row],[Location (drop-down)]],'List source'!D$2:E$71,2,FALSE) -> 160 | C14: 013 | D14: ="CAF" & C14 & "-" & B14 & "-" & "25" -> CAF013-160-25 | E14: =VLOOKUP(Table2456[[#This Row],[Location (drop-down)]],Table1[#All],3,FALSE) -> USGC | F14: 45744 | G14: 45754 | H14: 45782 | I14: ATA - D1160 Transcription Error | J14: Lab | K14: C164-160-25
A15: Houston (HTC), TX | B15: =VLOOKUP(Table2456[[#This Row],[Location (drop-down)]],'List source'!D$2:E$71,2,FALSE) -> 120 | C15: 014 | D15: ="CAF" & C15 & "-" & B15 & "-" & "25" -> CAF014-120-25 | E15: =VLOOKUP(Table2456[[#This Row],[Location (drop-down)]],Table1[#All],3,FALSE) -> USGC | F15: 45764 | G15: 45805 | H15: 45804 | I15: ATA claim on Approximate volumes | J15: Lab | K15: P020-120-25
A16: New Orleans (Destrehan), LA | B16: =VLOOKUP(Table2456[[#This Row],[Location (drop-down)]],'List source'!D$2:E$71,2,FALSE) -> 170 | C16: 015 | D16: ="CAF" & C16 & "-" & B16 & "-" & "25" -> CAF015-170-25 | E16: =VLOOKUP(Table2456[[#This Row],[Location (drop-down)]],Table1[#All],3,FALSE) -> SE & Caribbean | F16: 45768 | I16: ATA - Iron/Org Chloride reporting and rounding results | J16: Lab
A17: Corpus Christi, TX | B17: =VLOOKUP(Table2456[[#This Row],[Location (drop-down)]],'List source'!D$2:E$71,2,FALSE) -> 155 | C17: 016 | D17: ="CAF" & C17 & "-" & B17 & "-" & "25" -> CAF016-155-25 | E17: =VLOOKUP(Table2456[[#This Row],[Location (drop-down)]],Table1[#All],3,FALSE) -> USGC | F17: 45776 | G17: 45926 | H17: 45793 | I17: Irving - not gauging to nearest mm | J17: Ops | K17: C191-155-25
A18: Los Angeles (Signal Hill), CA | B18: =VLOOKUP(Table2456[[#This Row],[Location (drop-down)]],'List source'!D$2:E$71,2,FALSE) -> 130 | C18: 017 | D18: ="CAF" & C18 & "-" & B18 & "-" & "25" -> CAF017-130-25 | E18: =VLOOKUP(Table2456[[#This Row],[Location (drop-down)]],Table1[#All],3,FALSE) -> USWC | F18: 45776 | G18: 45856 | H18: 45848 | I18: Pilot - D5453 Non confirming test result | J18: Lab | K18: C192-130-25
A19: Mickleton (Philly), NJ | B19: =VLOOKUP(Table2456[[#This Row],[Location (drop-down)]],'List source'!D$2:E$71,2,FALSE) -> 180 | C19: 018 | D19: ="CAF" & C19 & "-" & B19 & "-" & "25" -> CAF018-180-25 | E19: =VLOOKUP(Table2456[[#This Row],[Location (drop-down)]],Table1[#All],3,FALSE) -> SE & Caribbean | F19: 45782 | G19: 45813 | H19: 45813 | I19: PBF - Not notify product contamination and wrong sample | J19: Ops | K19: C203-180-25
A20: Texas City, TX | B20: =VLOOKUP(Table2456[[#This Row],[Location (drop-down)]],'List source'!D$2:E$71,2,FALSE) -> 150 | C20: 019 | D20: ="CAF" & C20 & "-" & B20 & "-" & "25" -> CAF019-150-25 | E20: =VLOOKUP(Table2456[[#This Row],[Location (drop-down)]],Table1[#All],3,FALSE) -> USGC | F20: 45789 | G20: 45895 | H20: 45825 | I20: Tricon - sampling issue | J20: Ops | K20: C223-150-25
A21: Memphis, TN | B21: =VLOOKUP(Table2456[[#This Row],[Location (drop-down)]],'List source'!D$2:E$71,2,FALSE) -> 191 | C21: 020 | D21: ="CAF" & C21 & "-" & B21 & "-" & "25" -> CAF020-191-25 | E21: =VLOOKUP(Table2456[[#This Row],[Location (drop-down)]],Table1[#All],3,FALSE) -> SE & Caribbean | F21: 45789 | I21: Valero - Reported off spec drivability index without notifying the client. | J21: Ops
A22: Houston (HTC), TX | B22: =VLOOKUP(Table2456[[#This Row],[Location (drop-down)]],'List source'!D$2:E$71,2,FALSE) -> 120 | C22: 021 | D22: ="CAF" & C22 & "-" & B22 & "-" & "25" -> CAF021-120-25 | E22: =VLOOKUP(Table2456[[#This Row],[Location (drop-down)]],Table1[#All],3,FALSE) -> USGC | F22: 45799 | G22: 45800 | H22: 45799 | I22: Valero - Jet fuel flash point off spec and recheck was on spec | J22: Lab | K22: C241-120-25
A23: St John, NB | B23: =VLOOKUP(Table2456[[#This Row],[Location (drop-down)]],'List source'!D$2:E$71,2,FALSE) -> 199 | C23: 022 | D23: ="CAF" & C23 & "-" & B23 & "-" & "25" -> CAF022-199-25 | E23: =VLOOKUP(Table2456[[#This Row],[Location (drop-down)]],Table1[#All],3,FALSE) -> USNE, USMW & Canada | F23: 45812 | I23: Irving - Inspector did not witness lab testing as required | J23: Lab | K23: C260-199-25
A24: St John, NB | B24: =VLOOKUP(Table2456[[#This Row],[Location (drop-down)]],'List source'!D$2:E$71,2,FALSE) -> 199 | C24: 023 | D24: ="CAF" & C24 & "-" & B24 & "-" & "25" -> CAF023-199-25 | E24: =VLOOKUP(Table2456[[#This Row],[Location (drop-down)]],Table1[#All],3,FALSE) -> USNE, USMW & Canada | F24: 45813 | I24: Irving - Inspector did not take sufficient temperatires on a stratified shore tank | J24: Ops | K24: C261-199-25
A25: St John, NB | B25: =VLOOKUP(Table2456[[#This Row],[Location (drop-down)]],'List source'!D$2:E$71,2,FALSE) -> 199 | C25: 024 | D25: ="CAF" & C25 & "-" & B25 & "-" & "25" -> CAF024-199-25 | E25: =VLOOKUP(Table2456[[#This Row],[Location (drop-down)]],Table1[#All],3,FALSE) -> USNE, USMW & Canada | F25: 45831 | I25: Irving - Inspector gauged the wrong shore tank | J25: Ops | K25: C292-199-25
A26: New Orleans (Destrehan), LA | B26: =VLOOKUP(Table2456[[#This Row],[Location (drop-down)]],'List source'!D$2:E$71,2,FALSE) -> 170 | C26: 025 | D26: ="CAF" & C26 & "-" & B26 & "-" & "25" -> CAF025-170-25 | E26: =VLOOKUP(Table2456[[#This Row],[Location (drop-down)]],Table1[#All],3,FALSE) -> SE & Caribbean | F26: 45831 | G26: 45846 | I26: PBF - use of closed system sampling on barges equipped with non-slotted standpipes resulted in incorrrect Sulfur result being reported. | J26: Ops | K26: C311-170-25
A27: St Croix, USVI | B27: =VLOOKUP(Table2456[[#This Row],[Location (drop-down)]],'List source'!D$2:E$71,2,FALSE) -> 210 | C27: 026 | D27: ="CAF" & C27 & "-" & B27 & "-" & "25" -> CAF026-210-25 | E27: =VLOOKUP(Table2456[[#This Row],[Location (drop-down)]],Table1[#All],3,FALSE) -> SE & Caribbean | F27: 45845 | G27: 45875 | H27: 45868 | I27: Antilles Trading Company - Client expressed loss of confidence after delayed RVP correction and CoA amendment five days post-analysis and post-transfer. Cited prior unresolved complaints and paused service for one month. | J27: Lab | K27: C324-210-25
A28: Los Angeles (Signal Hill), CA | B28: =VLOOKUP(Table2456[[#This Row],[Location (drop-down)]],'List source'!D$2:E$71,2,FALSE) -> 130 | C28: 027 | D28: ="CAF" & C28 & "-" & B28 & "-" & "25" -> CAF027-130-25 | E28: =VLOOKUP(Table2456[[#This Row],[Location (drop-down)]],Table1[#All],3,FALSE) -> USWC | F28: 45845 | G28: 45891 | H28: 45888 | I28: PBF - Inspector compiling/providing an incorrect VEF. | J28: Ops | K28: C315-130-25 | L28: This CAF is related to CAF008-130-25 and addresses a recurring issue
A29: Boston (Everett), MA | B29: =VLOOKUP(Table2456[[#This Row],[Location (drop-down)]],'List source'!D$2:E$71,2,FALSE) -> 141 | C29: 028 | D29: ="CAF" & C29 & "-" & B29 & "-" & "25" -> CAF028-141-25 | E29: =VLOOKUP(Table2456[[#This Row],[Location (drop-down)]],Table1[#All],3,FALSE) -> USNE, USMW & Canada | F29: 45846 | G29: 45882 | H29: 45882 | I29: Irving - The field inspectors failure to gauge and quantify the volumes received into the ROT tank(s) -The operations group failure to catch the missing ~500 bbls prior to releasing the report | J29: Ops | K29: C319-141-25
A30: Boston (Everett), MA | B30: =VLOOKUP(Table2456[[#This Row],[Location (drop-down)]],'List source'!D$2:E$71,2,FALSE) -> 141 | C30: 029 | D30: ="CAF" & C30 & "-" & B30 & "-" & "25" -> CAF029-141-25 | E30: =VLOOKUP(Table2456[[#This Row],[Location (drop-down)]],Table1[#All],3,FALSE) -> USNE, USMW & Canada | F30: 45846 | G30: 45863 | H30: 45856 | I30: Irving - numerous “after discharge” COA’s revisions | J30: Ops | K30: C320-141-25
A31: San Francisco (Concord), CA | B31: =VLOOKUP(Table2456[[#This Row],[Location (drop-down)]],'List source'!D$2:E$71,2,FALSE) -> 131 | C31: 030 | D31: ="CAF" & C31 & "-" & B31 & "-" & "25" -> CAF030-131-25 | E31: =VLOOKUP(Table2456[[#This Row],[Location (drop-down)]],Table1[#All],3,FALSE) -> USWC | F31: 45854 | G31: 45876 | H31: 45882 | I31: P66 - Discrepancy in Barge composite results: SF vs LA Arrival Samples. | J31: Ops | K31: C326-131-25
A32: Avenel (NYH), NJ | B32: =VLOOKUP(Table2456[[#This Row],[Location (drop-down)]],'List source'!D$2:E$71,2,FALSE) -> 110 | C32: 031 | D32: ="CAF" & C32 & "-" & B32 & "-" & "25" -> CAF031-110-25 | E32: =VLOOKUP(Table2456[[#This Row],[Location (drop-down)]],Table1[#All],3,FALSE) -> USNE, USMW & Canada | F32: 45867 | G32: 45880 | H32: 45880 | I32: Valero - Ops communication and sampling | J32: Ops | K32: C343-110-25 & C344-110-25
A33: Freeport, TX | B33: =VLOOKUP(Table2456[[#This Row],[Location (drop-down)]],'List source'!D$2:E$71,2,FALSE) -> 157 | C33: 032 | D33: ="CAF" & C33 & "-" & B33 & "-" & "25" -> CAF032-157-25 | E33: =VLOOKUP(Table2456[[#This Row],[Location (drop-down)]],Table1[#All],3,FALSE) -> USGC | F33: 45860 | G33: 45871 | H33: 45870 | I33: MEGlobal - Wall wash using incorrect medium | J33: Ops | K33: C346-157-25 | L33: Location 161 Baytown / J. Banuelos
A34: Port Arthur (Beaumont), TX | B34: =VLOOKUP(Table2456[[#This Row],[Location (drop-down)]],'List source'!D$2:E$71,2,FALSE) -> 160 | C34: 033 | D34: ="CAF" & C34 & "-" & B34 & "-" & "25" -> CAF033-160-25 | E34: =VLOOKUP(Table2456[[#This Row],[Location (drop-down)]],Table1[#All],3,FALSE) -> USGC | F34: 45877 | G34: 45884 | H34: 45880 | I34: ATA - The Shore Tank analysis was performed using an incorrect test method | J34: Lab | K34: C354-160-25
A35: Lake Charles (Sulfur), LA | B35: =VLOOKUP(Table2456[[#This Row],[Location (drop-down)]],'List source'!D$2:E$71,2,FALSE) -> 165 | C35: 034 | D35: ="CAF" & C35 & "-" & B35 & "-" & "25" -> CAF034-165-25 | E35: =VLOOKUP(Table2456[[#This Row],[Location (drop-down)]],Table1[#All],3,FALSE) -> USGC | F35: 45889 | G35: 45923 | H35: 45898 | I35: Citgo - Use expired gauged tape | J35: Ops | K35: C378-165-25
A36: Baytown, TX | B36: =VLOOKUP(Table2456[[#This Row],[Location (drop-down)]],'List source'!D$2:E$71,2,FALSE) -> 161 | C36: 035 | D36: ="CAF" & C36 & "-" & B36 & "-" & "25" -> CAF035-161-25 | E36: =VLOOKUP(Table2456[[#This Row],[Location (drop-down)]],Table1[#All],3,FALSE) -> USGC | F36: 45894 | G36: 45904 | H36: 45904 | I36: ExxonMobil - Baytown, Chem 3247 was overloaded by 3,999 bbls due to incorrect job orders | J36: Ops | K36: C379-161-25
A37: Los Angeles (Signal Hill), CA | B37: =VLOOKUP(Table2456[[#This Row],[Location (drop-down)]],'List source'!D$2:E$71,2,FALSE) -> 130 | C37: 036 | D37: ="CAF" & C37 & "-" & B37 & "-" & "25" -> CAF036-130-25 | E37: =VLOOKUP(Table2456[[#This Row],[Location (drop-down)]],Table1[#All],3,FALSE) -> USWC | F37: 45903 | G37: 45945 | H37: 45945 | I37: PBF - IP501 - Significant discrepancy in Al+Si results reported for CSO tank. 117mg/kg vs. 198 mg/kg | J37: Lab | K37: C380-130-25
A38: San Francisco (Concord), CA | B38: =VLOOKUP(Table2456[[#This Row],[Location (drop-down)]],'List source'!D$2:E$71,2,FALSE) -> 131 | C38: 037 | D38: ="CAF" & C38 & "-" & B38 & "-" & "25" -> CAF037-131-25 | E38: =VLOOKUP(Table2456[[#This Row],[Location (drop-down)]],Table1[#All],3,FALSE) -> USWC | F38: 45909 | G38: 46000 | H38: 45957 | I38: PBF - D56 - discrepancy in reported flash point result. Composite vs. individual compartments. | J38: Lab | K38: C387-131-25
A39: Lake Charles (Sulfur), LA | B39: =VLOOKUP(Table2456[[#This Row],[Location (drop-down)]],'List source'!D$2:E$71,2,FALSE) -> 165 | C39: 038 | D39: ="CAF" & C39 & "-" & B39 & "-" & "25" -> CAF038-165-25 | E39: =VLOOKUP(Table2456[[#This Row],[Location (drop-down)]],Table1[#All],3,FALSE) -> USGC | F39: 45915 | G39: 45923 | H39: 45918 | I39: Citgo - Inspector late arrival resulted in reschedule of the vessel pilot for departure. | J39: Ops | K39: C399-165-25
A40: Houston (HTC), TX | B40: =VLOOKUP(Table2456[[#This Row],[Location (drop-down)]],'List source'!D$2:E$71,2,FALSE) -> 120 | C40: 039 | D40: ="CAF" & C40 & "-" & B40 & "-" & "25" -> CAF039-120-25 | E40: =VLOOKUP(Table2456[[#This Row],[Location (drop-down)]],Table1[#All],3,FALSE) -> USGC | F40: 45917 | G40: 45992 | H40: 45992 | I40: INEOS -160-25-04525; Port Arthur sent 4 brand new cylinders to HTC lab to be prepped by method QA3-MT-16 for residue testing but cylinders not cleaned properly. | J40: Lab | K40: C403-120-25
A41: Texas City, TX | B41: =VLOOKUP(Table2456[[#This Row],[Location (drop-down)]],'List source'!D$2:E$71,2,FALSE) -> 150 | C41: 040 | D41: ="CAF" & C41 & "-" & B41 & "-" & "25" -> CAF040-150-25 | E41: =VLOOKUP(Table2456[[#This Row],[Location (drop-down)]],Table1[#All],3,FALSE) -> USGC | F41: 45925 | G41: 45930 | H41: 45930 | I41: Valero nomination stated "Additive: In-Line Blend ~68 Gallons of CorrPro PHE @ 40ppm." Amspec Additives was not copied on the original nomination. | J41: Ops | K41: C404-150-25
A42: New Orleans (Destrehan), LA | B42: =VLOOKUP(Table2456[[#This Row],[Location (drop-down)]],'List source'!D$2:E$71,2,FALSE) -> 170 | C42: 041 | D42: ="CAF" & C42 & "-" & B42 & "-" & "25" -> CAF041-170-25 | E42: =VLOOKUP(Table2456[[#This Row],[Location (drop-down)]],Table1[#All],3,FALSE) -> SE & Caribbean | F42: 45931 | I42: PBF - Off spec lubricity result due to imprper sampling | J42: Ops | K42: C406-170-25
A43: St John, NB | B43: =VLOOKUP(Table2456[[#This Row],[Location (drop-down)]],'List source'!D$2:E$71,2,FALSE) -> 199 | C43: 042 | D43: ="CAF" & C43 & "-" & B43 & "-" & "25" -> CAF042-199-25 | E43: =VLOOKUP(Table2456[[#This Row],[Location (drop-down)]],Table1[#All],3,FALSE) -> USNE, USMW & Canada | F43: 45945 | G43: 45953 | H43: 45958 | I43: Irving - Inspector did not properly measure and document material in the slop tank on a vessel. | J43: Ops | K43: C419-199-25
A44: Chicago, IL | B44: =VLOOKUP(Table2456[[#This Row],[Location (drop-down)]],'List source'!D$2:E$71,2,FALSE) -> 136 | C44: 043 | D44: ="CAF" & C44 & "-" & B44 & "-" & "25" -> CAF043-136-25 | E44: =VLOOKUP(Table2456[[#This Row],[Location (drop-down)]],Table1[#All],3,FALSE) -> SE & Caribbean | F44: 45953 | I44: Musket Customer - Ops poor communication and lab turnaround time | J44: Lab & Ops
A45: Corpus Christi, TX | B45: =VLOOKUP(Table2456[[#This Row],[Location (drop-down)]],'List source'!D$2:E$71,2,FALSE) -> 155 | C45: 044 | D45: ="CAF" & C45 & "-" & B45 & "-" & "25" -> CAF044-155-25 | E45: =VLOOKUP(Table2456[[#This Row],[Location (drop-down)]],Table1[#All],3,FALSE) -> USGC | F45: 45960 | G45: 45978 | H45: 45975 | I45: Off spec asphalt | J45: Ops | K45: C433-155-25
A46: Los Angeles (Signal Hill), CA | B46: =VLOOKUP(Table2456[[#This Row],[Location (drop-down)]],'List source'!D$2:E$71,2,FALSE) -> 130 | C46: 045 | D46: ="CAF" & C46 & "-" & B46 & "-" & "25" -> CAF045-130-25 | E46: =VLOOKUP(Table2456[[#This Row],[Location (drop-down)]],Table1[#All],3,FALSE) -> USWC | F46: 45960 | G46: 46000 | H46: 46000 | I46: PBF - Dispatching error - no sampler assigned for Webb Moffett Vessel | J46: Ops | K46: C434-130-25
A47: San Francisco (Concord), CA | B47: =VLOOKUP(Table2456[[#This Row],[Location (drop-down)]],'List source'!D$2:E$71,2,FALSE) -> 131 | C47: 046 | D47: ="CAF" & C47 & "-" & B47 & "-" & "25" -> CAF046-131-25 | E47: =VLOOKUP(Table2456[[#This Row],[Location (drop-down)]],Table1[#All],3,FALSE) -> USWC | F47: 45960 | G47: 46006 | H47: 46006 | I47: PBF - No manual gauge obtained on Barge after discharge - Webb Moffett | J47: Ops | K47: C435-130-25
A48: Houston (HTC), TX | B48: =VLOOKUP(Table2456[[#This Row],[Location (drop-down)]],'List source'!D$2:E$71,2,FALSE) -> 120 | C48: 047 | D48: ="CAF" & C48 & "-" & B48 & "-" & "25" -> CAF047-120-25 | E48: =VLOOKUP(Table2456[[#This Row],[Location (drop-down)]],Table1[#All],3,FALSE) -> USGC | F48: 45967 | G48: 45987 | H48: 45987 | I48: INC Nautical, who represented Chevron, noted the AmSpec inspector gauging the EMS 363 & 372 with a UTI that didn’t have a grounding cable attached. (UTI SN# G21577) | J48: Ops | K48: C476-120-25
A49: Houston (HTC), TX | B49: =VLOOKUP(Table2456[[#This Row],[Location (drop-down)]],'List source'!D$2:E$71,2,FALSE) -> 120 | C49: 048 | D49: ="CAF" & C49 & "-" & B49 & "-" & "25" -> CAF048-120-25 | E49: =VLOOKUP(Table2456[[#This Row],[Location (drop-down)]],Table1[#All],3,FALSE) -> USGC | F49: 45967 | G49: 45995 | H49: 45985 | I49: Marathon - Inspector failed to confirm if the railcar numbers at the loading rack matched Marathon’s nomination prior to sampling | J49: Ops | K49: C477-120-25
A50: Los Angeles (Signal Hill), CA | B50: =VLOOKUP(Table2456[[#This Row],[Location (drop-down)]],'List source'!D$2:E$71,2,FALSE) -> 130 | C50: 049 | D50: ="CAF" & C50 & "-" & B50 & "-" & "25" -> CAF049-130-25 | E50: =VLOOKUP(Table2456[[#This Row],[Location (drop-down)]],Table1[#All],3,FALSE) -> USWC | F50: 45995 | H50: 46056 | I50: Shell - investigate discrepancy between initial and recheck of octane results. D2699/D2700 | J50: Lab | K50: C497-130-25
A51: San Francisco (Concord), CA | B51: =VLOOKUP(Table2456[[#This Row],[Location (drop-down)]],'List source'!D$2:E$71,2,FALSE) -> 131 | C51: 050 | D51: ="CAF" & C51 & "-" & B51 & "-" & "25" -> CAF050-131-25 | E51: =VLOOKUP(Table2456[[#This Row],[Location (drop-down)]],Table1[#All],3,FALSE) -> USWC | F51: 46001 | G51: 46052 | H51: 46052 | I51: PBF D97 - Discrepancy in load port Barge results vs. barge result at arrival in Los Angeles | J51: Lab & Ops | K51: C499-130-25
B52: =VLOOKUP(Table2456[[#This Row],[Location (drop-down)]],'List source'!D$2:E$71,2,FALSE) -> #N/A | C52: 051 | D52: ="CAF" & C52 & "-" & B52 & "-" & "25" -> #N/A | E52: =VLOOKUP(Table2456[[#This Row],[Location (drop-down)]],Table1[#All],3,FALSE) -> #N/A
B53: =VLOOKUP(Table2456[[#This Row],[Location (drop-down)]],'List source'!D$2:E$71,2,FALSE) -> #N/A | C53: 052 | D53: ="CAF" & C53 & "-" & B53 & "-" & "25" -> #N/A | E53: =VLOOKUP(Table2456[[#This Row],[Location (drop-down)]],Table1[#All],3,FALSE) -> #N/A
B54: =VLOOKUP(Table2456[[#This Row],[Location (drop-down)]],'List source'!D$2:E$71,2,FALSE) -> #N/A | C54: 053 | D54: ="CAF" & C54 & "-" & B54 & "-" & "25" -> #N/A | E54: =VLOOKUP(Table2456[[#This Row],[Location (drop-down)]],Table1[#All],3,FALSE) -> #N/A
B55: =VLOOKUP(Table2456[[#This Row],[Location (drop-down)]],'List source'!D$2:E$71,2,FALSE) -> #N/A | C55: 054 | D55: ="CAF" & C55 & "-" & B55 & "-" & "25" -> #N/A | E55: =VLOOKUP(Table2456[[#This Row],[Location (drop-down)]],Table1[#All],3,FALSE) -> #N/A
B56: =VLOOKUP(Table2456[[#This Row],[Location (drop-down)]],'List source'!D$2:E$71,2,FALSE) -> #N/A | C56: 055 | D56: ="CAF" & C56 & "-" & B56 & "-" & "25" -> #N/A | E56: =VLOOKUP(Table2456[[#This Row],[Location (drop-down)]],Table1[#All],3,FALSE) -> #N/A
B57: =VLOOKUP(Table2456[[#This Row],[Location (drop-down)]],'List source'!D$2:E$71,2,FALSE) -> #N/A | C57: 056 | D57: ="CAF" & C57 & "-" & B57 & "-" & "25" -> #N/A | E57: =VLOOKUP(Table2456[[#This Row],[Location (drop-down)]],Table1[#All],3,FALSE) -> #N/A
B58: =VLOOKUP(Table2456[[#This Row],[Location (drop-down)]],'List source'!D$2:E$71,2,FALSE) -> #N/A | C58: 057 | D58: ="CAF" & C58 & "-" & B58 & "-" & "25" -> #N/A | E58: =VLOOKUP(Table2456[[#This Row],[Location (drop-down)]],Table1[#All],3,FALSE) -> #N/A
B59: =VLOOKUP(Table2456[[#This Row],[Location (drop-down)]],'List source'!D$2:E$71,2,FALSE) -> #N/A | C59: 058 | D59: ="CAF" & C59 & "-" & B59 & "-" & "25" -> #N/A | E59: =VLOOKUP(Table2456[[#This Row],[Location (drop-down)]],Table1[#All],3,FALSE) -> #N/A
B60: =VLOOKUP(Table2456[[#This Row],[Location (drop-down)]],'List source'!D$2:E$71,2,FALSE) -> #N/A | C60: 059 | D60: ="CAF" & C60 & "-" & B60 & "-" & "25" -> #N/A | E60: =VLOOKUP(Table2456[[#This Row],[Location (drop-down)]],Table1[#All],3,FALSE) -> #N/A
B61: =VLOOKUP(Table2456[[#This Row],[Location (drop-down)]],'List source'!D$2:E$71,2,FALSE) -> #N/A | C61: 060 | D61: ="CAF" & C61 & "-" & B61 & "-" & "25" -> #N/A | E61: =VLOOKUP(Table2456[[#This Row],[Location (drop-down)]],Table1[#All],3,FALSE) -> #N/A
B62: =VLOOKUP(Table2456[[#This Row],[Location (drop-down)]],'List source'!D$2:E$71,2,FALSE) -> #N/A | C62: 061 | D62: ="CAF" & C62 & "-" & B62 & "-" & "25" -> #N/A | E62: =VLOOKUP(Table2456[[#This Row],[Location (drop-down)]],Table1[#All],3,FALSE) -> #N/A
B63: =VLOOKUP(Table2456[[#This Row],[Location (drop-down)]],'List source'!D$2:E$71,2,FALSE) -> #N/A | C63: 062 | D63: ="CAF" & C63 & "-" & B63 & "-" & "25" -> #N/A | E63: =VLOOKUP(Table2456[[#This Row],[Location (drop-down)]],Table1[#All],3,FALSE) -> #N/A
... B151: =VLOOKUP(Table2456[[#This Row],[Location (drop-down)]],'List source'!D$2:E$71,2,FALSE) -> #N/A | C151: 150 | D151: ="CAF" & C151 & "-" & B151 & "-" & "25" -> #N/A | E151: =VLOOKUP(Table2456[[#This Row],[Location (drop-down)]],Table1[#All],3,FALSE) -> #N/A

Sheet PTO '25
A1: Location (drop-down) | B1: Location ID | C1: # | D1: PTO # | E1: BRIEF DESCRIPTION OF NC if VOID: "VOID, Location, details (initials, date)" | F1: PT Program | G1: Parameter (s) | H1: Z-score (s) | I1: PTO initialized date | J1: QA team member initials | K1: Effectiveness Review & date deemed effective | L1: Notes | M1: Days open if not closed
A2: Avenel (NYH), NJ | B2: =VLOOKUP(Table27[[#This Row],[Location (drop-down)]],'List source'!D$2:E$71,2,FALSE) -> 110 | C2: 0001 | D2: ="PTO" & C2 & "-" & B2 & "-" & "25" -> PTO0001-110-25 | E2: PT: iis24C04; E346 - carbonizable Pt/Co, Z-Score = 3.09 | F2: IIS - MEOH | G2: =MID(LEFT(Table27[[#This Row],[BRIEF DESCRIPTION OF NC if VOID: "VOID, Location, details (initials, date)"]], FIND(",", Table27[[#This Row],[BRIEF DESCRIPTION OF NC if VOID: "VOID, Location, details (initials, date)"]]) - 1), FIND("{token}", SUBSTITUTE(Table27[[#This Row],[BRIEF DESCRIPTION OF NC if VOID: "VOID, Location, details (initials, date)"]], " ", "{token}", 2)) + 1, LEN(Table27[[#This Row],[BRIEF DESCRIPTION OF NC if VOID: "VOID, Location, details (initials, date)"]])) -> E346 - carbonizable Pt/Co | H2: 3.09 | I2: 45679 | J2: MT | K2: 45680 | M2: =IF(ISBLANK(K2), TODAY()-(I2), "CLOSED") -> CLOSED
A3: Avenel (NYH), NJ | B3: =VLOOKUP(Table27[[#This Row],[Location (drop-down)]],'List source'!D$2:E$71,2,FALSE) -> 110 | C3: 0002 | D3: ="PTO" & C3 & "-" & B3 & "-" & "25" -> PTO0002-110-25 | E3: PT: iis24C04; E394 - Iron, Z-Score = -3.53 | F3: IIS - MEOH | G3: =MID(LEFT(Table27[[#This Row],[BRIEF DESCRIPTION OF NC if VOID: "VOID, Location, details (initials, date)"]], FIND(",", Table27[[#This Row],[BRIEF DESCRIPTION OF NC if VOID: "VOID, Location, details (initials, date)"]]) - 1), FIND("{token}", SUBSTITUTE(Table27[[#This Row],[BRIEF DESCRIPTION OF NC if VOID: "VOID, Location, details (initials, date)"]], " ", "{token}", 2)) + 1, LEN(Table27[[#This Row],[BRIEF DESCRIPTION OF NC if VOID: "VOID, Location, details (initials, date)"]])) -> E394 - Iron | H3: -3.53 | I3: 45679 | J3: MT | K3: 45680 | M3: =IF(ISBLANK(K3), TODAY()-(I3), "CLOSED") -> CLOSED
A4: Baton Rouge (Gonzales), LA | B4: =VLOOKUP(Table27[[#This Row],[Location (drop-down)]],'List source'!D$2:E$71,2,FALSE) -> 190 | C4: 0003 | D4: ="PTO" & C4 & "-" & B4 & "-" & "25" -> PTO0003-190-25 | E4: PT: iis24CO4; E1064 - Water, Z-Score = 4.75 | F4: IIS - MEOH | G4: =MID(LEFT(Table27[[#This Row],[BRIEF DESCRIPTION OF NC if VOID: "VOID, Location, details (initials, date)"]], FIND(",", Table27[[#This Row],[BRIEF DESCRIPTION OF NC if VOID: "VOID, Location, details (initials, date)"]]) - 1), FIND("{token}", SUBSTITUTE(Table27[[#This Row],[BRIEF DESCRIPTION OF NC if VOID: "VOID, Location, details (initials, date)"]], " ", "{token}", 2)) + 1, LEN(Table27[[#This Row],[BRIEF DESCRIPTION OF NC if VOID: "VOID, Location, details (initials, date)"]])) -> E1064 - Water | H4: 4.75 | I4: 45680 | J4: DA | K4: 45846 | M4: =IF(ISBLANK(K4), TODAY()-(I4), "CLOSED") -> CLOSED
A5: Mobile, AL | B5: =VLOOKUP(Table27[[#This Row],[Location (drop-down)]],'List source'!D$2:E$71,2,FALSE) -> 146 | C5: 0004 | D5: ="PTO" & C5 & "-" & B5 & "-" & "25" -> PTO0004-146-25 | E5: PT: DF22410; D4629 - Nitrogen, by Chemiluminescence, Z-Score = 2.73 | F5: DF2 | G5: =MID(LEFT(Table27[[#This Row],[BRIEF DESCRIPTION OF NC if VOID: "VOID, Location, details (initials, date)"]], FIND(",", Table27[[#This Row],[BRIEF DESCRIPTION OF NC if VOID: "VOID, Location, details (initials, date)"]]) - 1), FIND("{token}", SUBSTITUTE(Table27[[#This Row],[BRIEF DESCRIPTION OF NC if VOID: "VOID, Location, details (initials, date)"]], " ", "{token}", 2)) + 1, LEN(Table27[[#This Row],[BRIEF DESCRIPTION OF NC if VOID: "VOID, Location, details (initials, date)"]])) -> D4629 - Nitrogen | H5: 2.73 | I5: 45688 | J5: DA | K5: 45852 | M5: =IF(ISBLANK(K5), TODAY()-(I5), "CLOSED") -> CLOSED
A6: Mobile, AL | B6: =VLOOKUP(Table27[[#This Row],[Location (drop-down)]],'List source'!D$2:E$71,2,FALSE) -> 146 | C6: 0005 | D6: ="PTO" & C6 & "-" & B6 & "-" & "25" -> PTO0005-146-25 | E6: PT: DF22410; D6468 - Stability, High Temp, 90 min. aging, Z-Score = -2.10 | F6: DF2 | G6: =MID(LEFT(Table27[[#This Row],[BRIEF DESCRIPTION OF NC if VOID: "VOID, Location, details (initials, date)"]], FIND(",", Table27[[#This Row],[BRIEF DESCRIPTION OF NC if VOID: "VOID, Location, details (initials, date)"]]) - 1), FIND("{token}", SUBSTITUTE(Table27[[#This Row],[BRIEF DESCRIPTION OF NC if VOID: "VOID, Location, details (initials, date)"]], " ", "{token}", 2)) + 1, LEN(Table27[[#This Row],[BRIEF DESCRIPTION OF NC if VOID: "VOID, Location, details (initials, date)"]])) -> D6468 - Stability | H6: -2.1 | I6: 45688 | J6: DA | K6: 45761 | M6: =IF(ISBLANK(K6), TODAY()-(I6), "CLOSED") -> CLOSED
A7: Collins (Purvis), MS | B7: =VLOOKUP(Table27[[#This Row],[Location (drop-down)]],'List source'!D$2:E$71,2,FALSE) -> 115 | C7: 0006 | D7: ="PTO" & C7 & "-" & B7 & "-" & "25" -> PTO0006-115-25 | E7: PT: CE524; D2699 - Octane Number, Research, Z-Score = -2.35 | F7: GLRE | G7: =MID(LEFT(Table27[[#This Row],[BRIEF DESCRIPTION OF NC if VOID: "VOID, Location, details (initials, date)"]], FIND(",", Table27[[#This Row],[BRIEF DESCRIPTION OF NC if VOID: "VOID, Location, details (initials, date)"]]) - 1), FIND("{token}", SUBSTITUTE(Table27[[#This Row],[BRIEF DESCRIPTION OF NC if VOID: "VOID, Location, details (initials, date)"]], " ", "{token}", 2)) + 1, LEN(Table27[[#This Row],[BRIEF DESCRIPTION OF NC if VOID: "VOID, Location, details (initials, date)"]])) -> D2699 - Octane Number | H7: -2.35 | I7: 45688 | J7: DA | K7: 45807 | M7: =IF(ISBLANK(K7), TODAY()-(I7), "CLOSED") -> CLOSED
A8: Collins (Purvis), MS | B8: =VLOOKUP(Table27[[#This Row],[Location (drop-down)]],'List source'!D$2:E$71,2,FALSE) -> 115 | C8: 0007 | D8: ="PTO" & C8 & "-" & B8 & "-" & "25" -> PTO0007-115-25 | E8: PT: CE523; D5769 - GCMS, Benzene | F8: GLRE | G8: =MID(LEFT(Table27[[#This Row],[BRIEF DESCRIPTION OF NC if VOID: "VOID, Location, details (initials, date)"]], FIND(",", Table27[[#This Row],[BRIEF DESCRIPTION OF NC if VOID: "VOID, Location, details (initials, date)"]]) - 1), FIND("{token}", SUBSTITUTE(Table27[[#This Row],[BRIEF DESCRIPTION OF NC if VOID: "VOID, Location, details (initials, date)"]], " ", "{token}", 2)) + 1, LEN(Table27[[#This Row],[BRIEF DESCRIPTION OF NC if VOID: "VOID, Location, details (initials, date)"]])) -> D5769 - GCMS | H8: 2.06 | I8: 45688 | J8: JN | K8: 45688 | L8: Meets both the precision performance and reproducibility criteria. | M8: =IF(ISBLANK(K8), TODAY()-(I8), "CLOSED") -> CLOSED
A9: St Louis, MO | B9: =VLOOKUP(Table27[[#This Row],[Location (drop-down)]],'List source'!D$2:E$71,2,FALSE) -> 139 | C9: 0008 | D9: ="PTO" & C9 & "-" & B9 & "-" & "25" -> PTO0008-139-25 | E9: PT: CE524; D2700 - Octane Number, Motor, Z-Score = -2.28 | F9: GLRE | G9: =MID(LEFT(Table27[[#This Row],[BRIEF DESCRIPTION OF NC if VOID: "VOID, Location, details (initials, date)"]], FIND(",", Table27[[#This Row],[BRIEF DESCRIPTION OF NC if VOID: "VOID, Location, details (initials, date)"]]) - 1), FIND("{token}", SUBSTITUTE(Table27[[#This Row],[BRIEF DESCRIPTION OF NC if VOID: "VOID, Location, details (initials, date)"]], " ", "{token}", 2)) + 1, LEN(Table27[[#This Row],[BRIEF DESCRIPTION OF NC if VOID: "VOID, Location, details (initials, date)"]])) -> D2700 - Octane Number | H9: -2.28 | I9: 45688 | J9: JN | K9: 45714 | L9: Confirmed Transcription Error. | M9: =IF(ISBLANK(K9), TODAY()-(I9), "CLOSED") -> CLOSED
A10: Mobile, AL | B10: =VLOOKUP(Table27[[#This Row],[Location (drop-down)]],'List source'!D$2:E$71,2,FALSE) -> 146 | C10: 0009 | D10: ="PTO" & C10 & "-" & B10 & "-" & "25" -> PTO0009-146-25 | E10: PT: CE524; D2622 - Sulfur, by WDXRF | F10: GLRE | G10: =MID(LEFT(Table27[[#This Row],[BRIEF DESCRIPTION OF NC if VOID: "VOID, Location, details (initials, date)"]], FIND(",", Table27[[#This Row],[BRIEF DESCRIPTION OF NC if VOID: "VOID, Location, details (initials, date)"]]) - 1), FIND("{token}", SUBSTITUTE(Table27[[#This Row],[BRIEF DESCRIPTION OF NC if VOID: "VOID, Location, details (initials, date)"]], " ", "{token}", 2)) + 1, LEN(Table27[[#This Row],[BRIEF DESCRIPTION OF NC if VOID: "VOID, Location, details (initials, date)"]])) -> D2622 - Sulfur | H10: -2.15 | I10: 45688 | J10: JN | K10: 45688 | L10: Meets both the precision performance and reproducibility criteria. | M10: =IF(ISBLANK(K10), TODAY()-(I10), "CLOSED") -> CLOSED
A11: New Orleans (Destrehan), LA | B11: =VLOOKUP(Table27[[#This Row],[Location (drop-down)]],'List source'!D$2:E$71,2,FALSE) -> 170 | C11: 0010 | D11: ="PTO" & C11 & "-" & B11 & "-" & "25" -> PTO0010-170-25 | E11: PT: CE524; D86 - Distillation, 70% | F11: GLRE | G11: =MID(LEFT(Table27[[#This Row],[BRIEF DESCRIPTION OF NC if VOID: "VOID, Location, details (initials, date)"]], FIND(",", Table27[[#This Row],[BRIEF DESCRIPTION OF NC if VOID: "VOID, Location, details (initials, date)"]]) - 1), FIND("{token}", SUBSTITUTE(Table27[[#This Row],[BRIEF DESCRIPTION OF NC if VOID: "VOID, Location, details (initials, date)"]], " ", "{token}", 2)) + 1, LEN(Table27[[#This Row],[BRIEF DESCRIPTION OF NC if VOID: "VOID, Location, details (initials, date)"]])) -> D86 - Distillation | H11: -2.67 | I11: 45688 | J11: JN | K11: 45688 | L11: Meets both the precision performance and reproducibility criteria. | M11: =IF(ISBLANK(K11), TODAY()-(I11), "CLOSED") -> CLOSED
A12: New Orleans (Destrehan), LA | B12: =VLOOKUP(Table27[[#This Row],[Location (drop-down)]],'List source'!D$2:E$71,2,FALSE) -> 170 | C12: 0011 | D12: ="PTO" & C12 & "-" & B12 & "-" & "25" -> PTO0011-170-25 | E12: PT: CE524; D1319 - HC Type, Saturates, Aromatics, & Olefins, Oxy-Free, Z-Scores = -77.76, -10.39, & 151.56 | F12: GLRE | G12: =MID(LEFT(Table27[[#This Row],[BRIEF DESCRIPTION OF NC if VOID: "VOID, Location, details (initials, date)"]], FIND(",", Table27[[#This Row],[BRIEF DESCRIPTION OF NC if VOID: "VOID, Location, details (initials, date)"]]) - 1), FIND("{token}", SUBSTITUTE(Table27[[#This Row],[BRIEF DESCRIPTION OF NC if VOID: "VOID, Location, details (initials, date)"]], " ", "{token}", 2)) + 1, LEN(Table27[[#This Row],[BRIEF DESCRIPTION OF NC if VOID: "VOID, Location, details (initials, date)"]])) -> D1319 - HC Type | H12: -77.76, -10.39, & 151.56 | I12: 45688 | J12: JN | K12: 45691 | L12: Confirmed Transcription Error. | M12: =IF(ISBLANK(K12), TODAY()-(I12), "CLOSED") -> CLOSED
A13: Avenel (NYH), NJ | B13: =VLOOKUP(Table27[[#This Row],[Location (drop-down)]],'List source'!D$2:E$71,2,FALSE) -> 110 | C13: 0012 | D13: ="PTO" & C13 & "-" & B13 & "-" & "25" -> PTO0012-110-25 | E13: PT: BIOD2408; D6584 - Diglyceride, by GC | F13: {=MID(LEFT(Table27[[#This Row],[BRIEF DESCRIPTION OF NC if VOID: "VOID, Location, details (initials, date)"]], INDEX(_xlfn._xlws.FILTER(ROW(INDIRECT("1:" & LEN(Table27[[#This Row],[BRIEF DESCRIPTION OF NC if VOID: "VOID, Location, details (initials, date)"]]))), (48 <= CODE(MID(Table27[[#This Row],[BRIEF DESCRIPTION OF NC if VOID: "VOID, Location, details (initials, date)"]], ROW(INDIRECT("1:" & LEN(Table27[[#This Row],[BRIEF DESCRIPTION OF NC if VOID: "VOID, Location, details (initials, date)"]]))), 1))) * (CODE(MID(Table27[[#This Row],[BRIEF DESCRIPTION OF NC if VOID: "VOID, Location, details (initials, date)"]], ROW(INDIRECT("1:" & LEN(Table27[[#This Row],[BRIEF DESCRIPTION OF NC if VOID: "VOID, Location, details (initials, date)"]]))), 1)) <= 57)), 1) - 1), FIND(":", Table27[[#This Row],[BRIEF DESCRIPTION OF NC if VOID: "VOID, Location, details (initials, date)"]]) + 2, LEN(Table27[[#This Row],[BRIEF DESCRIPTION OF NC if VOID: "VOID, Location, details (initials, date)"]]))} -> BIOD | G13: =MID(LEFT(Table27[[#This Row],[BRIEF DESCRIPTION OF NC if VOID: "VOID, Location, details (initials, date)"]], FIND(",", Table27[[#This Row],[BRIEF DESCRIPTION OF NC if VOID: "VOID, Location, details (initials, date)"]]) - 1), FIND("{token}", SUBSTITUTE(Table27[[#This Row],[BRIEF DESCRIPTION OF NC if VOID: "VOID, Location, details (initials, date)"]], " ", "{token}", 2)) + 1, LEN(Table27[[#This Row],[BRIEF DESCRIPTION OF NC if VOID: "VOID, Location, details (initials, date)"]])) -> D6584 - Diglyceride | H13: -2.21 | I13: 45688 | J13: JN | K13: 45688 | L13: Meets both the precision performance and reproducibility criteria. | M13: =IF(ISBLANK(K13), TODAY()-(I13), "CLOSED") -> CLOSED
A14: Houston (HTC), TX | B14: =VLOOKUP(Table27[[#This Row],[Location (drop-down)]],'List source'!D$2:E$71,2,FALSE) -> 120 | C14: 0013 | D14: ="PTO" & C14 & "-" & B14 & "-" & "25" -> PTO0013-120-25 | E14: PT: BIOD2408; D1160 - Distillation, 1.3kPa, Auto, IBP, Z-Score = -2.50 | F14: {=MID(LEFT(Table27[[#This Row],[BRIEF DESCRIPTION OF NC if VOID: "VOID, Location, details (initials, date)"]], INDEX(_xlfn._xlws.FILTER(ROW(INDIRECT("1:" & LEN(Table27[[#This Row],[BRIEF DESCRIPTION OF NC if VOID: "VOID, Location, details (initials, date)"]]))), (48 <= CODE(MID(Table27[[#This Row],[BRIEF DESCRIPTION OF NC if VOID: "VOID, Location, details (initials, date)"]], ROW(INDIRECT("1:" & LEN(Table27[[#This Row],[BRIEF DESCRIPTION OF NC if VOID: "VOID, Location, details (initials, date)"]]))), 1))) * (CODE(MID(Table27[[#This Row],[BRIEF DESCRIPTION OF NC if VOID: "VOID, Location, details (initials, date)"]], ROW(INDIRECT("1:" & LEN(Table27[[#This Row],[BRIEF DESCRIPTION OF NC if VOID: "VOID, Location, details (initials, date)"]]))), 1)) <= 57)), 1) - 1), FIND(":", Table27[[#This Row],[BRIEF DESCRIPTION OF NC if VOID: "VOID, Location, details (initials, date)"]]) + 2, LEN(Table27[[#This Row],[BRIEF DESCRIPTION OF NC if VOID: "VOID, Location, details (initials, date)"]]))} -> BIOD | G14: =MID(LEFT(Table27[[#This Row],[BRIEF DESCRIPTION OF NC if VOID: "VOID, Location, details (initials, date)"]], FIND(",", Table27[[#This Row],[BRIEF DESCRIPTION OF NC if VOID: "VOID, Location, details (initials, date)"]]) - 1), FIND("{token}", SUBSTITUTE(Table27[[#This Row],[BRIEF DESCRIPTION OF NC if VOID: "VOID, Location, details (initials, date)"]], " ", "{token}", 2)) + 1, LEN(Table27[[#This Row],[BRIEF DESCRIPTION OF NC if VOID: "VOID, Location, details (initials, date)"]])) -> D1160 - Distillation | H14: -2.50 | I14: 45688 | J14: Ecu | K14: 45772 | M14: =IF(ISBLANK(K14), TODAY()-(I14), "CLOSED") -> CLOSED
A15: Houston (HTC), TX | B15: =VLOOKUP(Table27[[#This Row],[Location (drop-down)]],'List source'!D$2:E$71,2,FALSE) -> 120 | C15: 0014 | D15: ="PTO" & C15 & "-" & B15 & "-" & "25" -> PTO0014-120-25 | E15: PT: BIOD2408; D6584 - Triglyceride, by GC, Z-Score = 5.53 | F15: {=MID(LEFT(Table27[[#This Row],[BRIEF DESCRIPTION OF NC if VOID: "VOID, Location, details (initials, date)"]], INDEX(_xlfn._xlws.FILTER(ROW(INDIRECT("1:" & LEN(Table27[[#This Row],[BRIEF DESCRIPTION OF NC if VOID: "VOID, Location, details (initials, date)"]]))), (48 <= CODE(MID(Table27[[#This Row],[BRIEF DESCRIPTION OF NC if VOID: "VOID, Location, details (initials, date)"]], ROW(INDIRECT("1:" & LEN(Table27[[#This Row],[BRIEF DESCRIPTION OF NC if VOID: "VOID, Location, details (initials, date)"]]))), 1))) * (CODE(MID(Table27[[#This Row],[BRIEF DESCRIPTION OF NC if VOID: "VOID, Location, details (initials, date)"]], ROW(INDIRECT("1:" & LEN(Table27[[#This Row],[BRIEF DESCRIPTION OF NC if VOID: "VOID, Location, details (initials, date)"]]))), 1)) <= 57)), 1) - 1), FIND(":", Table27[[#This Row],[BRIEF DESCRIPTION OF NC if VOID: "VOID, Location, details (initials, date)"]]) + 2, LEN(Table27[[#This Row],[BRIEF DESCRIPTION OF NC if VOID: "VOID, Location, details (initials, date)"]]))} -> BIOD | G15: =MID(LEFT(Table27[[#This Row],[BRIEF DESCRIPTION OF NC if VOID: "VOID, Location, details (initials, date)"]], FIND(",", Table27[[#This Row],[BRIEF DESCRIPTION OF NC if VOID: "VOID, Location, details (initials, date)"]]) - 1), FIND("{token}", SUBSTITUTE(Table27[[#This Row],[BRIEF DESCRIPTION OF NC if VOID: "VOID, Location, details (initials, date)"]], " ", "{token}", 2)) + 1, LEN(Table27[[#This Row],[BRIEF DESCRIPTION OF NC if VOID: "VOID, Location, details (initials, date)"]])) -> D6584 - Triglyceride | H15: 5.53 | I15: 45688 | J15: ECu | K15: 45898 | M15: =IF(ISBLANK(K15), TODAY()-(I15), "CLOSED") -> CLOSED
A16: Los Angeles (Signal Hill), CA | B16: =VLOOKUP(Table27[[#This Row],[Location (drop-down)]],'List source'!D$2:E$71,2,FALSE) -> 130 | C16: 0015 | D16: ="PTO" & C16 & "-" & B16 & "-" & "25" -> PTO0015-130-25 | E16: PT: BIOD2408; EN 15751 - Oxidation Stability, Z-Score = 2.58 | F16: {=MID(LEFT(Table27[[#This Row],[BRIEF DESCRIPTION OF NC if VOID: "VOID, Location, details (initials, date)"]], INDEX(_xlfn._xlws.FILTER(ROW(INDIRECT("1:" & LEN(Table27[[#This Row],[BRIEF DESCRIPTION OF NC if VOID: "VOID, Location, details (initials, date)"]]))), (48 <= CODE(MID(Table27[[#This Row],[BRIEF DESCRIPTION OF NC if VOID: "VOID, Location, details (initials, date)"]], ROW(INDIRECT("1:" & LEN(Table27[[#This Row],[BRIEF DESCRIPTION OF NC if VOID: "VOID, Location, details (initials, date)"]]))), 1))) * (CODE(MID(Table27[[#This Row],[BRIEF DESCRIPTION OF NC if VOID: "VOID, Location, details (initials, date)"]], ROW(INDIRECT("1:" & LEN(Table27[[#This Row],[BRIEF DESCRIPTION OF NC if VOID: "VOID, Location, details (initials, date)"]]))), 1)) <= 57)), 1) - 1), FIND(":", Table27[[#This Row],[BRIEF DESCRIPTION OF NC if VOID: "VOID, Location, details (initials, date)"]]) + 2, LEN(Table27[[#This Row],[BRIEF DESCRIPTION OF NC if VOID: "VOID, Location, details (initials, date)"]]))} -> BIOD | G16: =MID(LEFT(Table27[[#This Row],[BRIEF DESCRIPTION OF NC if VOID: "VOID, Location, details (initials, date)"]], FIND(",", Table27[[#This Row],[BRIEF DESCRIPTION OF NC if VOID: "VOID, Location, details (initials, date)"]]) - 1), FIND("{token}", SUBSTITUTE(Table27[[#This Row],[BRIEF DESCRIPTION OF NC if VOID: "VOID, Location, details (initials, date)"]], " ", "{token}", 2)) + 1, LEN(Table27[[#This Row],[BRIEF DESCRIPTION OF NC if VOID: "VOID, Location, details (initials, date)"]])) -> EN 15751 - Oxidation Stability | H16: 2.58 | I16: 45688 | J16: JN | K16: 45698 | L16: Confirmed Transcription Error. | M16: =IF(ISBLANK(K16), TODAY()-(I16), "CLOSED") -> CLOSED
A17: Savannah, GA / Charleston, SC | B17: =VLOOKUP(Table27[[#This Row],[Location (drop-down)]],'List source'!D$2:E$71,2,FALSE) -> 144 | C17: 0016 | D17: ="PTO" & C17 & "-" & B17 & "-" & "25" -> PTO0016-144-25 | E17: PT: BIOD2408; D2500 - Cloud Point, biodiesel, Z-Score = 2.10 | F17: {=MID(LEFT(Table27[[#This Row],[BRIEF DESCRIPTION OF NC if VOID: "VOID, Location, details (initials, date)"]], INDEX(_xlfn._xlws.FILTER(ROW(INDIRECT("1:" & LEN(Table27[[#This Row],[BRIEF DESCRIPTION OF NC if VOID: "VOID, Location, details (initials, date)"]]))), (48 <= CODE(MID(Table27[[#This Row],[BRIEF DESCRIPTION OF NC if VOID: "VOID, Location, details (initials, date)"]], ROW(INDIRECT("1:" & LEN(Table27[[#This Row],[BRIEF DESCRIPTION OF NC if VOID: "VOID, Location, details (initials, date)"]]))), 1))) * (CODE(MID(Table27[[#This Row],[BRIEF DESCRIPTION OF NC if VOID: "VOID, Location, details (initials, date)"]], ROW(INDIRECT("1:" & LEN(Table27[[#This Row],[BRIEF DESCRIPTION OF NC if VOID: "VOID, Location, details (initials, date)"]]))), 1)) <= 57)), 1) - 1), FIND(":", Table27[[#This Row],[BRIEF DESCRIPTION OF NC if VOID: "VOID, Location, details (initials, date)"]]) + 2, LEN(Table27[[#This Row],[BRIEF DESCRIPTION OF NC if VOID: "VOID, Location, details (initials, date)"]]))} -> BIOD | G17: =MID(LEFT(Table27[[#This Row],[BRIEF DESCRIPTION OF NC if VOID: "VOID, Location, details (initials, date)"]], FIND(",", Table27[[#This Row],[BRIEF DESCRIPTION OF NC if VOID: "VOID, Location, details (initials, date)"]]) - 1), FIND("{token}", SUBSTITUTE(Table27[[#This Row],[BRIEF DESCRIPTION OF NC if VOID: "VOID, Location, details (initials, date)"]], " ", "{token}", 2)) + 1, LEN(Table27[[#This Row],[BRIEF DESCRIPTION OF NC if VOID: "VOID, Location, details (initials, date)"]])) -> D2500 - Cloud Point | H17: 2.1 | I17: 45688 | M17: =IF(ISBLANK(K17), TODAY()-(I17), "CLOSED") -> 389
A18: Savannah, GA / Charleston, SC | B18: =VLOOKUP(Table27[[#This Row],[Location (drop-down)]],'List source'!D$2:E$71,2,FALSE) -> 144 | C18: 0017 | D18: ="PTO" & C18 & "-" & B18 & "-" & "25" -> PTO0017-144-25 | E18: PT: BIOD2408; EN 14538 - Elements, Na + K, by ICP/OES | F18: {=MID(LEFT(Table27[[#This Row],[BRIEF DESCRIPTION OF NC if VOID: "VOID, Location, details (initials, date)"]], INDEX(_xlfn._xlws.FILTER(ROW(INDIRECT("1:" & LEN(Table27[[#This Row],[BRIEF DESCRIPTION OF NC if VOID: "VOID, Location, details (initials, date)"]]))), (48 <= CODE(MID(Table27[[#This Row],[BRIEF DESCRIPTION OF NC if VOID: "VOID, Location, details (initials, date)"]], ROW(INDIRECT("1:" & LEN(Table27[[#This Row],[BRIEF DESCRIPTION OF NC if VOID: "VOID, Location, details (initials, date)"]]))), 1))) * (CODE(MID(Table27[[#This Row],[BRIEF DESCRIPTION OF NC if VOID: "VOID, Location, details (initials, date)"]], ROW(INDIRECT("1:" & LEN(Table27[[#This Row],[BRIEF DESCRIPTION OF NC if VOID: "VOID, Location, details (initials, date)"]]))), 1)) <= 57)), 1) - 1), FIND(":", Table27[[#This Row],[BRIEF DESCRIPTION OF NC if VOID: "VOID, Location, details (initials, date)"]]) + 2, LEN(Table27[[#This Row],[BRIEF DESCRIPTION OF NC if VOID: "VOID, Location, details (initials, date)"]]))} -> BIOD | G18: =MID(LEFT(Table27[[#This Row],[BRIEF DESCRIPTION OF NC if VOID: "VOID, Location, details (initials, date)"]], FIND(",", Table27[[#This Row],[BRIEF DESCRIPTION OF NC if VOID: "VOID, Location, details (initials, date)"]]) - 1), FIND("{token}", SUBSTITUTE(Table27[[#This Row],[BRIEF DESCRIPTION OF NC if VOID: "VOID, Location, details (initials, date)"]], " ", "{token}", 2)) + 1, LEN(Table27[[#This Row],[BRIEF DESCRIPTION OF NC if VOID: "VOID, Location, details (initials, date)"]])) -> EN 14538 - Elements | H18: 2.67 | I18: 45688 | J18: JN | K18: 45688 | L18: Meets both the precision performance and reproducibility criteria. | M18: =IF(ISBLANK(K18), TODAY()-(I18), "CLOSED") -> CLOSED
A19: New Haven, CT | B19: =VLOOKUP(Table27[[#This Row],[Location (drop-down)]],'List source'!D$2:E$71,2,FALSE) -> 145 | C19: 0018 | D19: ="PTO" & C19 & "-" & B19 & "-" & "25" -> PTO0018-145-25 | E19: PT: BIOD2408; D7039 - Sulfur, by MWDXRF | F19: {=MID(LEFT(Table27[[#This Row],[BRIEF DESCRIPTION OF NC if VOID: "VOID, Location, details (initials, date)"]], INDEX(_xlfn._xlws.FILTER(ROW(INDIRECT("1:" & LEN(Table27[[#This Row],[BRIEF DESCRIPTION OF NC if VOID: "VOID, Location, details (initials, date)"]]))), (48 <= CODE(MID(Table27[[#This Row],[BRIEF DESCRIPTION OF NC if VOID: "VOID, Location, details (initials, date)"]], ROW(INDIRECT("1:" & LEN(Table27[[#This Row],[BRIEF DESCRIPTION OF NC if VOID: "VOID, Location, details (initials, date)"]]))), 1))) * (CODE(MID(Table27[[#This Row],[BRIEF DESCRIPTION OF NC if VOID: "VOID, Location, details (initials, date)"]], ROW(INDIRECT("1:" & LEN(Table27[[#This Row],[BRIEF DESCRIPTION OF NC if VOID: "VOID, Location, details (initials, date)"]]))), 1)) <= 57)), 1) - 1), FIND(":", Table27[[#This Row],[BRIEF DESCRIPTION OF NC if VOID: "VOID, Location, details (initials, date)"]]) + 2, LEN(Table27[[#This Row],[BRIEF DESCRIPTION OF NC if VOID: "VOID, Location, details (initials, date)"]]))} -> BIOD | G19: =MID(LEFT(Table27[[#This Row],[BRIEF DESCRIPTION OF NC if VOID: "VOID, Location, details (initials, date)"]], FIND(",", Table27[[#This Row],[BRIEF DESCRIPTION OF NC if VOID: "VOID, Location, details (initials, date)"]]) - 1), FIND("{token}", SUBSTITUTE(Table27[[#This Row],[BRIEF DESCRIPTION OF NC if VOID: "VOID, Location, details (initials, date)"]], " ", "{token}", 2)) + 1, LEN(Table27[[#This Row],[BRIEF DESCRIPTION OF NC if VOID: "VOID, Location, details (initials, date)"]])) -> D7039 - Sulfur | H19: 2.3 | I19: 45688 | J19: JN | K19: 45688 | L19: Meets both the precision performance and reproducibility criteria. | M19: =IF(ISBLANK(K19), TODAY()-(I19), "CLOSED") -> CLOSED
A20: New Orleans (Destrehan), LA | B20: =VLOOKUP(Table27[[#This Row],[Location (drop-down)]],'List source'!D$2:E$71,2,FALSE) -> 170 | C20: 0019 | D20: ="PTO" & C20 & "-" & B20 & "-" & "25" -> PTO0019-170-25 | E20: PT: BIOD2408; D445 - Viscosity, Kinematic, 40 °C, Z-Score = -2.02 | F20: {=MID(LEFT(Table27[[#This Row],[BRIEF DESCRIPTION OF NC if VOID: "VOID, Location, details (initials, date)"]], INDEX(_xlfn._xlws.FILTER(ROW(INDIRECT("1:" & LEN(Table27[[#This Row],[BRIEF DESCRIPTION OF NC if VOID: "VOID, Location, details (initials, date)"]]))), (48 <= CODE(MID(Table27[[#This Row],[BRIEF DESCRIPTION OF NC if VOID: "VOID, Location, details (initials, date)"]], ROW(INDIRECT("1:" & LEN(Table27[[#This Row],[BRIEF DESCRIPTION OF NC if VOID: "VOID, Location, details (initials, date)"]]))), 1))) * (CODE(MID(Table27[[#This Row],[BRIEF DESCRIPTION OF NC if VOID: "VOID, Location, details (initials, date)"]], ROW(INDIRECT("1:" & LEN(Table27[[#This Row],[BRIEF DESCRIPTION OF NC if VOID: "VOID, Location, details (initials, date)"]]))), 1)) <= 57)), 1) - 1), FIND(":", Table27[[#This Row],[BRIEF DESCRIPTION OF NC if VOID: "VOID, Location, details (initials, date)"]]) + 2, LEN(Table27[[#This Row],[BRIEF DESCRIPTION OF NC if VOID: "VOID, Location, details (initials, date)"]]))} -> BIOD | G20: =MID(LEFT(Table27[[#This Row],[BRIEF DESCRIPTION OF NC if VOID: "VOID, Location, details (initials, date)"]], FIND(",", Table27[[#This Row],[BRIEF DESCRIPTION OF NC if VOID: "VOID, Location, details (initials, date)"]]) - 1), FIND("{token}", SUBSTITUTE(Table27[[#This Row],[BRIEF DESCRIPTION OF NC if VOID: "VOID, Location, details (initials, date)"]], " ", "{token}", 2)) + 1, LEN(Table27[[#This Row],[BRIEF DESCRIPTION OF NC if VOID: "VOID, Location, details (initials, date)"]])) -> D445 - Viscosity | H20: -2.02 | I20: 45688 | J20: DA | K20: 45807 | M20: =IF(ISBLANK(K20), TODAY()-(I20), "CLOSED") -> CLOSED
A21: New Orleans (Destrehan), LA | B21: =VLOOKUP(Table27[[#This Row],[Location (drop-down)]],'List source'!D$2:E$71,2,FALSE) -> 170 | C21: 0020 | D21: ="PTO" & C21 & "-" & B21 & "-" & "25" -> PTO0020-170-25 | E21: PT: BIOD2408; D7042 - Viscosity, Stabinger, Kin, 40 °C, Z-Score = -2.30 | F21: {=MID(LEFT(Table27[[#This Row],[BRIEF DESCRIPTION OF NC if VOID: "VOID, Location, details (initials, date)"]], INDEX(_xlfn._xlws.FILTER(ROW(INDIRECT("1:" & LEN(Table27[[#This Row],[BRIEF DESCRIPTION OF NC if VOID: "VOID, Location, details (initials, date)"]]))), (48 <= CODE(MID(Table27[[#This Row],[BRIEF DESCRIPTION OF NC if VOID: "VOID, Location, details (initials, date)"]], ROW(INDIRECT("1:" & LEN(Table27[[#This Row],[BRIEF DESCRIPTION OF NC if VOID: "VOID, Location, details (initials, date)"]]))), 1))) * (CODE(MID(Table27[[#This Row],[BRIEF DESCRIPTION OF NC if VOID: "VOID, Location, details (initials, date)"]], ROW(INDIRECT("1:" & LEN(Table27[[#This Row],[BRIEF DESCRIPTION OF NC if VOID: "VOID, Location, details (initials, date)"]]))), 1)) <= 57)), 1) - 1), FIND(":", Table27[[#This Row],[BRIEF DESCRIPTION OF NC if VOID: "VOID, Location, details (initials, date)"]]) + 2, LEN(Table27[[#This Row],[BRIEF DESCRIPTION OF NC if VOID: "VOID, Location, details (initials, date)"]]))} -> BIOD | G21: =MID(LEFT(Table27[[#This Row],[BRIEF DESCRIPTION OF NC if VOID: "VOID, Location, details (initials, date)"]], FIND(",", Table27[[#This Row],[BRIEF DESCRIPTION OF NC if VOID: "VOID, Location, details (initials, date)"]]) - 1), FIND("{token}", SUBSTITUTE(Table27[[#This Row],[BRIEF DESCRIPTION OF NC if VOID: "VOID, Location, details (initials, date)"]], " ", "{token}", 2)) + 1, LEN(Table27[[#This Row],[BRIEF DESCRIPTION OF NC if VOID: "VOID, Location, details (initials, date)"]])) -> D7042 - Viscosity | H21: -2.30 | I21: 45688 | J21: DA | K21: 45807 | M21: =IF(ISBLANK(K21), TODAY()-(I21), "CLOSED") -> CLOSED
A22: Hamilton (Burlington), ON | B22: =VLOOKUP(Table27[[#This Row],[Location (drop-down)]],'List source'!D$2:E$71,2,FALSE) -> 189 | C22: 0021 | D22: ="PTO" & C22 & "-" & B22 & "-" & "25" -> PTO0021-189-25 | E22: PT: BIOD2408; D5773 - Cloud Point, Constant Cool | F22: {=MID(LEFT(Table27[[#This Row],[BRIEF DESCRIPTION OF NC if VOID: "VOID, Location, details (initials, date)"]], INDEX(_xlfn._xlws.FILTER(ROW(INDIRECT("1:" & LEN(Table27[[#This Row],[BRIEF DESCRIPTION OF NC if VOID: "VOID, Location, details (initials, date)"]]))), (48 <= CODE(MID(Table27[[#This Row],[BRIEF DESCRIPTION OF NC if VOID: "VOID, Location, details (initials, date)"]], ROW(INDIRECT("1:" & LEN(Table27[[#This Row],[BRIEF DESCRIPTION OF NC if VOID: "VOID, Location, details (initials, date)"]]))), 1))) * (CODE(MID(Table27[[#This Row],[BRIEF DESCRIPTION OF NC if VOID: "VOID, Location, details (initials, date)"]], ROW(INDIRECT("1:" & LEN(Table27[[#This Row],[BRIEF DESCRIPTION OF NC if VOID: "VOID, Location, details (initials, date)"]]))), 1)) <= 57)), 1) - 1), FIND(":", Table27[[#This Row],[BRIEF DESCRIPTION OF NC if VOID: "VOID, Location, details (initials, date)"]]) + 2, LEN(Table27[[#This Row],[BRIEF DESCRIPTION OF NC if VOID: "VOID, Location, details (initials, date)"]]))} -> BIOD | G22: =MID(LEFT(Table27[[#This Row],[BRIEF DESCRIPTION OF NC if VOID: "VOID, Location, details (initials, date)"]], FIND(",", Table27[[#This Row],[BRIEF DESCRIPTION OF NC if VOID: "VOID, Location, details (initials, date)"]]) - 1), FIND("{token}", SUBSTITUTE(Table27[[#This Row],[BRIEF DESCRIPTION OF NC if VOID: "VOID, Location, details (initials, date)"]], " ", "{token}", 2)) + 1, LEN(Table27[[#This Row],[BRIEF DESCRIPTION OF NC if VOID: "VOID, Location, details (initials, date)"]])) -> D5773 - Cloud Point | H22: 2.06 | I22: 45688 | J22: JN | K22: 45688 | L22: Meets both the precision performance and reproducibility criteria. | M22: =IF(ISBLANK(K22), TODAY()-(I22), "CLOSED") -> CLOSED
A23: Mobile, AL | B23: =VLOOKUP(Table27[[#This Row],[Location (drop-down)]],'List source'!D$2:E$71,2,FALSE) -> 146 | C23: 0022 | D23: ="PTO" & C23 & "-" & B23 & "-" & "25" -> PTO0022-146-25 | E23: PT: RFG2411; D1319 - HC Type, Saturates, Oxy-Free, Z-Score = -2.13 | F23: {=MID(LEFT(Table27[[#This Row],[BRIEF DESCRIPTION OF NC if VOID: "VOID, Location, details (initials, date)"]], INDEX(_xlfn._xlws.FILTER(ROW(INDIRECT("1:" & LEN(Table27[[#This Row],[BRIEF DESCRIPTION OF NC if VOID: "VOID, Location, details (initials, date)"]]))), (48 <= CODE(MID(Table27[[#This Row],[BRIEF DESCRIPTION OF NC if VOID: "VOID, Location, details (initials, date)"]], ROW(INDIRECT("1:" & LEN(Table27[[#This Row],[BRIEF DESCRIPTION OF NC if VOID: "VOID, Location, details (initials, date)"]]))), 1))) * (CODE(MID(Table27[[#This Row],[BRIEF DESCRIPTION OF NC if VOID: "VOID, Location, details (initials, date)"]], ROW(INDIRECT("1:" & LEN(Table27[[#This Row],[BRIEF DESCRIPTION OF NC if VOID: "VOID, Location, details (initials, date)"]]))), 1)) <= 57)), 1) - 1), FIND(":", Table27[[#This Row],[BRIEF DESCRIPTION OF NC if VOID: "VOID, Location, details (initials, date)"]]) + 2, LEN(Table27[[#This Row],[BRIEF DESCRIPTION OF NC if VOID: "VOID, Location, details (initials, date)"]]))} -> RFG | G23: =MID(LEFT(Table27[[#This Row],[BRIEF DESCRIPTION OF NC if VOID: "VOID, Location, details (initials, date)"]], FIND(",", Table27[[#This Row],[BRIEF DESCRIPTION OF NC if VOID: "VOID, Location, details (initials, date)"]]) - 1), FIND("{token}", SUBSTITUTE(Table27[[#This Row],[BRIEF DESCRIPTION OF NC if VOID: "VOID, Location, details (initials, date)"]], " ", "{token}", 2)) + 1, LEN(Table27[[#This Row],[BRIEF DESCRIPTION OF NC if VOID: "VOID, Location, details (initials, date)"]])) -> D1319 - HC Type | H23: -2.13 | I23: 45688 | J23: DA | K23: 45882 | M23: =IF(ISBLANK(K23), TODAY()-(I23), "CLOSED") -> CLOSED
A24: Cape Canaveral, FL | B24: =VLOOKUP(Table27[[#This Row],[Location (drop-down)]],'List source'!D$2:E$71,2,FALSE) -> 127 | C24: 0023 | D24: ="PTO" & C24 & "-" & B24 & "-" & "25" -> PTO0023-127-25 | E24: PT: DF22410; D5186 - HC Type, by SFC, Mono Aromatics | F24: DF2 | G24: =MID(LEFT(Table27[[#This Row],[BRIEF DESCRIPTION OF NC if VOID: "VOID, Location, details (initials, date)"]], FIND(",", Table27[[#This Row],[BRIEF DESCRIPTION OF NC if VOID: "VOID, Location, details (initials, date)"]]) - 1), FIND("{token}", SUBSTITUTE(Table27[[#This Row],[BRIEF DESCRIPTION OF NC if VOID: "VOID, Location, details (initials, date)"]], " ", "{token}", 2)) + 1, LEN(Table27[[#This Row],[BRIEF DESCRIPTION OF NC if VOID: "VOID, Location, details (initials, date)"]])) -> D5186 - HC Type | H24: -2.36 | I24: 45693 | J24: JN | K24: 45693 | L24: Meets both the precision performance and reproducibility criteria. | M24: =IF(ISBLANK(K24), TODAY()-(I24), "CLOSED") -> CLOSED
A25: Ft Lauderdale (Davie), FL | B25: =VLOOKUP(Table27[[#This Row],[Location (drop-down)]],'List source'!D$2:E$71,2,FALSE) -> 125 | C25: 0024 | D25: ="PTO" & C25 & "-" & B25 & "-" & "25" -> PTO0024-125-25 | E25: PT: MG2408; D86 - Distillation, Auto, 95%, °F (EPA) | F25: {=MID(LEFT(Table27[[#This Row],[BRIEF DESCRIPTION OF NC if VOID: "VOID, Location, details (initials, date)"]], INDEX(_xlfn._xlws.FILTER(ROW(INDIRECT("1:" & LEN(Table27[[#This Row],[BRIEF DESCRIPTION OF NC if VOID: "VOID, Location, details (initials, date)"]]))), (48 <= CODE(MID(Table27[[#This Row],[BRIEF DESCRIPTION OF NC if VOID: "VOID, Location, details (initials, date)"]], ROW(INDIRECT("1:" & LEN(Table27[[#This Row],[BRIEF DESCRIPTION OF NC if VOID: "VOID, Location, details (initials, date)"]]))), 1))) * (CODE(MID(Table27[[#This Row],[BRIEF DESCRIPTION OF NC if VOID: "VOID, Location, details (initials, date)"]], ROW(INDIRECT("1:" & LEN(Table27[[#This Row],[BRIEF DESCRIPTION OF NC if VOID: "VOID, Location, details (initials, date)"]]))), 1)) <= 57)), 1) - 1), FIND(":", Table27[[#This Row],[BRIEF DESCRIPTION OF NC if VOID: "VOID, Location, details (initials, date)"]]) + 2, LEN(Table27[[#This Row],[BRIEF DESCRIPTION OF NC if VOID: "VOID, Location, details (initials, date)"]]))} -> MG | G25: =MID(LEFT(Table27[[#This Row],[BRIEF DESCRIPTION OF NC if VOID: "VOID, Location, details (initials, date)"]], FIND(",", Table27[[#This Row],[BRIEF DESCRIPTION OF NC if VOID: "VOID, Location, details (initials, date)"]]) - 1), FIND("{token}", SUBSTITUTE(Table27[[#This Row],[BRIEF DESCRIPTION OF NC if VOID: "VOID, Location, details (initials, date)"]], " ", "{token}", 2)) + 1, LEN(Table27[[#This Row],[BRIEF DESCRIPTION OF NC if VOID: "VOID, Location, details (initials, date)"]])) -> D86 - Distillation | H25: 2.67 | I25: 45698 | J25: JN | K25: 45698 | L25: Meets both the precision performance and reproducibility criteria. | M25: =IF(ISBLANK(K25), TODAY()-(I25), "CLOSED") -> CLOSED
A26: Ft Lauderdale (Davie), FL | B26: =VLOOKUP(Table27[[#This Row],[Location (drop-down)]],'List source'!D$2:E$71,2,FALSE) -> 125 | C26: 0025 | D26: ="PTO" & C26 & "-" & B26 & "-" & "25" -> PTO0025-125-25 | E26: PT: MG2408; D5769 - Toluene, by GC/MS | F26: {=MID(LEFT(Table27[[#This Row],[BRIEF DESCRIPTION OF NC if VOID: "VOID, Location, details (initials, date)"]], INDEX(_xlfn._xlws.FILTER(ROW(INDIRECT("1:" & LEN(Table27[[#This Row],[BRIEF DESCRIPTION OF NC if VOID: "VOID, Location, details (initials, date)"]]))), (48 <= CODE(MID(Table27[[#This Row],[BRIEF DESCRIPTION OF NC if VOID: "VOID, Location, details (initials, date)"]], ROW(INDIRECT("1:" & LEN(Table27[[#This Row],[BRIEF DESCRIPTION OF NC if VOID: "VOID, Location, details (initials, date)"]]))), 1))) * (CODE(MID(Table27[[#This Row],[BRIEF DESCRIPTION OF NC if VOID: "VOID, Location, details (initials, date)"]], ROW(INDIRECT("1:" & LEN(Table27[[#This Row],[BRIEF DESCRIPTION OF NC if VOID: "VOID, Location, details (initials, date)"]]))), 1)) <= 57)), 1) - 1), FIND(":", Table27[[#This Row],[BRIEF DESCRIPTION OF NC if VOID: "VOID, Location, details (initials, date)"]]) + 2, LEN(Table27[[#This Row],[BRIEF DESCRIPTION OF NC if VOID: "VOID, Location, details (initials, date)"]]))} -> MG | G26: =MID(LEFT(Table27[[#This Row],[BRIEF DESCRIPTION OF NC if VOID: "VOID, Location, details (initials, date)"]], FIND(",", Table27[[#This Row],[BRIEF DESCRIPTION OF NC if VOID: "VOID, Location, details (initials, date)"]]) - 1), FIND("{token}", SUBSTITUTE(Table27[[#This Row],[BRIEF DESCRIPTION OF NC if VOID: "VOID, Location, details (initials, date)"]], " ", "{token}", 2)) + 1, LEN(Table27[[#This Row],[BRIEF DESCRIPTION OF NC if VOID: "VOID, Location, details (initials, date)"]])) -> D5769 - Toluene | H26: 2.12 | I26: 45698 | J26: JN | K26: 45698 | L26: Meets both the precision performance and reproducibility criteria. | M26: =IF(ISBLANK(K26), TODAY()-(I26), "CLOSED") -> CLOSED
A27: Los Angeles (Signal Hill), CA | B27: =VLOOKUP(Table27[[#This Row],[Location (drop-down)]],'List source'!D$2:E$71,2,FALSE) -> 130 | C27: 0026 | D27: ="PTO" & C27 & "-" & B27 & "-" & "25" -> PTO0026-130-25 | E27: PT: MG2408; D86 - Distillation, Auto, 90%, °F (EPA) & % Resid | F27: {=MID(LEFT(Table27[[#This Row],[BRIEF DESCRIPTION OF NC if VOID: "VOID, Location, details (initials, date)"]], INDEX(_xlfn._xlws.FILTER(ROW(INDIRECT("1:" & LEN(Table27[[#This Row],[BRIEF DESCRIPTION OF NC if VOID: "VOID, Location, details (initials, date)"]]))), (48 <= CODE(MID(Table27[[#This Row],[BRIEF DESCRIPTION OF NC if VOID: "VOID, Location, details (initials, date)"]], ROW(INDIRECT("1:" & LEN(Table27[[#This Row],[BRIEF DESCRIPTION OF NC if VOID: "VOID, Location, details (initials, date)"]]))), 1))) * (CODE(MID(Table27[[#This Row],[BRIEF DESCRIPTION OF NC if VOID: "VOID, Location, details (initials, date)"]], ROW(INDIRECT("1:" & LEN(Table27[[#This Row],[BRIEF DESCRIPTION OF NC if VOID: "VOID, Location, details (initials, date)"]]))), 1)) <= 57)), 1) - 1), FIND(":", Table27[[#This Row],[BRIEF DESCRIPTION OF NC if VOID: "VOID, Location, details (initials, date)"]]) + 2, LEN(Table27[[#This Row],[BRIEF DESCRIPTION OF NC if VOID: "VOID, Location, details (initials, date)"]]))} -> MG | G27: =MID(LEFT(Table27[[#This Row],[BRIEF DESCRIPTION OF NC if VOID: "VOID, Location, details (initials, date)"]], FIND(",", Table27[[#This Row],[BRIEF DESCRIPTION OF NC if VOID: "VOID, Location, details (initials, date)"]]) - 1), FIND("{token}", SUBSTITUTE(Table27[[#This Row],[BRIEF DESCRIPTION OF NC if VOID: "VOID, Location, details (initials, date)"]], " ", "{token}", 2)) + 1, LEN(Table27[[#This Row],[BRIEF DESCRIPTION OF NC if VOID: "VOID, Location, details (initials, date)"]])) -> D86 - Distillation | H27: 2.19 & 2.36 | I27: 45698 | J27: JN | K27: 45698 | L27: Meets both the precision performance and reproducibility criteria. | M27: =IF(ISBLANK(K27), TODAY()-(I27), "CLOSED") -> CLOSED
A28: Bellingham (Ferndale), WA | B28: =VLOOKUP(Table27[[#This Row],[Location (drop-down)]],'List source'!D$2:E$71,2,FALSE) -> 132 | C28: 0027 | D28: ="PTO" & C28 & "-" & B28 & "-" & "25" -> PTO0027-132-25 | E28: PT: MG2408; D4052 - Density, Digital, 15 °C | F28: {=MID(LEFT(Table27[[#This Row],[BRIEF DESCRIPTION OF NC if VOID: "VOID, Location, details (initials, date)"]], INDEX(_xlfn._xlws.FILTER(ROW(INDIRECT("1:" & LEN(Table27[[#This Row],[BRIEF DESCRIPTION OF NC if VOID: "VOID, Location, details (initials, date)"]]))), (48 <= CODE(MID(Table27[[#This Row],[BRIEF DESCRIPTION OF NC if VOID: "VOID, Location, details (initials, date)"]], ROW(INDIRECT("1:" & LEN(Table27[[#This Row],[BRIEF DESCRIPTION OF NC if VOID: "VOID, Location, details (initials, date)"]]))), 1))) * (CODE(MID(Table27[[#This Row],[BRIEF DESCRIPTION OF NC if VOID: "VOID, Location, details (initials, date)"]], ROW(INDIRECT("1:" & LEN(Table27[[#This Row],[BRIEF DESCRIPTION OF NC if VOID: "VOID, Location, details (initials, date)"]]))), 1)) <= 57)), 1) - 1), FIND(":", Table27[[#This Row],[BRIEF DESCRIPTION OF NC if VOID: "VOID, Location, details (initials, date)"]]) + 2, LEN(Table27[[#This Row],[BRIEF DESCRIPTION OF NC if VOID: "VOID, Location, details (initials, date)"]]))} -> MG | G28: =MID(LEFT(Table27[[#This Row],[BRIEF DESCRIPTION OF NC if VOID: "VOID, Location, details (initials, date)"]], FIND(",", Table27[[#This Row],[BRIEF DESCRIPTION OF NC if VOID: "VOID, Location, details (initials, date)"]]) - 1), FIND("{token}", SUBSTITUTE(Table27[[#This Row],[BRIEF DESCRIPTION OF NC if VOID: "VOID, Location, details (initials, date)"]], " ", "{token}", 2)) + 1, LEN(Table27[[#This Row],[BRIEF DESCRIPTION OF NC if VOID: "VOID, Location, details (initials, date)"]])) -> D4052 - Density | H28: 2.59 | I28: 45698 | J28: JN | K28: 45698 | L28: Meets both the precision performance and reproducibility criteria. | M28: =IF(ISBLANK(K28), TODAY()-(I28), "CLOSED") -> CLOSED
A29: Bellingham (Ferndale), WA | B29: =VLOOKUP(Table27[[#This Row],[Location (drop-down)]],'List source'!D$2:E$71,2,FALSE) -> 132 | C29: 0028 | D29: ="PTO" & C29 & "-" & B29 & "-" & "25" -> PTO0028-132-25 | E29: PT: MG2408; D86 - Distillation, Auto, FBP, °F (EPA) | F29: {=MID(LEFT(Table27[[#This Row],[BRIEF DESCRIPTION OF NC if VOID: "VOID, Location, details (initials, date)"]], INDEX(_xlfn._xlws.FILTER(ROW(INDIRECT("1:" & LEN(Table27[[#This Row],[BRIEF DESCRIPTION OF NC if VOID: "VOID, Location, details (initials, date)"]]))), (48 <= CODE(MID(Table27[[#This Row],[BRIEF DESCRIPTION OF NC if VOID: "VOID, Location, details (initials, date)"]], ROW(INDIRECT("1:" & LEN(Table27[[#This Row],[BRIEF DESCRIPTION OF NC if VOID: "VOID, Location, details (initials, date)"]]))), 1))) * (CODE(MID(Table27[[#This Row],[BRIEF DESCRIPTION OF NC if VOID: "VOID, Location, details (initials, date)"]], ROW(INDIRECT("1:" & LEN(Table27[[#This Row],[BRIEF DESCRIPTION OF NC if VOID: "VOID, Location, details (initials, date)"]]))), 1)) <= 57)), 1) - 1), FIND(":", Table27[[#This Row],[BRIEF DESCRIPTION OF NC if VOID: "VOID, Location, details (initials, date)"]]) + 2, LEN(Table27[[#This Row],[BRIEF DESCRIPTION OF NC if VOID: "VOID, Location, details (initials, date)"]]))} -> MG | G29: =MID(LEFT(Table27[[#This Row],[BRIEF DESCRIPTION OF NC if VOID: "VOID, Location, details (initials, date)"]], FIND(",", Table27[[#This Row],[BRIEF DESCRIPTION OF NC if VOID: "VOID, Location, details (initials, date)"]]) - 1), FIND("{token}", SUBSTITUTE(Table27[[#This Row],[BRIEF DESCRIPTION OF NC if VOID: "VOID, Location, details (initials, date)"]], " ", "{token}", 2)) + 1, LEN(Table27[[#This Row],[BRIEF DESCRIPTION OF NC if VOID: "VOID, Location, details (initials, date)"]])) -> D86 - Distillation | H29: -2.45 | I29: 45698 | J29: JN | K29: 45698 | L29: Meets both the precision performance and reproducibility criteria. | M29: =IF(ISBLANK(K29), TODAY()-(I29), "CLOSED") -> CLOSED
A30: Brownsville, TX | B30: =VLOOKUP(Table27[[#This Row],[Location (drop-down)]],'List source'!D$2:E$71,2,FALSE) -> 158 | C30: 0029 | D30: ="PTO" & C30 & "-" & B30 & "-" & "25" -> PTO0029-158-25 | E30: PT: MG2408; D4052 - API Gravity, Digital, 15 °C | F30: {=MID(LEFT(Table27[[#This Row],[BRIEF DESCRIPTION OF NC if VOID: "VOID, Location, details (initials, date)"]], INDEX(_xlfn._xlws.FILTER(ROW(INDIRECT("1:" & LEN(Table27[[#This Row],[BRIEF DESCRIPTION OF NC if VOID: "VOID, Location, details (initials, date)"]]))), (48 <= CODE(MID(Table27[[#This Row],[BRIEF DESCRIPTION OF NC if VOID: "VOID, Location, details (initials, date)"]], ROW(INDIRECT("1:" & LEN(Table27[[#This Row],[BRIEF DESCRIPTION OF NC if VOID: "VOID, Location, details (initials, date)"]]))), 1))) * (CODE(MID(Table27[[#This Row],[BRIEF DESCRIPTION OF NC if VOID: "VOID, Location, details (initials, date)"]], ROW(INDIRECT("1:" & LEN(Table27[[#This Row],[BRIEF DESCRIPTION OF NC if VOID: "VOID, Location, details (initials, date)"]]))), 1)) <= 57)), 1) - 1), FIND(":", Table27[[#This Row],[BRIEF DESCRIPTION OF NC if VOID: "VOID, Location, details (initials, date)"]]) + 2, LEN(Table27[[#This Row],[BRIEF DESCRIPTION OF NC if VOID: "VOID, Location, details (initials, date)"]]))} -> MG | G30: =MID(LEFT(Table27[[#This Row],[BRIEF DESCRIPTION OF NC if VOID: "VOID, Location, details (initials, date)"]], FIND(",", Table27[[#This Row],[BRIEF DESCRIPTION OF NC if VOID: "VOID, Location, details (initials, date)"]]) - 1), FIND("{token}", SUBSTITUTE(Table27[[#This Row],[BRIEF DESCRIPTION OF NC if VOID: "VOID, Location, details (initials, date)"]], " ", "{token}", 2)) + 1, LEN(Table27[[#This Row],[BRIEF DESCRIPTION OF NC if VOID: "VOID, Location, details (initials, date)"]])) -> D4052 - API Gravity | H30: -2.07 | I30: 45698 | J30: JN | K30: 45698 | L30: Meets both the precision performance and reproducibility criteria. | M30: =IF(ISBLANK(K30), TODAY()-(I30), "CLOSED") -> CLOSED
A31: New Orleans (Destrehan), LA | B31: =VLOOKUP(Table27[[#This Row],[Location (drop-down)]],'List source'!D$2:E$71,2,FALSE) -> 170 | C31: 0030 | D31: ="PTO" & C31 & "-" & B31 & "-" & "25" -> PTO0030-170-25 | E31: PT: MG2408; D5580 - C9+ Aromatics, by GC | F31: {=MID(LEFT(Table27[[#This Row],[BRIEF DESCRIPTION OF NC if VOID: "VOID, Location, details (initials, date)"]], INDEX(_xlfn._xlws.FILTER(ROW(INDIRECT("1:" & LEN(Table27[[#This Row],[BRIEF DESCRIPTION OF NC if VOID: "VOID, Location, details (initials, date)"]]))), (48 <= CODE(MID(Table27[[#This Row],[BRIEF DESCRIPTION OF NC if VOID: "VOID, Location, details (initials, date)"]], ROW(INDIRECT("1:" & LEN(Table27[[#This Row],[BRIEF DESCRIPTION OF NC if VOID: "VOID, Location, details (initials, date)"]]))), 1))) * (CODE(MID(Table27[[#This Row],[BRIEF DESCRIPTION OF NC if VOID: "VOID, Location, details (initials, date)"]], ROW(INDIRECT("1:" & LEN(Table27[[#This Row],[BRIEF DESCRIPTION OF NC if VOID: "VOID, Location, details (initials, date)"]]))), 1)) <= 57)), 1) - 1), FIND(":", Table27[[#This Row],[BRIEF DESCRIPTION OF NC if VOID: "VOID, Location, details (initials, date)"]]) + 2, LEN(Table27[[#This Row],[BRIEF DESCRIPTION OF NC if VOID: "VOID, Location, details (initials, date)"]]))} -> MG | G31: =MID(LEFT(Table27[[#This Row],[BRIEF DESCRIPTION OF NC if VOID: "VOID, Location, details (initials, date)"]], FIND(",", Table27[[#This Row],[BRIEF DESCRIPTION OF NC if VOID: "VOID, Location, details (initials, date)"]]) - 1), FIND("{token}", SUBSTITUTE(Table27[[#This Row],[BRIEF DESCRIPTION OF NC if VOID: "VOID, Location, details (initials, date)"]], " ", "{token}", 2)) + 1, LEN(Table27[[#This Row],[BRIEF DESCRIPTION OF NC if VOID: "VOID, Location, details (initials, date)"]])) -> D5580 - C9+ Aromatics | H31: 2.37 | I31: 45698 | J31: JN | K31: 45698 | L31: Meets both the precision performance and reproducibility criteria. | M31: =IF(ISBLANK(K31), TODAY()-(I31), "CLOSED") -> CLOSED
A32: New Orleans (Destrehan), LA | B32: =VLOOKUP(Table27[[#This Row],[Location (drop-down)]],'List source'!D$2:E$71,2,FALSE) -> 170 | C32: 0031 | D32: ="PTO" & C32 & "-" & B32 & "-" & "25" -> PTO0031-170-25 | E32: PT: MG2408; D86 - Distillation, Auto, 90% & 90%, °F (EPA) | F32: {=MID(LEFT(Table27[[#This Row],[BRIEF DESCRIPTION OF NC if VOID: "VOID, Location, details (initials, date)"]], INDEX(_xlfn._xlws.FILTER(ROW(INDIRECT("1:" & LEN(Table27[[#This Row],[BRIEF DESCRIPTION OF NC if VOID: "VOID, Location, details (initials, date)"]]))), (48 <= CODE(MID(Table27[[#This Row],[BRIEF DESCRIPTION OF NC if VOID: "VOID, Location, details (initials, date)"]], ROW(INDIRECT("1:" & LEN(Table27[[#This Row],[BRIEF DESCRIPTION OF NC if VOID: "VOID, Location, details (initials, date)"]]))), 1))) * (CODE(MID(Table27[[#This Row],[BRIEF DESCRIPTION OF NC if VOID: "VOID, Location, details (initials, date)"]], ROW(INDIRECT("1:" & LEN(Table27[[#This Row],[BRIEF DESCRIPTION OF NC if VOID: "VOID, Location, details (initials, date)"]]))), 1)) <= 57)), 1) - 1), FIND(":", Table27[[#This Row],[BRIEF DESCRIPTION OF NC if VOID: "VOID, Location, details (initials, date)"]]) + 2, LEN(Table27[[#This Row],[BRIEF DESCRIPTION OF NC if VOID: "VOID, Location, details (initials, date)"]]))} -> MG | G32: =MID(LEFT(Table27[[#This Row],[BRIEF DESCRIPTION OF NC if VOID: "VOID, Location, details (initials, date)"]], FIND(",", Table27[[#This Row],[BRIEF DESCRIPTION OF NC if VOID: "VOID, Location, details (initials, date)"]]) - 1), FIND("{token}", SUBSTITUTE(Table27[[#This Row],[BRIEF DESCRIPTION OF NC if VOID: "VOID, Location, details (initials, date)"]], " ", "{token}", 2)) + 1, LEN(Table27[[#This Row],[BRIEF DESCRIPTION OF NC if VOID: "VOID, Location, details (initials, date)"]])) -> D86 - Distillation | H32: -2.32 & -2.80 | I32: 45698 | J32: JN | K32: 45698 | L32: Meets both the precision performance and reproducibility criteria. | M32: =IF(ISBLANK(K32), TODAY()-(I32), "CLOSED") -> CLOSED
A33: Texas City, TX | B33: =VLOOKUP(Table27[[#This Row],[Location (drop-down)]],'List source'!D$2:E$71,2,FALSE) -> 150 | C33: 0032 | D33: ="PTO" & C33 & "-" & B33 & "-" & "25" -> PTO0032-150-25 | E33: PT: iis24F01; D445 - Kinematic Viscosity, at 100oC | F33: {=MID(LEFT(Table27[[#This Row],[BRIEF DESCRIPTION OF NC if VOID: "VOID, Location, details (initials, date)"]], INDEX(_xlfn._xlws.FILTER(ROW(INDIRECT("1:" & LEN(Table27[[#This Row],[BRIEF DESCRIPTION OF NC if VOID: "VOID, Location, details (initials, date)"]]))), (48 <= CODE(MID(Table27[[#This Row],[BRIEF DESCRIPTION OF NC if VOID: "VOID, Location, details (initials, date)"]], ROW(INDIRECT("1:" & LEN(Table27[[#This Row],[BRIEF DESCRIPTION OF NC if VOID: "VOID, Location, details (initials, date)"]]))), 1))) * (CODE(MID(Table27[[#This Row],[BRIEF DESCRIPTION OF NC if VOID: "VOID, Location, details (initials, date)"]], ROW(INDIRECT("1:" & LEN(Table27[[#This Row],[BRIEF DESCRIPTION OF NC if VOID: "VOID, Location, details (initials, date)"]]))), 1)) <= 57)), 1) - 1), FIND(":", Table27[[#This Row],[BRIEF DESCRIPTION OF NC if VOID: "VOID, Location, details (initials, date)"]]) + 2, LEN(Table27[[#This Row],[BRIEF DESCRIPTION OF NC if VOID: "VOID, Location, details (initials, date)"]]))} -> iis | G33: =MID(LEFT(Table27[[#This Row],[BRIEF DESCRIPTION OF NC if VOID: "VOID, Location, details (initials, date)"]], FIND(",", Table27[[#This Row],[BRIEF DESCRIPTION OF NC if VOID: "VOID, Location, details (initials, date)"]]) - 1), FIND("{token}", SUBSTITUTE(Table27[[#This Row],[BRIEF DESCRIPTION OF NC if VOID: "VOID, Location, details (initials, date)"]], " ", "{token}", 2)) + 1, LEN(Table27[[#This Row],[BRIEF DESCRIPTION OF NC if VOID: "VOID, Location, details (initials, date)"]])) -> D445 - Kinematic Viscosity | H33: 2.8 | I33: 45700 | J33: JN | K33: 45700 | L33: Meets both the precision performance and reproducibility criteria. | M33: =IF(ISBLANK(K33), TODAY()-(I33), "CLOSED") -> CLOSED
A34: Brownsville, TX | B34: =VLOOKUP(Table27[[#This Row],[Location (drop-down)]],'List source'!D$2:E$71,2,FALSE) -> 158 | C34: 0033 | D34: ="PTO" & C34 & "-" & B34 & "-" & "25" -> PTO0033-158-25 | E34: PT: iis24F01; D93 - Flash Point, Procedure B | F34: {=MID(LEFT(Table27[[#This Row],[BRIEF DESCRIPTION OF NC if VOID: "VOID, Location, details (initials, date)"]], INDEX(_xlfn._xlws.FILTER(ROW(INDIRECT("1:" & LEN(Table27[[#This Row],[BRIEF DESCRIPTION OF NC if VOID: "VOID, Location, details (initials, date)"]]))), (48 <= CODE(MID(Table27[[#This Row],[BRIEF DESCRIPTION OF NC if VOID: "VOID, Location, details (initials, date)"]], ROW(INDIRECT("1:" & LEN(Table27[[#This Row],[BRIEF DESCRIPTION OF NC if VOID: "VOID, Location, details (initials, date)"]]))), 1))) * (CODE(MID(Table27[[#This Row],[BRIEF DESCRIPTION OF NC if VOID: "VOID, Location, details (initials, date)"]], ROW(INDIRECT("1:" & LEN(Table27[[#This Row],[BRIEF DESCRIPTION OF NC if VOID: "VOID, Location, details (initials, date)"]]))), 1)) <= 57)), 1) - 1), FIND(":", Table27[[#This Row],[BRIEF DESCRIPTION OF NC if VOID: "VOID, Location, details (initials, date)"]]) + 2, LEN(Table27[[#This Row],[BRIEF DESCRIPTION OF NC if VOID: "VOID, Location, details (initials, date)"]]))} -> iis | G34: =MID(LEFT(Table27[[#This Row],[BRIEF DESCRIPTION OF NC if VOID: "VOID, Location, details (initials, date)"]], FIND(",", Table27[[#This Row],[BRIEF DESCRIPTION OF NC if VOID: "VOID, Location, details (initials, date)"]]) - 1), FIND("{token}", SUBSTITUTE(Table27[[#This Row],[BRIEF DESCRIPTION OF NC if VOID: "VOID, Location, details (initials, date)"]], " ", "{token}", 2)) + 1, LEN(Table27[[#This Row],[BRIEF DESCRIPTION OF NC if VOID: "VOID, Location, details (initials, date)"]])) -> D93 - Flash Point | H34: -2.23 | I34: 45700 | J34: JN | K34: 45700 | L34: Meets both the precision performance and reproducibility criteria. | M34: =IF(ISBLANK(K34), TODAY()-(I34), "CLOSED") -> CLOSED
